"county","census_tract","population","ozone_pollution","particle_pollution","cancer_life_prob","disposal_area","lead_area","park_area","walkability","highway_area","impaired_water","minority","minority_category","poverty","uninsured","no_high_school","unemployed","high_blood_pressure","asthma","cancer","mental_health","diabetes","env_burden_rank","health_vuln_rank","social_vuln_rank","env_justice_rank"
"Alamance",201,4058,0,9.52,36.42,0,0,100,10.54,100,41.91,40.5,"btwn_25_50",46.379,11.3,14.2,8.4,36.5,10.5,7.1,15.7,13,0.5782,0.8,0.8754,0.8946
"Alamance",202,4093,0,9.52,35.58,0,0,100,8.58,99.37,10.64,63.9,"btwn_50_75",74.3074,16.8,28.1,10.5,40.5,11.7,6.3,19.1,17,0.5599,0.8,0.9821,0.9179
"Alamance",203,7400,0,9.51,34.74,0,0,98.72,7.33,85.16,8.66,75.2,"greater_75",58.47,21.3,26.5,6.2,40.5,10.8,7.2,16.3,15.9,0.6145,0.8,0.9818,0.9314
"Alamance",204,6746,0,9.47,34.88,0,0,63.31,6.27,30.05,14.09,81.2,"greater_75",59.0714,16.6,17.5,8.3,44.7,11.8,6.1,17.2,18.8,0.308,0.8,0.9778,0.8472
"Alamance",205.01,3819,0.33,9.49,34.52,0,0,8.12,6.75,0,29.82,30,"btwn_25_50",36.5298,13,8.4,8.9,33.2,10.2,6.5,15.4,11,0.41,0,0.6804,0.4081
"Alamance",205.02,4012,0,9.48,35.07,0,0,81.08,7.56,24.44,10.4,69,"btwn_50_75",46.1422,16.1,27.6,10.6,38.3,11.3,5.5,17.4,14.3,0.3319,0.8,0.9616,0.8497
"Alamance",206.01,3113,0.33,9.52,36.85,0,0,17.39,6.94,76.45,26.84,6.6,"less_25",8.4306,2.5,4,0.6,35.7,8,10.4,9.2,10.1,0.5874,0.4,0.0113,0.3539
"Alamance",206.02,2638,0,9.51,35.14,0,0,97.08,7.5,62.46,46.02,11.7,"less_25",21.4789,4.8,3.8,1.7,36,8.5,10,10.7,10.5,0.4441,0.4,0.4125,0.5015
"Alamance",207.01,4973,0,9.53,39.13,0,0,13.78,9.08,99.29,3.58,25.3,"btwn_25_50",29.8701,6.9,6.8,3.9,35.8,9,9.1,11.7,11.3,0.5341,0.4,0.5567,0.6184
"Alamance",207.02,4941,0,9.53,36.07,0,0,42.66,8.54,81.16,11.53,49.2,"btwn_25_50",51.1233,11.2,16.3,13,33.9,10.8,6.5,17,12.4,0.5252,0.6,0.8084,0.798
"Alamance",208.01,1661,0,9.53,35.02,0,0,15.24,6.25,41.11,12.61,40.3,"btwn_25_50",34.1963,11,18.2,3.9,37,10,8.2,14.9,12.6,0.5245,0.6,0.7095,0.7618
"Alamance",208.02,5915,0,9.53,35.94,0,0,100,8.72,78.08,44.99,75.5,"greater_75",76.4426,25.3,42.6,5.2,40.1,12.4,6.1,20.8,17,0.5386,0.8,0.9826,0.9126
"Alamance",209.01,3406,0,9.54,34.96,0,0,27.51,8.61,79.77,41.2,39.5,"btwn_25_50",31.65,10.4,10.4,2.5,34.6,9.4,7.1,13.9,11.5,0.4127,0,0.7401,0.4431
"Alamance",209.02,3459,0,9.53,34.34,0,0,70.1,4.75,2.52,18.61,22.6,"less_25",26.0769,7.6,11.4,3.3,35.6,9.8,7.6,14.4,12,0.0962,0.4,0.4962,0.3497
"Alamance",210,3999,0,9.55,35.23,0,0,96.08,9.56,73.46,19.85,65.6,"btwn_50_75",74.0015,19.4,25.7,10.8,42.4,12.3,6.5,20.2,18,0.6829,0.8,0.9939,0.9505
"Alamance",211.01,2718,0,9.54,35.17,0,0,87.29,8.56,98.03,8.25,41,"btwn_25_50",43.1003,6.7,9,4.3,37.8,10,7.5,14.3,13.1,0.5892,0.6,0.601,0.7456
"Alamance",211.02,3369,0,9.54,34.72,0,0,11.63,7.33,29.63,5.23,38.3,"btwn_25_50",48.878,12.1,14.9,2.2,37,10.2,7.8,15.6,13.4,0.3683,0.8,0.7881,0.806
"Alamance",212.01,5565,0,9.48,33.26,0,0,51.8,5.78,44.39,5.23,47.1,"btwn_25_50",48.5853,21.6,18.1,2,39.6,11,6.8,16.9,16,0.5017,0.8,0.8864,0.8766
"Alamance",212.04,4976,0,9.51,34.17,0,0,0,5.17,29.63,5.7,30.5,"btwn_25_50",32.4896,8.3,12.2,2.9,34.2,9.5,7.2,13.6,10.9,0.2429,0,0.6077,0.2655
"Alamance",212.05,6830,0,9.48,34.49,0,0,42.8,8.06,100,6.07,38.8,"btwn_25_50",31.6846,4.6,6.7,7,31.2,9.6,6.7,13.4,9.9,0.4936,0,0.4802,0.3394
"Alamance",212.06,5029,0,9.48,34.02,0,0,50.47,7.17,99.31,1.4,41.2,"btwn_25_50",32.0342,9.6,6,5,30.8,9.6,5.8,13.8,9.6,0.5569,0,0.604,0.448
"Alamance",212.07,3476,0,9.45,33.28,0,0,61.31,9.92,81.2,1.4,21.3,"less_25",38.061,7.9,8.9,6.9,34.1,10.1,7.2,14.9,11.7,0.4957,0,0.5271,0.3682
"Alamance",213,6018,0,9.32,30.74,0,0,8.14,4.23,0,18.45,35.1,"btwn_25_50",28.4665,8.9,11,4.7,39.6,10.1,7.2,13.9,13.8,0.047,0.4,0.6104,0.3886
"Alamance",214,2748,0,9.34,31.45,0,0,12.59,3.42,0,12.8,10.2,"less_25",24.1266,9.1,11.2,5,37.6,9.5,8.1,13.5,11.5,0.1431,0.4,0.6154,0.4465
"Alamance",215,4760,0.33,9.33,31.49,0,0,0.05,4.29,0,11.31,13.7,"less_25",30.8824,7.7,10.2,5.9,35.4,9.5,7.5,13.9,11.4,0.168,0.4,0.4741,0.3797
"Alamance",216,7553,0.33,9.45,33.86,0,0,0,5.67,0,24,23.1,"less_25",27.4838,8.3,17.4,5,24.6,10.4,5.1,16.6,7.3,0.2964,0.4,0.6393,0.5427
"Alamance",217.01,3432,0.33,9.53,35.23,0,0,28.84,8.06,62.41,2.36,12.6,"less_25",9.7699,1.6,4.3,0,36.3,7.8,11.1,8.7,9.5,0.3628,0.4,0.3577,0.4249
"Alamance",217.02,6911,0.33,9.52,35.48,0,0,21.99,8.44,60.68,3.38,18,"less_25",35.4833,5.6,3.2,3.4,25.5,9.8,5.6,14.5,8.4,0.4104,0,0.237,0.1573
"Alamance",217.03,6408,0.33,9.53,41.06,0,0,59.91,8.08,52.89,0,34.3,"btwn_25_50",20.2419,7.4,7,5.1,31.6,9.2,6.9,12.8,9.4,0.615,0,0.4795,0.4104
"Alamance",218.01,4858,0,9.51,33.25,0,0,4.31,4.5,0,7.07,10.7,"less_25",26.4924,12.5,6.3,2.2,35.2,9.2,8,13,10.9,0.415,0.4,0.3398,0.4444
"Alamance",218.02,3743,0,9.49,32.77,0,0,14.61,3,0,23.65,6.2,"less_25",32.0755,9.5,10.7,1.6,31,9.5,6.6,14.8,9.8,0.065,0,0.3179,0.0555
"Alamance",218.03,3246,0,9.47,32.1,0,0,0,4.08,0,0.64,9.6,"less_25",36.6297,15.2,13.3,1.9,35.4,9.9,7.3,15.3,11.4,0.1269,0.2,0.4304,0.2139
"Alamance",219.01,4819,0,9.51,33.6,0,0,2.28,4,0,15.46,11.8,"less_25",19.1569,9.5,11.4,3.1,32.7,9.4,7.4,13.6,10.1,0.2756,0,0.2931,0.1219
"Alamance",219.02,4139,0,9.46,32.43,0,0,8,3.28,0,3.15,21.5,"less_25",22.59,11,10.1,3.1,32.3,9.2,6.7,13.4,9.8,0.0467,0,0.3781,0.0675
"Alamance",220.01,4044,0,9.51,33.57,0,0,0,4.75,0,15.63,25.4,"btwn_25_50",23.9147,7,14.3,5.8,33.4,9.7,7.1,14.1,10.8,0.3139,0,0.5034,0.2466
"Alamance",220.02,4449,0,9.5,33.68,0,0,2.27,3.89,0,3.57,26.7,"btwn_25_50",44.9764,12.1,17.6,7.1,33.5,10.1,6.4,15.2,11.3,0.1213,0,0.7275,0.2644
"Alexander",401,3167,0.33,9.06,28.85,0,0,0,3.61,0,5.35,7.8,"less_25",29.7127,17.7,21,6,35.1,9.8,7.2,15.3,10.8,0.1204,0.2,0.6827,0.3567
"Alexander",402,3910,0,8.87,28.57,0,0,0,3.72,9.65,3.5,10.5,"less_25",39.8816,7.8,21.2,3.5,36.9,10.1,7.6,15.8,12.6,0.0674,0.8,0.4895,0.5534
"Alexander",403,3164,0.33,9.17,30.79,0,0,0,4.92,22.99,6.66,3.5,"less_25",32.4589,5.2,16.1,3.8,37.2,10.4,7.5,16.9,13.5,0.1208,1,0.5547,0.7
"Alexander",404,6761,0.33,9.17,30.53,0,0,0,7.7,61.95,16.46,27.5,"btwn_25_50",39.9419,7.9,19.2,6.3,40.2,10.4,8.1,16.1,14.2,0.3855,1,0.8915,0.901
"Alexander",405,7016,0.33,9.39,30.9,0,0,0,4.42,26.93,0,15.6,"less_25",49.5484,10.8,17.8,4,36.4,10.2,6.9,16.4,12.1,0.3242,0.4,0.7359,0.6039
"Alexander",406,6372,0.33,9.39,32.71,0,0,8.4,4.83,1.49,10.18,14,"less_25",28.9869,5.4,19.8,6.6,33.8,9.3,6.4,14.6,10.1,0.1589,0,0.6122,0.2214
"Alexander",407,6823,0.33,9.4,33.02,0,0,0.01,6.04,0,8.08,4.5,"less_25",30.8484,8.7,11.1,5.1,36.3,9.6,8,14.2,11.8,0.2772,0.4,0.3921,0.3957
"Alleghany",9501,4117,0,7.95,22.42,0,0,30.92,4.58,21.47,3.18,8.2,"less_25",42.3852,12.2,25.8,5.7,38.7,10.1,8.4,15.4,13.8,0.0328,0.6,0.6846,0.5336
"Alleghany",9502,3711,0,7.81,21.72,0,0,0,7.54,39.27,6.11,19,"less_25",51.3198,10.6,21.1,2.2,41.7,11,8.8,17.7,16.9,0.0696,1,0.8607,0.7968
"Alleghany",9503,3180,0,7.73,21.23,0,0,15.88,3.28,20.16,6.76,12.6,"less_25",46.8553,10.9,19.8,3.5,38.3,9.9,8.8,14.9,14.4,0.0285,0.6,0.7356,0.557
"Anson",9201,3031,0,8.91,34.87,0,0,0,4.11,16.7,11.61,52.9,"btwn_50_75",45.2326,7,22.5,7.5,44.2,10.9,7,15.2,15.2,0.5001,0.6,0.756,0.7698
"Anson",9202,1881,0,9.04,34.55,0,0,34.96,4,26.27,20.45,57.8,"btwn_50_75",42.9559,13.9,20.2,4.3,43.6,11.1,7.2,16.5,16.5,0.2314,0.8,0.7295,0.735
"Anson",9203,7496,0.33,9.17,34.7,0,0,0,4.5,13.81,19.38,34.3,"btwn_25_50",32.3813,9.8,19.6,4.5,38.1,10,5.7,16.3,12.7,0.3373,0.6,0.6722,0.6723
"Anson",9204,3175,0,9,36.26,0,0,11.02,5.89,41.5,14.5,82.8,"greater_75",62.3622,13,15.8,12.7,47.9,12.4,6.7,18,19,0.5817,0.8,0.8633,0.8922
"Anson",9205,5566,0.33,8.98,35.98,0,0,0,7.5,39.69,4.45,65.1,"btwn_50_75",50.1498,12.6,18.4,9.9,44.2,10.7,8,14.9,15.4,0.3766,0.8,0.9181,0.85
"Anson",9206,3753,0,8.94,33.96,0,0,0,2.17,10.42,2.04,60.7,"btwn_50_75",47.8922,11.2,19.3,11.7,46.9,11.6,6.5,16.5,16.3,0.101,0.8,0.8974,0.7489
"Ashe",9702,2958,0,7.6,20.13,0,0,3.28,3.44,0.35,6.03,7.9,"less_25",51.5583,12.5,19.6,2.9,41.1,10.2,8.4,15.6,13.5,0.0859,0.8,0.4875,0.5616
"Ashe",9703,2573,0,7.62,20.28,0,0,42.22,3.25,0.04,3.11,2.1,"less_25",42.0521,15,19.5,4.3,42.9,10.6,9,16.2,15.2,0.0142,1,0.5979,0.6735
"Ashe",9704,5029,0,7.63,21.29,0,0,58.59,7.54,19.25,17.5,10.4,"less_25",37.2028,12,15.2,5.6,37.6,9.8,8.6,14.4,12.3,0.0553,0.6,0.7408,0.5731
"Ashe",9705,5839,0,7.65,21.37,0,0,22.76,6.6,30.96,5.67,10.4,"less_25",43.9112,16.9,15.9,6.7,38.7,10.2,8.7,15.6,13.9,0.199,0.8,0.8374,0.7628
"Ashe",9707,5230,0,7.67,21.09,0,0,7.74,3.33,20.18,1.55,5.7,"less_25",22.9063,8.7,10.2,0,32.8,8.9,8,12.3,9.8,0.0316,0.2,0.3438,0.1246
"Ashe",9708,5234,0,7.66,21.06,0,0,23.41,3.56,11.18,5.74,5.6,"less_25",41.5373,11.1,13.7,2.1,36.8,9.5,8.4,14,12.3,0.2792,0.6,0.6409,0.6324
"Avery",9301,3570,0,7.68,20.56,0,0,100,7.11,8.15,5.38,12,"less_25",45.9627,15.6,11.2,10.1,31.1,9.8,6.8,15.1,10,0.0213,0,0.8411,0.2722
"Avery",9302,2348,0,7.77,20.77,0,0,100,8.33,26.66,15.24,3.1,"less_25",37.3055,17.4,6.7,2.1,39.7,8.7,9.9,11.4,11.7,0.0421,0.4,0.5496,0.3492
"Avery",9303.01,3252,0,7.7,19.89,0,0,100,7.46,20.95,0,9.8,"less_25",49.7506,22.9,18,3.3,38,10.1,8.4,15.3,13.2,0.019,0.6,0.8506,0.6085
"Avery",9303.02,2566,0.67,7.73,19.92,0,0,100,4.17,40.22,0.52,2.7,"less_25",52.3772,12.6,17.1,5.4,39.4,10.4,7.9,16.7,13.6,0.0239,1,0.5709,0.6655
"Avery",9304,5770,0,7.85,21.54,0,0,100,5.67,56.61,0,18.8,"less_25",41.7096,10.8,21.5,1.3,33.8,9.2,6.1,15.1,10.9,0.0843,0,0.6251,0.1885
"Beaufort",9301,4981,0,7.55,24.99,0,0,6.64,6.03,18.9,36.47,37.6,"btwn_25_50",38.1185,7.6,11.3,5.6,43.5,10.5,8.3,14.9,16.5,0.0989,0.8,0.8202,0.7181
"Beaufort",9302,6572,0,7.91,26.85,0,0,0.93,5.5,16.71,8.24,28.8,"btwn_25_50",33.3181,19.8,16.2,5.6,38.1,10.5,7,16.2,13.1,0.4333,0.8,0.8092,0.8344
"Beaufort",9303,3714,0,8,28.09,0,0,0,10.5,100,54.61,64,"btwn_50_75",67.5069,13.7,16.6,11.7,44,12.4,6.8,19.1,18.7,0.9236,0.8,0.9876,0.9928
"Beaufort",9304,4724,0,7.96,27.8,0,0,0,9.13,68.05,31.13,50.1,"btwn_50_75",53.3619,5.5,15.3,11,43.9,10.8,8.8,14.6,16.3,0.8304,0.8,0.9483,0.9727
"Beaufort",9305.01,4435,0,7.86,27.27,0,0,0,5.39,18.5,53.58,31.2,"btwn_25_50",43.5175,17.8,16.5,10.4,37.3,9.5,7.8,13.2,13.1,0.365,0.6,0.8747,0.7638
"Beaufort",9305.02,3866,0,7.85,27.26,0,0,0,6.25,39.88,20.79,30,"btwn_25_50",41.2071,10.4,14.1,4.5,37.1,10,7.5,15.1,12.5,0.3633,0.6,0.796,0.7343
"Beaufort",9306,3174,0,7.75,26.4,0,0,15.48,3.92,29.88,29.82,5.7,"less_25",15.5325,8,1.8,2.2,35.7,9,8.5,12.4,11,0.1458,0.4,0.1517,0.1827
"Beaufort",9307,2552,0,7.55,25.08,0,0,0,4.33,6.93,36.23,5.9,"less_25",27.547,9.9,8.4,3.9,41.6,9.7,9.2,13.7,14.7,0.0593,0.6,0.4095,0.3955
"Beaufort",9308,2628,0,7.51,25.94,0,0,15.39,4.28,0,28.56,49.8,"btwn_25_50",46.0739,12.7,8.9,8.2,44.8,11.1,8.1,15.7,17.9,0.1589,1,0.8495,0.8235
"Beaufort",9309,4297,0,7.78,26.98,0,0,0,3.22,0.15,25.42,23.9,"less_25",33.6979,8.7,9.8,5.6,44.4,9.8,9.7,12.7,16.1,0.1174,0.6,0.4652,0.4596
"Beaufort",9310,6225,0,8,27.05,0,0,0,4.79,37.35,13.66,38.6,"btwn_25_50",49.9518,12.9,11,8.5,38.2,10.8,6.7,16.8,14.1,0.5718,0.8,0.8427,0.8838
"Bertie",9601,5616,0,7.83,25.86,0,0,2.87,3.58,14.74,4.69,49.2,"btwn_25_50",41.6667,13.1,17.2,9,44.8,10.9,7.8,15.1,16.6,0.058,0.8,0.7228,0.6592
"Bertie",9602,3953,0,8.04,26.64,0,0,0,4.06,10.66,0,68.7,"btwn_50_75",47.1311,12.9,24,9.7,47.4,12.3,7,17.3,18.5,0.0642,0.8,0.9254,0.7455
"Bertie",9603,3276,0,8.09,26.71,0,0,14.63,2.78,2.35,0,83.8,"greater_75",57.335,11.9,20.5,14.7,49.6,12.1,6.9,16.1,20.1,0.0632,0.8,0.9011,0.7365
"Bertie",9604,6535,0,7.79,26.3,0,0,32.06,5.02,20.52,0.68,68.3,"btwn_50_75",49.6012,9.8,24.7,11.7,46.8,11.3,7,15.8,17.4,0.1457,0.8,0.9667,0.7907
"Bladen",9501,5080,0,8.34,29.48,0,0,34.95,3.33,8.13,0.27,33.8,"btwn_25_50",46.2488,13.7,21.6,7.4,42.4,11.1,7.5,16.9,16.7,0.0239,1,0.9144,0.7996
"Bladen",9502,3099,0,8.79,30.84,0.08,0,46.56,3.5,3.79,0.32,41.2,"btwn_25_50",46.0471,21.7,24,9.1,39.8,11.1,6.7,16.6,15.5,0.3577,0.8,0.9188,0.8443
"Bladen",9503,6549,0,8.83,30.79,2.7,0,0,3.47,0,0.04,46.6,"btwn_25_50",52.6894,15,21.5,5.6,39.9,11.2,6.9,17.4,15.9,0.497,0.8,0.9219,0.8851
"Bladen",9504,6281,0,8.55,30.18,5.85,0,5.95,7.67,21.46,0,57.2,"btwn_50_75",55.5244,10.9,17.8,1,45.1,11,7.7,14.8,16.5,0.5661,0.8,0.8339,0.8799
"Bladen",9505,6646,0,8.61,29.74,0,0,0,3.92,0,5.44,24.7,"less_25",36.1631,7.2,13,5.8,39.6,10.8,7.6,16.1,14.4,0.1479,1,0.6521,0.7496
"Bladen",9506,5752,0,8.21,29.33,0,0,4.95,3.31,6.92,5.04,66.6,"btwn_50_75",50.4702,13.8,18.1,3.7,46.5,12.4,7.1,18.1,20.2,0.0858,0.8,0.8822,0.7379
"Brunswick",201.01,2554,0,7.65,29.46,8.26,0,24.43,2.5,16.42,10.84,62.6,"btwn_50_75",49.6868,20.5,18.5,7.3,37.3,11.4,5.4,17.5,13.9,0.6741,0.8,0.8217,0.9061
"Brunswick",201.02,5186,0,7.63,29.83,0,0,0,5.33,57.47,0.19,28.6,"btwn_25_50",27.5742,13.2,10.2,8,25.8,9.2,4.8,14.4,7.9,0.3682,0,0.5872,0.3281
"Brunswick",201.03,8929,0,7.54,29.33,0,0,0,6.78,79.89,13.82,20,"less_25",20.3718,5.4,8.3,4.8,34.2,9,7.9,12.1,10.7,0.3816,0.2,0.4543,0.3758
"Brunswick",201.04,5816,0,7.52,30.21,0,0,0,9.89,77.29,20.14,40.6,"btwn_25_50",45.0424,13.4,9.2,8,36.7,10.4,6.3,16.2,12.6,0.6418,0.8,0.7613,0.8807
"Brunswick",202.01,4564,0,7.48,29.82,0,0,0,6.58,72.62,52.36,33.6,"btwn_25_50",26.5995,11.1,9.5,4.9,27.3,9.6,5.2,14.2,8.1,0.2144,0,0.4044,0.1442
"Brunswick",202.02,9327,0,7.32,28.31,0,0,5.67,5.67,4.34,16.1,16.8,"less_25",15.894,3.6,5.3,3.3,32.4,9,7.7,12.2,10.1,0.1843,0.2,0.2719,0.1619
"Brunswick",202.03,2748,0,7.44,27.84,0,0,0,4.25,34.74,0.15,21.4,"less_25",35.0493,12,16.8,5.9,33.1,10,6.7,15,11.1,0.0896,0,0.5216,0.1404
"Brunswick",202.04,6847,0,7.31,25.93,0,0,0,6.38,15.21,3.7,21.3,"less_25",42.0898,11.8,13.6,9,34.5,9.6,7.8,14.1,11,0.0657,0.2,0.8147,0.4022
"Brunswick",203.03,4029,0,7.32,24.12,0,0,0,5.58,33.14,21.99,11.6,"less_25",21.9657,5.6,5.8,6.9,41.2,9.2,9.8,11.7,13.4,0.0299,0.6,0.3158,0.3216
"Brunswick",203.04,8049,0,7.22,24.13,0,0,0,7,34.99,23.32,3.3,"less_25",17.4307,5.2,2,4.4,41.5,8.1,11.5,8.6,12.7,0.1008,0.6,0.1173,0.2471
"Brunswick",203.05,2795,0,7.14,23.88,0,0,4.21,10,57.17,41.03,13.7,"less_25",28.6382,7.4,2.4,3.4,37,8.7,9.2,10.7,11.4,0.2492,0.4,0.328,0.3411
"Brunswick",203.06,2167,0,7.14,23.87,0,0,8.97,8.56,58.61,38.28,8.8,"less_25",18.2139,7,9.4,2.1,40.5,9,10.6,11.5,12.9,0.3167,0.6,0.3474,0.5052
"Brunswick",203.07,230,0,6.98,18.96,0,0,95.17,8.5,21.94,43.69,5.7,"less_25",4.7826,0,0,0,39.8,7.3,12.3,6.6,11.3,0.0052,0.4,0.0091,0.0645
"Brunswick",203.08,1896,0,7.25,21.38,0,0,0,5.08,0,55.97,0.9,"less_25",19.5664,9.7,3.5,5.3,36.6,8.6,9.6,10.8,11,0.0195,0.4,0.1961,0.1426
"Brunswick",203.09,2968,0,7.2,21.54,0,0,0,6.94,0,44.52,0.5,"less_25",18.8679,6.5,3.9,3,35.2,8.8,8.9,11.5,10.4,0.0126,0.4,0.0819,0.0922
"Brunswick",203.1,2568,0,7.12,21.17,0,0,18.08,7.37,9.2,37.82,2.5,"less_25",20.3436,6.5,5.9,1.5,39,8.8,10.2,11,12.1,0.0679,0.4,0.2128,0.1742
"Brunswick",204.02,3393,0,7.36,22.3,0,0,0,6.67,0,50.95,3.2,"less_25",19.0687,9.1,8.3,1.6,39.5,9.2,9.7,12.4,12.8,0.0152,0.6,0.3765,0.3492
"Brunswick",204.03,5336,0,7.44,22.88,0,0,0,5.33,5.35,34.38,18.4,"less_25",55.8471,19.8,15,11,39.1,10.6,8,16.7,14.6,0.0256,1,0.8063,0.7611
"Brunswick",204.04,2800,0,7.43,24.58,0,0,0,5.06,26.2,28.03,20.9,"less_25",29.25,13,12.2,6.7,39.3,9.9,7.6,14.6,12.8,0.0398,0.6,0.549,0.4628
"Brunswick",204.05,3312,0,7.39,24.2,0,0,0.99,5.33,21.62,17.74,5.4,"less_25",31.401,19.9,17.1,6.2,40.3,9.9,9.3,13.9,13.9,0.0182,0.6,0.6858,0.5268
"Brunswick",205.04,2045,0,7.74,26.77,0,0,14.48,4.67,38.03,0,14.3,"less_25",12.9095,2.2,4.7,0,45.1,8.6,11.7,9.7,14.4,0.0119,0.6,0.0788,0.1793
"Brunswick",205.05,4496,0,7.72,27.04,0,0,10.37,5.11,12.03,0.01,29.7,"btwn_25_50",45.1068,17.9,15.2,8.4,38.9,10.7,6.7,16.6,14.2,0.0152,0.8,0.8172,0.6819
"Brunswick",205.06,5352,0,7.52,25.32,0,0,19.15,7.67,24.75,33.4,19.8,"less_25",31.9197,5.8,11.2,3.1,38.7,9.8,8.6,14,12.8,0.0747,0.6,0.4586,0.4318
"Brunswick",205.07,7639,0,7.73,26.9,0,0,0,6.23,68.22,0.59,9.3,"less_25",15.2376,5,4.7,7.9,43.8,8.6,11.8,10.2,13.7,0.0343,0.6,0.2108,0.2623
"Brunswick",205.08,2992,0,7.62,26.29,0,0,0,5.58,44.26,4.38,6.3,"less_25",11.2968,1.4,2.6,25.9,43.3,8.5,11.5,9.7,13.7,0.0309,0.6,0.1669,0.2361
"Brunswick",205.09,4861,0,7.6,24.92,0,0,0,5.83,1.06,60.08,5.2,"less_25",34.7871,9,3.4,10.8,40.8,8.4,10.8,10.1,12.9,0.129,0.6,0.382,0.4196
"Brunswick",205.1,2039,0,7.55,25.2,0,0,0,8.72,0,59.58,12.2,"less_25",32.7612,7.5,6.1,1.7,40.7,9.3,9.8,12.7,13.4,0.0814,0.6,0.3821,0.3923
"Brunswick",205.11,2412,0,7.47,25.11,0,0,0,6.33,0,50.93,1.3,"less_25",30.6385,11.2,5.7,2.2,39.9,9.2,9.4,12.4,12.6,0.1008,0.6,0.3573,0.389
"Brunswick",205.12,932,0,7.54,24.88,0,0,0,7.58,0,55.78,4.4,"less_25",12.7682,1.7,1.4,4.5,39.3,8,11.2,8.6,11.6,0.0869,0.4,0.1073,0.1327
"Brunswick",206.01,4826,0,7.63,27.81,0,0,36.22,6,6.76,0.69,37.5,"btwn_25_50",33.7091,15.8,12.2,2.4,36.3,10.2,7.3,15.4,12.5,0.0091,0.4,0.8213,0.4862
"Brunswick",206.02,5378,0,7.57,28.12,0,0,4.17,3.08,15.39,0.57,22.8,"less_25",31.328,14.8,17.4,3.8,36.2,10.6,6.6,16.8,12.7,0.3363,0.8,0.6794,0.7555
"Brunswick",206.03,3329,0,7.39,26.02,0,0,0.47,6,50.34,0.78,30.1,"btwn_25_50",40.9553,14.8,16.4,3.5,39.3,11,6.4,16.9,14.6,0.067,0.8,0.8167,0.7034
"Brunswick",9901,0,NA,NA,NA,NA,0,NA,1,NA,NA,0,"less_25",0,NA,NA,NA,NA,NA,NA,NA,NA,NA,NA,NA,NA
"Buncombe",1,1445,0.67,8.32,29.66,0,0,0,19.5,100,10.91,30.4,"btwn_25_50",52.6539,10.1,17.4,1.8,35.7,9.9,6.8,15.4,12.6,0.4576,0.4,0.8295,0.7049
"Buncombe",2,1402,0.67,8.33,30.62,0,0,0,17.08,100,10.91,38.9,"btwn_25_50",42.0902,9.6,2.9,3.1,28,10.4,4.6,15.4,8.3,0.5698,0.2,0.2689,0.3776
"Buncombe",3,2396,0.67,8.32,30.64,0,0,0,14.67,100,10.91,26.4,"btwn_25_50",44.803,8.9,3.3,3.4,25.2,10.3,4.5,16,8,0.5388,0.2,0.3313,0.396
"Buncombe",4,3899,0.67,8.31,29.65,0,0,0,15.33,100,10.91,15.7,"less_25",48.9275,9.1,5.3,6.3,20.9,10.2,4.2,17.2,5.9,0.5104,0.2,0.4703,0.4585
"Buncombe",5,3559,0.67,8.29,27.81,0,0,0,13.78,84.15,10.85,7.2,"less_25",13.5431,8,2.3,0.5,30.7,8,8.4,9.2,7.6,0.2538,0.2,0.1115,0.1207
"Buncombe",6,1871,0.33,8.31,28.55,0,0,0,15.75,100,10.8,17.5,"less_25",40.9871,12.3,7.6,3.1,26.7,9,5.1,13.4,7.6,0.2129,0,0.4271,0.154
"Buncombe",7,1605,0.67,8.32,28.77,0,0,0.74,18.17,100,10.86,41.4,"btwn_25_50",42.6158,13.5,2.4,1.1,31.8,9.6,5.7,12.7,10,0.2047,0,0.315,0.1014
"Buncombe",8,3454,0.33,8.34,29.72,48.23,0,8.01,14.22,100,7.74,25.2,"btwn_25_50",24.2961,8.4,3.8,2.4,32.7,8.8,7.9,11.3,9.3,0.6338,0.2,0.2713,0.4163
"Buncombe",9,2996,0.33,8.35,30.27,0,0,75.25,16.67,100,10.2,51,"btwn_50_75",65.5011,12.7,15.7,9.6,45,12.1,6.4,18.8,18.3,0.4324,0.8,0.8951,0.8596
"Buncombe",10,4811,0.67,8.35,29.75,0,0,85.46,15.56,100,4.87,22.6,"less_25",42.5275,14,9,2.9,27.7,9.6,5.1,14.5,7.6,0.3919,0,0.4681,0.271
"Buncombe",11,5573,0.67,8.36,29.78,0,0,3.88,14.56,100,2.74,19.1,"less_25",18.8721,9.8,4.4,3.1,28.6,8.6,6.9,11.4,7.4,0.5341,0,0.3994,0.314
"Buncombe",12,4903,0.67,8.35,28.64,0,0,0,14.1,100,2.44,8.3,"less_25",30.2707,9.2,7.6,3.4,27.7,8.9,6.7,12.6,7.7,0.6701,0,0.4938,0.4497
"Buncombe",13,4551,0.67,8.34,28.24,0,0,0,10.92,91.55,4.89,24.3,"less_25",52.1424,13.7,13.8,2.9,31.7,9.7,6.3,15.2,9.7,0.6629,0,0.8033,0.6069
"Buncombe",14,6950,0.33,8.32,29.23,0,0,0,11.23,63.69,11.28,30.7,"btwn_25_50",48.4148,21.1,17.6,5.2,33.3,10.3,6.2,16.7,10.7,0.5566,0.2,0.9323,0.7058
"Buncombe",15,2711,0.67,8.31,29.74,0,0,0,13.33,90.44,10.91,27.8,"btwn_25_50",52.1158,20.8,17.9,4.2,30.2,9.6,6.7,14.8,9,0.3928,0,0.8627,0.5008
"Buncombe",16,6514,0.67,8.27,28.98,0,0,0,11.42,66.97,7.9,11.9,"less_25",28.4868,7.7,5.6,4.7,33.2,8.8,8.5,11.6,9.8,0.3219,0.2,0.5629,0.4049
"Buncombe",17,2728,0.33,8.23,25.69,0,0,0,7.33,3.78,10.72,7.9,"less_25",28.3779,9,5.1,2.3,37.7,8.4,10.3,9.8,10.2,0.0575,0.4,0.2346,0.18
"Buncombe",18.01,3391,0.67,8.3,27.47,4.51,0,0,13.33,72.09,7.66,15.6,"less_25",35.4468,7.6,2.6,1.3,35.8,9.2,8.7,12,10.6,0.4124,0.4,0.4586,0.509
"Buncombe",18.02,5062,0.33,8.28,26.18,0,0,0,8.11,37.54,7.66,16,"less_25",25.3949,7.9,4.1,2.7,33.5,8.7,8.6,11.4,9.6,0.1204,0.2,0.4598,0.2261
"Buncombe",19,3885,0.33,8.33,28.81,23.82,0,22.19,14,100,7.63,19.1,"less_25",37.7749,12.7,10.6,1.7,37,9.4,9.1,12.6,11.1,0.5636,0.4,0.686,0.6893
"Buncombe",20,6446,0.33,8.36,29.49,45.33,0,1.27,14.79,100,7.63,31.3,"btwn_25_50",43.758,17.1,13.7,3.1,33.2,9.9,6.4,14.3,10.2,0.6393,0,0.8257,0.6063
"Buncombe",21.01,1462,0.33,8.37,29.38,0,0,53.31,8.83,84.32,1.32,5.1,"less_25",5.8824,1.1,0.8,1.1,36.5,7.6,11,7.6,9.2,0.3242,0.4,0.0078,0.1999
"Buncombe",21.02,5740,0.33,8.38,28.94,0,0,25.72,10.67,98.37,6.6,36.6,"btwn_25_50",52.8509,11.3,20.9,3.9,34.1,10,6.6,15.4,11.4,0.3388,0,0.9171,0.5009
"Buncombe",22.03,4429,0.67,8.38,30.53,0,0,15.94,12,99.98,10.64,39.2,"btwn_25_50",35.6062,11.4,18.5,2.4,29.9,9.8,6.1,15.1,10,0.7717,0,0.8965,0.6968
"Buncombe",22.04,9453,0.67,8.37,29.59,0,0,75.97,14,91.61,2.78,13.7,"less_25",17.296,4.4,2.1,0.2,30.3,8.1,8.3,10.1,8.2,0.3747,0.2,0.2019,0.2242
"Buncombe",22.05,7406,0.67,8.4,29.85,0,0,0.09,8.72,56.89,13.35,19.6,"less_25",21.4482,6.3,4.4,1.6,31.3,8.8,7.9,11.9,9.1,0.6246,0.2,0.3166,0.4364
"Buncombe",22.06,4829,0.67,8.39,29.09,0,0,11.68,6.75,68.04,8.62,13.3,"less_25",17.491,2.1,1.2,1.9,37.7,8.3,10.6,10,10.2,0.5431,0.4,0.3865,0.5398
"Buncombe",23.01,6862,0.67,8.27,27.27,0,0,87.28,5.83,14.59,6.38,11.3,"less_25",13.2282,5.4,1.7,5.3,30.8,8.4,8,10.8,8.3,0.4822,0.2,0.3403,0.368
"Buncombe",23.02,9265,0.67,8.31,27.69,0,0,80.54,9.38,39.1,0.01,13.7,"less_25",17.8847,9.2,5,1.9,32.5,8.9,8,12.2,9.4,0.115,0.2,0.3365,0.1594
"Buncombe",24.01,3514,0.33,8.02,23.01,0,0,100,4.39,9.1,11.26,16,"less_25",55.6886,13.3,13.7,1,34,10,6.8,15.8,10.8,0.0382,0.2,0.7618,0.3549
"Buncombe",24.02,4943,0.33,8.13,24.85,0,0,99.05,4.5,8.43,11.8,21.5,"less_25",28.4038,7.1,11.7,3.1,32.2,9.5,7,14.8,9.8,0.0616,0,0.5877,0.1582
"Buncombe",25.03,4081,0.67,8.17,25.08,0,0,85.46,6.75,100,1.99,9,"less_25",36.0565,10.8,10.2,7.4,33.7,9.5,7.5,14.4,10.3,0.1517,0.2,0.7216,0.398
"Buncombe",25.04,4896,0.67,8.19,24.6,0,0,9.55,5,44.9,2.02,5.6,"less_25",35.2533,11,6.5,1.1,33.8,9.7,7.1,14.7,10.1,0.0959,0,0.4936,0.1308
"Buncombe",25.05,5313,0.33,8.29,27.82,0,0,6.43,7,59.37,0.51,10.6,"less_25",18.4814,13.5,10.1,8.9,33.2,8.7,8.5,12,9.3,0.234,0.2,0.5875,0.3677
"Buncombe",25.06,3655,0.67,8.32,27.79,0,0,6.18,7.39,28.23,4.42,25.7,"btwn_25_50",63.9672,19,18.3,6.7,35.2,10.9,6.5,18.7,12.8,0.4124,0.8,0.8859,0.851
"Buncombe",26.03,3818,0.67,8.12,23.11,0,0,0.85,4.17,0,6.44,12.4,"less_25",53.7149,12.8,17.6,4.7,36.9,10.8,7.5,17.8,13.9,0.0639,1,0.8269,0.7829
"Buncombe",26.04,5787,0.67,8.19,25.37,0,0,49.71,3.94,0,11.21,4.1,"less_25",30.534,13.9,14.3,1.9,33.1,9.6,7.3,14.2,9.8,0.1039,0,0.4275,0.106
"Buncombe",26.05,6215,0.67,8.25,26.41,0,0,0,4.89,0,31.41,16.2,"less_25",36.2884,15.9,12.9,2.6,31.4,9.8,6.6,15.4,10,0.0666,0,0.577,0.1554
"Buncombe",26.06,4462,0.33,8.26,27.78,0,0,0,5.04,0,33.92,12.5,"less_25",42.4624,19.2,11.6,1.7,33.5,9.8,7.4,15.2,11.3,0.1802,0,0.6752,0.2686
"Buncombe",26.07,4091,0.67,8.3,28.74,0,0,0,6.56,0.59,16.82,13.9,"less_25",34.5994,15.4,11.7,3.6,33.8,9.7,7.2,14.8,10.6,0.2664,0,0.6507,0.3043
"Buncombe",27.01,3861,0.67,8.27,28.82,0,0,0,5.25,65.54,12.6,11.9,"less_25",22.1285,9.9,9.2,2.1,33.8,8.6,7.2,12.3,9.6,0.4041,0,0.3877,0.2326
"Buncombe",27.02,4403,0.67,8.19,27.76,0,0,0,9.42,86.04,0,9,"less_25",23.7628,6.2,5.2,1.7,36.1,8.9,9.3,11.4,10.2,0.233,0.4,0.3325,0.334
"Buncombe",27.03,6441,0.67,8.13,25.57,0,0,0,5.89,4.28,0.79,9.3,"less_25",21.9842,10,6.4,2,35.8,9.1,8.7,12.2,10.7,0.0915,0.4,0.2463,0.2031
"Buncombe",28.03,4827,0.67,8.16,26.01,0,0,16.93,5,59.3,7.63,20.6,"less_25",49.6746,13,20,5.5,33.9,10.6,6.8,17.4,12,0.1896,0.4,0.8435,0.5911
"Buncombe",28.04,4883,0.67,8.1,25.46,0,0,0,4.89,43.66,3.38,2.2,"less_25",30.6412,8.4,6.7,1.9,32.8,9.4,7.4,13.6,10,0.2035,0,0.349,0.1148
"Buncombe",29,3814,0.33,7.98,22.87,0,0,21.37,3.94,2.25,7.11,1.8,"less_25",40.4038,17,6.2,2.5,35.8,9.9,7.7,15,11.5,0.0797,0.4,0.3884,0.2756
"Buncombe",30.01,9026,0.33,8.21,25.24,4.57,0,1.37,9.13,22.37,9.43,16.3,"less_25",30.745,8.7,10.3,3.3,34,9.4,7.9,13.2,9.9,0.4858,0.2,0.5168,0.4705
"Buncombe",30.02,6591,0.33,8.19,24.55,9.85,0,0,7.27,41.48,10.01,9.5,"less_25",39.9385,12.4,10.3,2.2,33.1,9.7,7.2,14.6,10.4,0.6564,0,0.6931,0.5499
"Buncombe",31.02,5518,0.33,8.08,23.49,0,0,43.27,6.92,20.87,9.68,10.4,"less_25",34.7385,10.4,11.6,7.1,33.1,9.4,8,13.2,9.9,0.1049,0.2,0.6594,0.3334
"Buncombe",31.03,1888,0.33,8.19,23.7,0,0,30.11,8.5,52.04,19.84,7,"less_25",25.3708,11.8,2.7,6.4,32.2,8.7,8,11.4,8.8,0.1521,0.2,0.3848,0.2026
"Buncombe",31.04,6487,0.33,8.09,23.71,0,0,7.65,9.17,16.31,2.72,15,"less_25",27.5706,8.3,11.4,2.5,38,9.3,9.2,12.7,11.4,0.0906,0.4,0.6769,0.4514
"Buncombe",32.01,1663,0.33,8.37,28.49,0,0,30.85,7,66.36,7.67,6.8,"less_25",20.7456,9.7,3,2.3,32.4,8.6,8.2,11.1,9.1,0.1747,0.2,0.4323,0.241
"Buncombe",32.02,4082,0.33,8.38,28.06,0,0,0,4.44,1.17,13.13,7.5,"less_25",20.0394,5.8,8.3,3.1,32.5,8.9,7.7,11.8,9.3,0.3324,0.2,0.3855,0.3047
"Buncombe",32.03,5774,0.33,8.32,26.9,0,0,13.55,6.94,77.49,6.02,17.6,"less_25",36.3993,5.1,6.3,0.9,32.4,9,7.7,12.5,9.6,0.1627,0.2,0.4182,0.2264
"Buncombe",32.04,5977,0.33,8.3,24.7,0,0,6.86,4.72,24.57,5.22,15.4,"less_25",35.7912,12.3,4.3,7.3,33.7,9.3,7.7,13.5,10.1,0.0789,0.2,0.4615,0.2045
"Buncombe",32.05,1278,0,8.28,24.32,0,0,1.54,5,0,0.02,3.1,"less_25",46.1659,6.2,8.8,2,37,9.6,8.3,14.4,12.2,0.0092,0.4,0.3771,0.2295
"Burke",201,4318,0,8.68,30.69,0,0,78.19,3.83,23.46,4.66,16.9,"less_25",52.4762,10,25.6,19.3,39.4,11,7.2,17.6,14.1,0.2687,0.8,0.881,0.8036
"Burke",202.01,6586,0,8.25,28.24,0,0,98.97,3.79,1.75,3.92,23.2,"less_25",36.0373,19.5,16,16.6,37.6,9.9,7.9,14.1,12.4,0.0439,0.6,0.6922,0.5429
"Burke",202.02,4222,0,8.74,31,0,0,99.97,5.75,23.52,12.27,14.8,"less_25",31.2366,10.1,11.4,8.4,38.9,9.9,8.2,14.1,12.7,0.28,0.6,0.6138,0.6201
"Burke",203.01,4962,0,8.74,31.09,0,0,5.28,3.92,74.48,0,24.3,"less_25",47.5254,9.4,19.6,4.2,36.5,10,7.2,15.3,12.3,0.2945,0.4,0.8146,0.6272
"Burke",203.02,7403,0,8.86,31.53,0,0,12.51,4.96,57.08,0.04,12.4,"less_25",39.2944,8.8,12.5,5.6,34.3,9.6,7.1,14.6,11,0.1925,0,0.6416,0.2566
"Burke",205,2818,0,8.9,34.61,0,0,68.13,9.58,100,47.39,31.5,"btwn_25_50",33.5699,20.3,11.2,4.2,36.2,9.2,7.7,12.7,11.6,0.6784,0.4,0.7252,0.7509
"Burke",206,5573,0,8.97,34.2,0,0,17.64,7.21,89.27,50.12,39.7,"btwn_25_50",47.9078,14.4,26.5,3.2,38.4,10.1,8.1,15,13.8,0.6942,0.6,0.9412,0.8897
"Burke",208.01,5457,0.33,9.07,33.53,0,0,0,5.11,35.83,10.2,9.3,"less_25",32.0337,8.3,13.3,3.4,37.7,9.7,8,14.3,11.9,0.6851,0.4,0.5939,0.7013
"Burke",208.02,3553,0.33,9.11,33.71,0,0,0,5.92,100,27.38,20.2,"less_25",41.1283,17.5,17.1,4.5,39.8,10,8.9,15,13.7,0.7095,0.6,0.7702,0.8454
"Burke",209,6901,0.33,9.25,33.1,0,0,23.68,7.17,63.16,2.09,7.7,"less_25",37.2379,7.5,16.7,4,37.6,9.6,8.5,14,11.5,0.6029,0.4,0.6849,0.7053
"Burke",210,5070,0.33,9.39,33.72,0,0,0,5.17,36.65,0.7,13.9,"less_25",33.8675,9.8,24.1,6.4,36.8,10.5,7.4,17,12.5,0.5852,0.8,0.6569,0.8342
"Burke",211,6000,0.33,9.56,33.78,0,0,15.66,5.94,41.95,2.12,9.2,"less_25",38.9167,8.5,15.4,8.3,36,10,7.4,15.8,11.7,0.8116,0.4,0.6315,0.765
"Burke",212.01,3724,0.33,9.23,32.48,0,0,1.38,3.72,25.24,11.14,5.2,"less_25",44.334,13.8,15,9.8,38.3,10,7.8,15.8,13.1,0.2076,0.8,0.6487,0.6921
"Burke",212.02,4928,0.33,9.47,33.15,0,0,0.22,5.06,39.93,0.55,13.3,"less_25",42.8187,10.8,21.7,5.8,36,9.9,7.3,15.9,11.4,0.3338,0.4,0.7685,0.6243
"Burke",212.03,4377,0.33,9.39,30.39,0,0,0,3.08,0,0,17.6,"less_25",47.4297,11,20.4,7.7,35.9,10.4,6.6,17.2,11.8,0.0811,0.6,0.6925,0.5617
"Burke",213.01,5654,0,9.04,31.28,0,0,60.58,5.22,29.77,26.48,25.9,"btwn_25_50",41.4455,11.2,22.3,6.2,33.6,10.4,6.1,17.5,11.1,0.1821,0.4,0.8226,0.5774
"Burke",213.02,3425,0,9.08,30.32,0,0,85.15,2.17,12.79,0.03,5.5,"less_25",35.6156,18.5,18.7,7.6,37.1,10.7,7.4,17.6,13.1,0.0644,0.8,0.629,0.6198
"Burke",214,4997,0,8.91,34.85,0,0,14.91,8.25,100,15.94,43.9,"btwn_25_50",64.651,16.8,24.9,4.7,38.6,10.4,7.3,16.6,14.1,0.7051,0.8,0.9905,0.9551
"Cabarrus",405,13448,1,9.82,36.46,0,0,0.69,5.58,67.41,9.6,39.7,"btwn_25_50",37.8803,7.9,12.8,6.2,28.1,9.3,5.6,14.4,9,0.4425,0,0.521,0.333
"Cabarrus",406,7091,0.67,9.82,35.32,0,0,0,4.5,7.37,0.72,15.3,"less_25",27.155,2.4,10.8,3.8,34.4,9.7,7.5,15,11.9,0.2277,0.2,0.3183,0.2076
"Cabarrus",407.01,1671,1,9.95,37.87,0,0,14.38,10.58,85.68,3.21,33.8,"btwn_25_50",39.2579,12.1,18.8,8.9,35.9,10,7.4,15.8,12.1,0.5488,0.4,0.6417,0.6635
"Cabarrus",407.02,7143,1.33,9.97,38.3,0,0,0,11.78,96.56,3.21,45.8,"btwn_25_50",39.8503,6,11.9,5.7,34.7,10.1,6.2,14.9,11.9,0.4957,0,0.7547,0.4979
"Cabarrus",407.03,2763,1.33,9.97,38.56,0,0,0,15.83,100,3.21,61.6,"btwn_50_75",58.9031,9.2,22.3,4.9,41.8,11.3,8.1,17.3,16.4,0.5008,1,0.968,0.9484
"Cabarrus",408,3760,1.33,10.01,38.09,0,0,3.74,15.11,100,3.2,35.9,"btwn_25_50",51.9871,13.2,21.5,5.7,36.6,10.4,6.9,15.8,13.1,0.7262,0.8,0.7845,0.9098
"Cabarrus",409,2003,1.33,9.99,38.69,0,0,0,14.5,100,2.97,40.9,"btwn_25_50",45.8812,12.6,10.1,6,34.9,9.8,7.5,14.6,12.1,0.5452,0.4,0.5043,0.5988
"Cabarrus",410,5842,1.33,10.01,37.75,0,0,28.31,13.58,70.77,0.19,39,"btwn_25_50",51.6779,14,24.6,9.3,35.7,10.4,6.8,16.4,12.7,0.575,0.8,0.9404,0.9111
"Cabarrus",411,6383,1.33,10.01,38.73,0,0,0,9.5,74.07,0,23.5,"less_25",25.3503,7.1,10.2,5.9,30,9.3,6.6,13.6,9.6,0.4663,0,0.3031,0.2207
"Cabarrus",412,8857,1.33,10.03,37.69,0,0,3.72,6.89,16.26,40.23,33.1,"btwn_25_50",18.8439,4.5,4.3,4.2,33.4,9,7.4,12.5,10.5,0.5363,0,0.2227,0.2149
"Cabarrus",413.01,6861,1,10.05,36.2,0,0,11.61,7,0,47.06,27.4,"btwn_25_50",12.7422,5.2,4.8,3.6,30,8.7,6.6,11.9,8.8,0.1757,0,0.2336,0.0629
"Cabarrus",413.02,11284,1.33,10.07,36.56,0,0,7.73,6.33,20.15,41.35,34.6,"btwn_25_50",8.933,3.3,3.1,0.9,23.7,8.2,5,11.2,6.4,0.62,0,0.0712,0.1796
"Cabarrus",413.03,10349,1.67,10.1,36.86,0,0,0,10.25,35.59,45.91,50.2,"btwn_50_75",8.6482,2.3,3.1,6,22.4,7.9,4.6,9.9,6,0.7578,0,0.1285,0.2864
"Cabarrus",415.01,11311,2,9.98,38.22,17.58,0,0.01,7.58,55.62,64.6,37.2,"btwn_25_50",8.2574,3.6,2.7,3.7,27.8,8.6,5.9,11.5,8.1,0.9178,0,0.0693,0.3464
"Cabarrus",415.02,8018,2,9.94,37.22,0,0,0,5.33,12.42,72.63,24.5,"less_25",16.3605,6.1,4.8,2.7,29.2,8.7,6.4,11.9,8.6,0.4508,0,0.1429,0.1324
"Cabarrus",415.03,4333,1.33,9.89,37.67,2.44,0,6.99,6.33,21.12,53.64,39.4,"btwn_25_50",19.9625,3.5,3,3.7,27,8.6,6.1,11.9,7.7,0.8293,0,0.1076,0.3162
"Cabarrus",416.01,8634,0.67,9.74,35.29,0,0,0,5.71,51.4,28.64,18.5,"less_25",22.3735,9.5,7.1,2.6,32.4,9,7.2,12.9,9.8,0.8407,0,0.2912,0.431
"Cabarrus",416.02,3982,0.67,9.68,35.25,0,0,0,3.17,8.89,19.57,12.5,"less_25",32.5465,6.1,12.6,2.5,31.5,9.5,6.9,14.2,10,0.3275,0,0.3556,0.1752
"Cabarrus",417.01,4025,0.67,9.63,35.02,0,0,12.49,6.44,36.45,8.44,3.4,"less_25",22.5306,7.1,9.4,3.8,32.4,8.9,7.1,13.1,9.8,0.2888,0,0.3349,0.1466
"Cabarrus",417.02,3672,0.67,9.65,33.77,0,6.54,0.89,4.33,33.83,3.59,13.4,"less_25",25.0136,7.7,10.2,12,33.5,9.1,7.7,13.4,10.3,0.5174,0.2,0.4689,0.4614
"Cabarrus",419.01,2216,1.33,9.98,39.99,0,0,95.63,14.67,100,0,71.3,"btwn_50_75",48.3303,15.3,36.3,4.7,40.1,11.3,6.7,18.6,16.8,0.8871,0.8,0.9587,0.984
"Cabarrus",419.02,4239,1.33,9.95,39.55,0,0,99.96,15.72,45.77,0.14,65.3,"btwn_50_75",60.2515,13.1,26,21.4,36.4,10.9,5.6,18.1,13.5,0.9058,0.8,0.9571,0.9866
"Cabarrus",420,5115,1.67,9.99,39.29,0.01,0,70.5,8.17,75.87,35.34,33.6,"btwn_25_50",42.9659,11.4,21.5,6.1,34.8,10.3,6.8,16.2,12.4,0.9755,0.4,0.7915,0.8707
"Cabarrus",421.01,3180,1.33,9.93,38.91,0,0,100,11.54,66.32,0,86.5,"greater_75",63.9493,27.3,28.7,7.9,44.1,12.1,5.8,18.7,19.4,0.5647,0.8,0.9882,0.9205
"Cabarrus",421.02,3937,1.33,9.94,38.86,0,0,35.77,10.42,100,0.53,41.9,"btwn_25_50",47.4421,7.3,13.3,7.1,32.4,10.3,5.6,16.6,11,0.6311,0.2,0.6781,0.6273
"Cabarrus",422,7066,1,9.89,38.01,0,0,73.9,6.72,54.38,2.02,18,"less_25",20.6819,6.2,7.7,4.9,32.3,9.1,7.4,13.2,9.7,0.5379,0,0.4078,0.3216
"Cabarrus",423,4078,1.33,9.93,39.79,0,0,54.81,11.63,11.99,3.16,42.5,"btwn_25_50",48.993,14.5,16.4,7.7,36.8,10,7.6,15.5,13.2,0.6598,0.8,0.9033,0.9231
"Cabarrus",424.01,3544,1.33,9.94,39.25,0,0,47.29,10.67,74.59,3,21.7,"less_25",24.8765,11.9,8.3,2.2,36.6,9,9.1,12.2,11.6,0.8513,0.4,0.4682,0.7183
"Cabarrus",424.02,6715,1.33,9.99,39.95,0,0,15.43,12.33,100,0.06,57,"btwn_50_75",32.8192,11.1,16.6,4.5,27.4,10,4.9,16.1,9.3,0.9109,0.2,0.7321,0.765
"Cabarrus",425.01,4171,1.33,10.03,39.93,0,0,19.49,9.75,81.11,13.99,23.1,"less_25",14.0719,10.8,10.1,5.2,27.7,8.4,6.6,11.2,8,0.875,0,0.2977,0.4542
"Cabarrus",425.02,2660,1.33,10,40.31,0,0,23.26,7.33,84.77,6.04,39.1,"btwn_25_50",26.8339,22.8,9.4,6.7,32.2,9.4,6.9,14.1,10.7,0.7879,0,0.5497,0.5436
"Cabarrus",425.03,4099,1.33,10.04,39.78,0,0,42.28,9.17,30.35,39.57,34.8,"btwn_25_50",34.9597,10,10.1,1.8,30.8,8.6,6.4,11.7,9,0.5668,0,0.3508,0.3045
"Cabarrus",425.04,1595,1.67,10.04,39.48,0,0,0,8.33,89.4,40.4,23.1,"less_25",2.8876,3.1,4.5,3.4,27.5,8.2,6.6,10.5,7.4,0.6368,0,0.0311,0.168
"Cabarrus",426.01,5264,1.33,10.06,39.78,0,0,39.55,6.33,74.26,41.24,19.1,"less_25",11.2003,2.7,2.8,3.1,29.7,8.3,7.5,10.5,8.7,0.7036,0.2,0.1044,0.3592
"Cabarrus",426.02,4177,1.67,10.08,39.62,0,0,0,7.39,94,73.58,37.7,"btwn_25_50",30.0384,8.9,6.7,5,28.4,9.6,5.1,15.7,9.5,0.9147,0.2,0.4046,0.6319
"Cabarrus",426.03,8096,1.67,10.04,38.95,6.54,0,23.29,6.39,59.52,59.48,34,"btwn_25_50",18.7253,6.1,7.8,1.4,28,8.7,5.9,12.3,8.2,0.8871,0,0.2152,0.4146
"Cabarrus",426.04,5033,2.67,10.02,38.67,13.63,0,0.01,9.5,95.29,73.33,29,"btwn_25_50",23.9846,6.6,5.4,7.7,29.2,8.8,6.8,12.1,8.5,0.9508,0,0.3869,0.5437
"Caldwell",301,5448,0,8.62,30.47,0,0,0,9.22,92.45,32.06,43,"btwn_25_50",63.2131,23.2,19.1,7.4,41.6,11.5,7.4,18.3,17.7,0.7425,0.8,0.974,0.9595
"Caldwell",302,4712,0,8.51,29.56,0,0,0.32,4.25,41.19,20.71,14.2,"less_25",52.9781,12,24.4,6.5,41,11.2,7.4,18.3,15.8,0.4829,0.8,0.8726,0.8672
"Caldwell",303,4170,0,8.76,32.59,0,0,0,6.21,54.67,20.8,24.1,"less_25",54.5106,15.9,21.4,15.2,39,10.9,7.2,17.6,15.7,0.6524,0.8,0.9417,0.9308
"Caldwell",304,3947,0,8.9,34.13,55.98,0,0,6.04,64.28,13,18.7,"less_25",48.8718,12.9,21.1,3.8,38.1,10.4,7.4,17,13.7,0.8539,0.8,0.8751,0.9622
"Caldwell",305,4940,0,8.67,30.72,0,0,0,7.72,80.79,30.18,21,"less_25",25.5843,8.9,11.3,9.7,38.5,9.5,9.6,12.8,12.8,0.3222,0.6,0.7451,0.6966
"Caldwell",306,4711,0.33,9.03,33.9,7.08,0,28.51,6.06,99.7,12.63,9.6,"less_25",32.5048,10.3,16.3,3.4,35.4,9.8,7.7,15.3,12.3,0.834,0.6,0.5468,0.8146
"Caldwell",307,7027,0.33,9.09,33.33,0,0,8.02,5.3,4.21,4.22,9.3,"less_25",36.6591,15.4,20,5.2,34.7,10.2,7.4,16,12.1,0.5162,0.2,0.6053,0.5355
"Caldwell",308,7646,0,8.95,31.75,0,0,6.72,4.8,16.45,6.68,5.2,"less_25",40.6987,11.6,23.7,5.9,34.3,10.3,6.8,16.6,11.8,0.4359,0.2,0.6225,0.5024
"Caldwell",309,4695,0,8.16,29,0,0,85.53,4.13,2.78,12.11,3.8,"less_25",44.6923,6.9,21.4,4,39.8,10.7,7.7,17.2,14.4,0.0437,1,0.4615,0.6255
"Caldwell",310,3226,0,7.98,25.01,0,0,88.98,4.17,24.12,0.3,4.4,"less_25",38.348,11.2,16,9.2,36.6,9.7,8.2,14.5,12.7,0.0394,0.6,0.5285,0.4516
"Caldwell",311,4252,0,8.41,27.74,0,0,0.13,3.92,7.74,9.95,8.8,"less_25",33.491,9.6,22.7,4.5,36.7,10,7.9,15,12.6,0.124,0.6,0.5235,0.4964
"Caldwell",312.01,4500,0,8.81,29.88,1.75,0,0,4.21,23.53,6.57,6,"less_25",38.5556,11.2,23.7,2.9,37,10.3,7.7,16.4,13.3,0.2922,0.8,0.5179,0.6726
"Caldwell",312.02,4387,0,9,32.7,10.34,0,0.02,5.58,30.77,10.18,4.9,"less_25",42.1488,10.3,22.7,4,34.2,10.2,6.9,16,11.9,0.5386,0.2,0.5157,0.5002
"Caldwell",313,8912,0.33,9.36,33.18,0,0,5.75,5.38,18.28,9.74,9,"less_25",25.1296,12.4,16,8.9,32.1,9.4,7,13.8,10.3,0.5944,0,0.4965,0.4084
"Caldwell",314.01,3423,0.33,9.24,33.35,0,0,2.32,5.75,2.17,0.06,3.3,"less_25",30.0146,6.3,17.8,4.3,34.3,9.9,7.4,15.3,11.4,0.5026,0,0.318,0.2487
"Caldwell",314.02,3357,0.33,9.41,33.79,0,0,4.25,7.22,62.14,2.18,13.3,"less_25",34.1456,11.8,20.3,2.9,34.1,9.5,7.3,14.4,10.3,0.7943,0,0.7229,0.631
"Caldwell",314.03,2531,0.33,9.22,33.94,0,0,34,8.75,92.32,12.51,22.3,"less_25",56.5164,17.8,28.3,10.3,35.7,11,7,18.1,13.4,0.6748,0.8,0.8932,0.9241
"Camden",9501.01,5724,0.33,7.58,24.29,0,0,37.5,4.17,17.62,4.89,20.2,"less_25",29.8043,6.5,9.2,7.1,33.9,9.8,6.7,14.4,11.3,0.1639,0,0.4989,0.1652
"Camden",9501.02,4827,0.33,7.27,23.56,0,0,30.42,3.29,6.8,15.56,18.7,"less_25",31.6138,8.7,18.7,8.1,34.8,9.7,7.4,14.1,11.4,0.1585,0,0.6873,0.2626
"Carteret",9701.01,959,0,6.71,18.22,0,0,79.89,4.5,0,39.76,1.6,"less_25",36.3322,14.3,21,1.3,46.2,9.5,11,14.1,16,0.0073,0.6,0.7051,0.5308
"Carteret",9701.02,2394,0,6.84,20.22,0,0,17.48,3.33,0,65.75,4.8,"less_25",24.5275,10.2,11,5.8,39.4,9.7,8.8,14.2,13.6,0.0362,0.6,0.3794,0.364
"Carteret",9701.03,2743,0,6.77,18.92,0,0,0,4.83,0,72.01,0.8,"less_25",32.8472,16.8,9.9,10.8,38.7,10.3,7.9,16.4,14.4,0.0297,0.8,0.4422,0.5095
"Carteret",9702,1260,0,6.73,18.18,0,0,0,6.67,0,69.74,4.7,"less_25",37.4603,12.1,15,5,44.4,10,9.6,14.7,15.8,0.015,0.6,0.613,0.4847
"Carteret",9703.01,4578,0,6.95,20.91,0,0,4.69,4.67,0,31.6,19,"less_25",27.6741,15.6,12.4,4.1,38.5,9.8,8,13.8,13,0.1011,0.6,0.5187,0.48
"Carteret",9703.02,1174,0,6.88,20.32,0,0,0,7.25,0,88.72,38.2,"btwn_25_50",42.6746,15,11.2,5.7,44.4,10.3,8.4,14.8,15.5,0.3243,0.6,0.8208,0.7288
"Carteret",9703.03,1037,0,6.87,20.03,0,0,27.39,8.67,0,80.96,20.8,"less_25",32.1476,11.9,7.7,8,36.6,9.2,8.2,12.9,12.3,0.3117,0.6,0.736,0.6883
"Carteret",9703.04,2209,0,6.83,19.39,0,0,0,8.78,0,81.56,17.2,"less_25",43.2322,7.4,8.7,5.9,39,9.9,8.6,14.5,14.5,0.1122,0.6,0.5727,0.5161
"Carteret",9704.01,1591,0,6.98,21.69,0,0,0,8.67,0,75.78,23.6,"less_25",49.3333,23.3,20,5.3,39.4,9.9,8.8,14.7,12.9,0.0572,0.6,0.9735,0.6812
"Carteret",9704.02,1315,0,6.94,21.44,0,0,0,11.33,0,87.79,28.5,"btwn_25_50",52.0963,10.5,9.3,14.2,41.7,10.7,7,16.6,15.5,0.2203,0.8,0.8268,0.7664
"Carteret",9704.03,1230,0,6.95,21.57,0,0,5.52,9.39,0.05,73.27,4.6,"less_25",25.0874,2.8,7.6,3.4,37.6,8.3,10.2,10.7,11.3,0.1896,0.4,0.4533,0.3802
"Carteret",9705.01,3073,0,7.06,23.98,0,0,79.92,8.25,61.64,55.87,28.6,"btwn_25_50",44.6675,9.3,7.6,4.5,36.4,10.3,7,16.2,13.3,0.1319,0.6,0.8102,0.6423
"Carteret",9705.02,2379,0,6.99,21.43,0,0,51.68,4.17,0,88.82,5.4,"less_25",15.4687,8,2.9,3.5,35.2,8.6,8.7,11.4,10.9,0.0322,0.4,0.1223,0.1158
"Carteret",9705.03,2307,0,6.98,21.57,0,0,0,5.67,0,84.8,20.1,"less_25",22.4534,5.8,5,5.2,36.3,9.4,8.3,13,11.8,0.0993,0.4,0.3947,0.2906
"Carteret",9705.04,1858,0,6.95,21.35,0,0,7.54,4,0,88.83,26.5,"btwn_25_50",25.4732,9.7,6.9,1.4,32.6,9.2,6.4,13.8,10.2,0.1908,0,0.2847,0.0854
"Carteret",9706.01,1458,0,7.15,25.75,0,0,100,4.67,100,98.31,18.5,"less_25",16.7353,14.3,11.2,7,33.1,9.6,7.3,14.3,10.5,0.0735,0,0.5104,0.1283
"Carteret",9706.02,1157,0,7.1,25.83,0,0,100,6.17,100,98.25,11,"less_25",16.5946,6.4,1.2,1.9,36.6,8.9,9.4,11.9,11.9,0.0648,0.4,0.0631,0.1046
"Carteret",9706.03,1371,0,7.12,25.85,0,0,100,5.83,94.17,34.94,5.4,"less_25",48.5047,18.7,19.1,7.5,35.1,10.7,6.4,17.7,12.6,0.0966,0.8,0.5632,0.6037
"Carteret",9706.04,2167,0,7.06,25.51,0,0,62.58,6.17,100,55.11,6,"less_25",17.4896,4.9,2.6,0,39.3,8.2,11,9.5,11.9,0.1956,0.4,0.1322,0.1981
"Carteret",9706.05,1408,0,7.02,21.71,0,0,0,8.67,96.93,60.41,14.5,"less_25",21.3778,9.8,2.6,1.9,38.9,8.3,10.5,10.4,11.6,0.3241,0.4,0.3203,0.3812
"Carteret",9707.01,1105,0,7.16,25.74,0,0,100,5.67,42.6,68.93,5.2,"less_25",44.6364,13.7,10.3,15.1,36.5,10.5,6.3,17.4,12.4,0.0188,0.8,0.6055,0.5868
"Carteret",9707.02,3011,0,7.23,26.06,0,0,100,5.58,31.92,7.16,11.8,"less_25",32.4225,18.9,10.1,6.1,30.1,9.3,6.2,14.3,9.3,0.0421,0,0.6044,0.1569
"Carteret",9707.03,5363,0,7.18,26.71,0,0,100,7,84.69,12.06,17.9,"less_25",27.2599,9.4,14.7,6.1,33.2,9.5,7,14.4,10.7,0.1435,0,0.6302,0.2227
"Carteret",9707.04,2330,0,7.1,24.1,0,0,86.81,3.17,3.03,39.86,13.9,"less_25",35.7854,12.3,8.1,5.8,37.7,9.8,7.7,15.2,12.9,0.1349,0.6,0.5925,0.5386
"Carteret",9708.01,3106,0,7.4,36.27,0,0,100,5.08,0,56.35,15.2,"less_25",28.1391,9.8,6.7,12.9,38,9.8,7.7,14.9,12.6,0.0426,0.6,0.4619,0.4159
"Carteret",9708.02,2130,0,7.25,24.26,0,0,100,9,66.08,71.14,14.6,"less_25",19.4366,7.1,6.1,2.7,34.3,8.6,8.7,11.3,10.5,0.0125,0.2,0.2544,0.0825
"Carteret",9708.03,1584,0,7.24,24.14,0,0,100,7.67,91.1,77.99,8.8,"less_25",15.4965,6.2,1.4,4.7,39.5,8.4,10.3,10.5,12.2,0.0253,0.4,0.2356,0.1643
"Carteret",9708.04,3532,0,7.22,23.93,0,0,99.11,5.22,63.78,74.5,11.6,"less_25",12.684,7.4,5.9,4.7,34.6,8.9,7.9,12.2,11.1,0.022,0.2,0.2711,0.0916
"Carteret",9708.05,1847,0,7.3,30.62,0,0,100,3.67,4.86,40.86,18,"less_25",36.3292,10,13.1,7.4,32.9,9.8,6.7,15.4,11,0.0356,0,0.606,0.1547
"Carteret",9709.01,1196,0,7.19,23.62,0,0,0.03,6.33,0,63.02,10.3,"less_25",11.0368,6,0.5,7.8,35.7,7.8,9.8,9.1,10.2,0.0122,0.4,0.167,0.1262
"Carteret",9709.02,1379,0,7.17,23.68,0,0,0,10.25,0,69.17,4.1,"less_25",20.8122,7,2,4.1,35.2,8.6,8.8,11.6,11.1,0.0096,0.4,0.1987,0.1392
"Carteret",9709.03,1128,0,7.12,22.98,0,0,0,7.33,0,49.98,2.7,"less_25",21.2766,2.6,2.2,0.6,37.2,8.2,9.9,10.1,11.4,0.0136,0.4,0.0985,0.0985
"Carteret",9710.01,520,0,7.04,20.17,0,0,0,8.33,0,90.79,2.7,"less_25",9.8232,4.3,6.3,1.3,38.8,8.5,9.9,10.7,11.9,0.0165,0.4,0.1506,0.1214
"Carteret",9710.02,1343,0,6.99,21.53,0,0,66.85,6.67,0,77.57,2.9,"less_25",19.5231,3.4,0.8,3,43.1,7.9,12.4,8.4,13.1,0.0057,0.6,0.0941,0.1839
"Carteret",9711.01,1268,0,6.94,21.21,0,0,0,8.56,0,58.59,2.2,"less_25",30.4279,9.2,4,4.7,34.2,8.7,8.4,11.7,11.2,0.026,0.2,0.4181,0.1557
"Carteret",9711.02,560,0,6.88,21.06,0,0,80.86,6.92,0,72.82,10.2,"less_25",24.2171,12.9,0,6.2,34.8,9.1,7.9,13.3,11.9,0.0573,0.2,0.6046,0.2719
"Carteret",9801,0,0,6.66,NA,0,0,100,1,0,33.88,0,"less_25",0,NA,NA,NA,NA,NA,NA,NA,NA,NA,NA,NA,NA
"Carteret",9901,0,NA,NA,NA,NA,0,NA,1,NA,NA,0,"less_25",0,NA,NA,NA,NA,NA,NA,NA,NA,NA,NA,NA,NA
"Caswell",9301,2407,0,9.05,29.91,0,0,20.72,3.5,1.61,10.05,56.6,"btwn_50_75",40.2991,12,20.2,10.5,44.8,11,7.3,14.8,16.3,0.0932,0.6,0.8268,0.6322
"Caswell",9302,5376,0,9.09,30.86,0,0,42.11,5.75,35.8,2.9,52,"btwn_50_75",47.8632,5,22.1,11.2,44,10.7,6.9,15.7,16.3,0.1079,0.8,0.9554,0.7725
"Caswell",9303,3922,0,9.09,32.05,0,0,0,3.29,47.39,7.02,30.8,"btwn_25_50",46.2774,9.4,24.9,4.3,41.2,10.9,7.8,16.5,14.9,0.3257,1,0.8601,0.8759
"Caswell",9304,2229,0,9.09,30.97,0,0,0,2.58,23.67,1.33,28.8,"btwn_25_50",26.4865,5.6,19,8.1,40.6,10.5,7.2,14.9,14.1,0.1067,0.6,0.6106,0.5336
"Caswell",9305,3538,0,9.17,30.56,0,0,10.65,3,0.85,5.05,33.8,"btwn_25_50",27.4894,4.5,19.1,1.2,38.7,10.3,7.1,14.7,13.4,0.1051,0.4,0.5282,0.3742
"Caswell",9306,5212,0,9.15,30.32,0,0,31.17,4.28,9.59,2.67,30.8,"btwn_25_50",25.457,8.5,13.1,1.4,40.7,10.2,7.6,14.5,14.4,0.0438,0.6,0.5177,0.4483
"Catawba",101.01,5938,0.33,9.68,33.27,0,0,12.17,5.04,24.94,9.44,13.2,"less_25",24.52,7.1,12.1,7,32.5,9.4,7,14.1,10.4,0.2456,0,0.4091,0.161
"Catawba",101.02,4113,0.67,9.82,36.32,0,0,0.55,6.89,98.64,1.8,23.8,"less_25",27.3882,5.8,7.4,4.1,36.7,9.1,8.8,12.6,11.6,0.7658,0.4,0.4162,0.6598
"Catawba",102.01,5000,0.33,9.63,33.35,0,0,13.71,3.5,0,11.8,21.1,"less_25",41.38,7.3,16.6,5.5,32.3,9.4,6.3,14.6,10,0.1094,0,0.5711,0.1741
"Catawba",102.02,8599,0.33,9.79,35.35,9.02,0,0.41,7.42,40.79,6.27,31.4,"btwn_25_50",35.6158,10.9,16.5,6.7,33.2,9.7,6.7,15,11.2,0.7712,0,0.7861,0.6482
"Catawba",103.01,4722,0.33,9.6,33.65,0,0,0,5.28,0,16.08,16.8,"less_25",33.6934,13.4,16.5,5.1,32.1,9.3,6.8,13.9,10,0.1282,0,0.6697,0.2361
"Catawba",103.02,5763,0.33,9.58,34.6,0,0,5.69,6.17,0,16.1,20.4,"less_25",30.9908,5.4,8.5,7.6,31.1,8.9,7.6,12.3,9.7,0.2716,0.2,0.2224,0.1808
"Catawba",103.03,4405,0.33,9.71,35.43,0,0,0,7.67,0,10.33,21.5,"less_25",48.073,13.2,16.1,10.8,35.6,9.5,7.7,14.3,12.3,0.323,0.6,0.7892,0.7152
"Catawba",103.04,4478,0.33,9.76,37.64,3.58,0,0,6.72,2.5,2.44,40.1,"btwn_25_50",46.5873,11.8,16.7,10.8,32.9,10.1,6,16.6,11.5,0.8483,0.2,0.8772,0.7951
"Catawba",104.01,7215,0.33,9.66,36.86,0,0,1.55,7.67,0,16.09,40.2,"btwn_25_50",40.9078,13.4,12,8.6,35.9,9.7,7.9,14.4,11.7,0.3053,0.4,0.8313,0.6398
"Catawba",104.02,5051,0.33,9.68,46.52,0,0,1.74,11.25,0,14.45,36.8,"btwn_25_50",59.0797,16,13.5,7.9,32.3,10.7,6.1,18.3,11.3,0.473,0.4,0.9005,0.7398
"Catawba",105.01,3857,0.33,9.64,49.42,0,0,53.22,10.17,13.22,2.39,12.1,"less_25",20.213,8,2.9,6.3,32.8,8.4,8.3,10.8,9.5,0.5604,0.2,0.3347,0.4107
"Catawba",105.02,3501,0.33,9.53,34.58,0,0,79.81,6.42,0,14.36,7.1,"less_25",16.5096,12.3,4.6,12.3,34.3,8.5,8.5,11.1,10.1,0.1915,0.2,0.2935,0.1762
"Catawba",106,6517,0.33,9.63,35.37,0,0,69.78,7.63,94.2,2.22,28.2,"btwn_25_50",38.2247,10.5,15.2,8.2,34.9,9.4,7.8,13.7,11.2,0.8847,0.4,0.8936,0.8738
"Catawba",107,2366,0.33,9.68,35.19,0,0,0,9.67,100,0.22,38.8,"btwn_25_50",57.6466,22.3,24.6,4.5,37,10.7,6.8,17.7,13.9,0.946,0.8,0.8598,0.9774
"Catawba",109,3219,0.33,9.74,40.43,0,0,86,10.5,99.51,0.12,65.1,"btwn_50_75",62.8109,19.6,24.4,22.8,46.2,12.1,6.3,18.4,19.1,0.5958,0.8,0.9947,0.93
"Catawba",110,2140,0.33,9.79,39.97,24.17,0,15.3,8.25,68.1,22.21,47.8,"btwn_25_50",65.429,16.9,31.1,9.1,40.8,11.5,7.1,19.3,17.4,0.8229,0.8,0.9959,0.9796
"Catawba",111.01,3885,0.33,9.7,34.62,0,0,7.37,7.58,64.14,0,26.8,"btwn_25_50",25.3282,10.3,15.2,11.5,36.6,9.5,7.8,13.7,11.9,0.7527,0.4,0.5994,0.7317
"Catawba",111.02,7671,0.33,9.81,35.84,0,0,5.4,7.21,73.67,0.05,33.7,"btwn_25_50",35.0085,14.3,12.3,6.1,30.2,9.4,6.2,14.2,9.3,0.5091,0,0.659,0.4517
"Catawba",112,6363,1,9.92,36.15,0,0,71.34,8.92,20.97,23.09,36.1,"btwn_25_50",29.886,14.5,14.9,4.5,35,9.6,7.2,14.3,11,0.7167,0.2,0.7245,0.6854
"Catawba",113,7036,1,9.91,35.8,0,0,29.42,4.94,16.31,11.67,46.6,"btwn_25_50",56.1949,15,21.4,8.5,36.9,10.7,6.4,17.5,13.6,0.7338,0.8,0.9306,0.9473
"Catawba",114.01,3544,1,9.85,35.64,0,0,0,3.33,41.6,4,31.4,"btwn_25_50",36.967,13.1,17.5,2.2,35.3,10,6.6,15.9,12.1,0.7745,0.4,0.482,0.6921
"Catawba",114.02,3893,1,9.91,34.97,0,0,0,4.78,0,5.35,11.5,"less_25",35.4318,19.3,21.1,2.6,37.1,9.6,8.6,14.4,12,0.2471,0.4,0.7456,0.5714
"Catawba",115.01,4725,1,9.91,34.53,0,0,0,5.39,6.33,24.57,7.8,"less_25",22.4762,9.7,14.7,4.9,34.7,9.4,7.4,13.7,10.8,0.4409,0,0.4428,0.2848
"Catawba",115.03,3690,1,9.91,35.38,0,0,12.57,4,0,47.19,5,"less_25",15.7576,5.2,10,1.2,33.5,9.2,7.5,12.9,10.3,0.4254,0.2,0.1768,0.2382
"Catawba",115.04,6577,1,9.95,34.38,0,0,0,6.56,0,76.64,2.8,"less_25",21.9326,7.6,5.8,3.9,32.9,8.8,7.8,12,9.5,0.4897,0.2,0.1837,0.2786
"Catawba",116.01,4542,1,9.93,33.76,0,0,6.96,3.67,0,4.81,34.6,"btwn_25_50",38.5562,15.2,20.3,5.2,33.3,10,6.4,16.5,12.2,0.3538,0.2,0.8024,0.5531
"Catawba",116.02,5162,1,9.93,33.35,0,0,9.51,5.58,0,12.77,5.1,"less_25",41.7287,7.6,16,3,35.3,10,7.1,15.9,11.6,0.297,0.4,0.5707,0.5072
"Catawba",117.01,4563,0.33,9.9,35.94,0.63,0,11.88,6.11,38.76,12.38,20.3,"less_25",29.6954,8.9,7.7,3.4,34.1,9,7.8,12.5,10.6,0.7495,0.2,0.4612,0.5806
"Catawba",117.02,7067,0.33,9.9,34.11,0,0,7.05,5.1,40.59,6.88,22.4,"less_25",29.2676,10.2,9.5,4.5,33.9,9.4,7.2,13.8,10.5,0.5511,0,0.5328,0.4043
"Catawba",118.01,5680,0.33,9.69,33.43,0,0,27.71,4.11,11.52,0,10.7,"less_25",17.7445,13.3,9.4,2.7,31.7,9.1,7,13.2,9.4,0.2618,0,0.3603,0.146
"Catawba",118.02,6331,0.33,9.65,32.7,0,0,0,4.5,0.14,0,8.4,"less_25",43.1527,13.6,21.8,7.4,36,10.2,7.2,16.2,12.2,0.3377,0.4,0.6631,0.5755
"Chatham",201.03,4616,0,9.82,35.19,0,0,0,6.75,31.92,25.1,37.7,"btwn_25_50",16.6667,7.6,10.9,1.5,34.1,8.5,8.2,10.6,11,0.1393,0.2,0.3304,0.1688
"Chatham",201.04,5370,0,9.79,34.09,0,0,16.1,5.42,25.85,22.69,12,"less_25",10.7935,4.7,1.3,0.9,39,7.5,12.5,7.5,11.1,0.0917,0.4,0.31,0.238
"Chatham",201.05,5516,0,9.7,34.42,0,0,0,6.58,43.61,11.08,21.2,"less_25",12.0196,3.5,1.7,3.2,26.5,8.2,6.4,9.8,7.2,0.1361,0,0.1948,0.0408
"Chatham",201.06,4593,0,9.58,33.28,0,0,7.97,4.44,12.97,21.22,18,"less_25",24.8353,11.7,4.2,2.9,31,8.7,6.9,11.4,9.4,0.1699,0,0.1869,0.0477
"Chatham",202,8788,0,9.46,32.55,0,0,0.71,3.54,19.29,10.74,18.9,"less_25",26.6171,14.1,12.9,1.6,33.5,9.1,7.6,12.2,10.3,0.308,0.2,0.5384,0.3824
"Chatham",203,2790,0,9.42,32.91,0,0,2.81,5.5,26.38,14.68,35.2,"btwn_25_50",49.4054,23,15.3,15.3,39,9.9,7.5,14.2,13.4,0.4485,0.6,0.9313,0.8143
"Chatham",204.01,6099,0,9.44,32.66,0,0,0.53,7.72,61.81,14.06,67.1,"btwn_50_75",62.2478,27.9,31,5.8,37.5,10.5,6.8,16.9,15.3,0.7697,0.8,0.9925,0.9694
"Chatham",204.02,4499,0,9.45,32.89,0,0,31.46,8.5,92.7,12.32,76.7,"greater_75",51.2913,22.5,31.2,11.2,36.3,10.6,5.5,17.4,14.7,0.5586,0.8,0.9976,0.9213
"Chatham",205,3626,0,9.34,33.13,0,0,0,3.72,3.21,4.28,14.8,"less_25",37.8378,11.1,14,4.9,38.4,10.4,7.9,16.1,14.2,0.2357,1,0.6002,0.7626
"Chatham",206,5187,0,9.52,33.45,1.66,0,0,4.33,29.94,6.54,25.2,"btwn_25_50",35.0816,14.6,11.5,0.4,38.3,10.3,7.6,14.9,14.2,0.6606,0.6,0.7088,0.8108
"Chatham",207.01,6970,0,10.01,36.49,0,0,1.86,6.83,0,26.17,10.8,"less_25",11.5619,2.1,3.1,8.7,38.3,7.8,11.5,8.3,11.1,0.1104,0.4,0.3235,0.2565
"Chatham",207.02,3996,0.33,9.81,35.15,0,0,23.42,5,22.7,17.23,19.3,"less_25",23.1732,13.5,12.8,3.3,33.5,9,7.4,12,10.3,0.5213,0,0.5167,0.377
"Chatham",208,9288,0.33,9.63,34.12,0,0,37.41,7,47.56,34.93,24.2,"less_25",22.6123,6.1,8.8,4,34.4,9,7.8,11.7,10.8,0.3964,0.2,0.5938,0.4636
"Cherokee",9301,4228,0,8.11,23.54,0,0,100,6.75,38.99,0,9.7,"less_25",54.3165,15.6,20.1,11.9,43.1,10.7,9.2,16.5,15.6,0.1513,1,0.8987,0.8364
"Cherokee",9302,2155,0,8.12,24.78,0,0,100,3.42,29.04,0.04,5.8,"less_25",52.065,9.7,23.5,7.9,41.8,10.4,8.8,15.6,14.1,0.3606,1,0.7099,0.8423
"Cherokee",9303,2741,0,8.21,25.31,0,0,100,2.75,0,2.43,9.5,"less_25",38.022,17,9.4,2.8,40.9,10.1,8.6,15.3,13.9,0.0082,0.6,0.602,0.4751
"Cherokee",9304,5969,0,8.16,25.83,5.75,0,98.14,6.93,41.76,18.32,10.6,"less_25",39.711,14.7,11.3,3.9,39.8,10.1,8.9,14.9,13.7,0.214,0.6,0.7771,0.6637
"Cherokee",9305,5297,0,8.25,27.43,0,0,100,5.67,37.39,14.13,9.3,"less_25",30.7576,15.5,8.2,2.8,39.1,9.4,9.2,12.9,12.7,0.0451,0.6,0.5994,0.4946
"Cherokee",9306.01,3421,0,8.31,27.53,0,0,99.55,5.5,15.24,5.33,10.4,"less_25",39.6083,14.2,11.8,6.1,41.2,9.7,9.4,13.8,13.6,0.0315,0.6,0.6326,0.5052
"Cherokee",9306.02,4158,0,8.4,27.78,0,0,90.67,5.22,33.3,10.7,5.9,"less_25",38.8969,10.7,12,3.5,43.3,9.9,9.6,14.2,14.3,0.0368,0.6,0.4107,0.3833
"Chowan",9301.01,5230,0,7.61,25.02,0,0,17.08,6.3,62.58,2.26,58.5,"btwn_50_75",51.031,8.6,13.2,9.7,49.4,11.5,8.6,16.2,19.4,0.193,1,0.8937,0.8475
"Chowan",9301.02,2352,0,7.51,23.61,0,0,0,3.56,7.43,13.01,35.9,"btwn_25_50",39.6259,12.4,9.9,9.8,41.7,10,8.6,13.8,14.7,0.263,0.6,0.6958,0.649
"Chowan",9302,6515,0,7.68,24.77,0,0,3.95,5.56,6.49,0.09,26.7,"btwn_25_50",30.7704,8.7,14.4,5.5,41.1,10.1,7.9,14.3,13.7,0.0554,0.6,0.6471,0.5257
"Clay",9501,5030,0.33,8.12,24.4,0,0,96.33,4,20.55,1.65,2.6,"less_25",33.8376,11,10.6,2.5,39.9,9.5,9.4,13.6,13.5,0.0356,0.6,0.3832,0.3662
"Clay",9502,5916,0,8.19,25.37,0,0,47.14,6.28,32.12,8.93,10,"less_25",40.0543,15.6,13,3.8,41.3,10,9.1,14.8,14.1,0.035,0.6,0.731,0.558
"Cleveland",9501.01,4997,0.33,9.34,31.28,0,0,17.39,2.83,0,0.94,10.7,"less_25",50.3027,14.7,23.5,7.2,37.4,11,7.7,18,14.6,0.0754,1,0.6532,0.722
"Cleveland",9501.02,2551,0.33,9.38,32.16,0,0,0,4.67,0,15.97,3.4,"less_25",47.2157,18.1,17.9,6.2,35.2,10.3,7.6,16.1,12.9,0.1136,0.8,0.6485,0.6506
"Cleveland",9502,4647,0.33,9.59,32.63,0,0,0,5.04,0,17.07,26.8,"btwn_25_50",48.452,12.8,23,3.4,39.5,11.2,7.6,17.3,15.2,0.3925,1,0.7531,0.8644
"Cleveland",9503.01,4522,0.67,9.78,34.59,0,0,0,3.96,0,21.74,33.3,"btwn_25_50",41.9284,13.9,12.8,10.7,36.5,10.6,6.9,16.1,13.8,0.3667,0.8,0.7056,0.7758
"Cleveland",9503.02,6054,0.67,9.87,36.09,0,0,0,3.83,10.43,4.26,11.1,"less_25",35.3714,10.3,14.8,3.1,36.1,10,7.3,14.7,12.3,0.4828,0.4,0.4472,0.5401
"Cleveland",9504,7254,0.67,9.88,37.96,0,0,17.36,7.06,46.63,7.76,27.5,"btwn_25_50",44.1027,14.4,15,11.2,38.8,10.2,8.2,14.9,13.7,0.7354,0.6,0.941,0.9008
"Cleveland",9505,3310,0.67,9.88,38.53,0,0,45.75,8.06,97.43,22.99,28.9,"btwn_25_50",53.6858,14,15.7,12.9,37.3,10.8,7.6,16.4,13.4,0.8633,1,0.8256,0.9904
"Cleveland",9506.01,3820,0.67,9.86,36.97,0,0,0,5.92,60.73,7.75,19.6,"less_25",29.7978,17.8,17.8,4.2,33.4,10.3,6.7,16.1,12,0.6622,0.2,0.5668,0.5892
"Cleveland",9506.02,6019,0.67,9.82,38.35,0,0,29.98,4.58,40.97,14.94,22.7,"less_25",49.8917,9.5,14.7,9.9,36.3,10.9,6.6,17.3,13.5,0.675,0.8,0.8249,0.9071
"Cleveland",9507,7554,0.67,9.84,37.13,0,0,15.59,7.83,53.5,21.51,39.3,"btwn_25_50",40.159,5.9,15.9,8.6,40,10.5,8.2,14.5,14.8,0.6273,0.8,0.7781,0.8815
"Cleveland",9508,4579,0.33,9.73,35.34,0,0,0.92,6.83,0,23.91,31.8,"btwn_25_50",47.0733,10.9,12.1,9.8,39.2,10.9,7.5,16.4,14.6,0.2987,1,0.841,0.8626
"Cleveland",9509,2649,0.67,9.76,36.6,0,0,64.2,7.22,5.54,22.25,74.9,"btwn_50_75",65.7984,10,20.8,11.3,50.2,13.2,7.2,17.8,21.9,0.7161,0.8,0.832,0.9194
"Cleveland",9510,3092,0.33,9.8,37.33,0,0,97.55,9.63,43.22,24.39,35.1,"btwn_25_50",46.4204,13.8,13.5,3.1,42.9,10.8,8.1,14.4,15,0.564,0.8,0.8148,0.874
"Cleveland",9511,2742,0.33,9.77,37.81,0,0,98.55,10.25,90.4,22.66,49.2,"btwn_25_50",66.229,18.5,27.6,9.1,45.6,12.5,7.7,19.1,18.8,0.7714,1,0.9306,0.9919
"Cleveland",9512,5651,0.33,9.78,37.01,0,0,59.85,5.53,46.51,24.23,39.7,"btwn_25_50",45.3017,15.1,16.7,12.2,40,10.7,7.9,15.2,14.3,0.8714,0.8,0.9498,0.98
"Cleveland",9513,2891,0.33,9.71,36.14,0,0,0.06,5.17,31.18,7.02,19,"less_25",33.7254,8.5,10.1,10,35.2,10.1,7.6,15,12.5,0.7917,0.6,0.5053,0.7851
"Cleveland",9514,6397,0,9.58,35.3,0,0,0,4.07,26.9,9.76,22.2,"less_25",39.3176,8.9,13.2,7.2,34.7,10.3,7.1,15.2,12.2,0.3814,0,0.7449,0.4278
"Cleveland",9515.01,5785,0.33,9.65,35.48,0,0,0.66,6.83,0,0.18,9.4,"less_25",27.9947,8.9,7.8,8.8,26.1,10.1,5.6,15.7,8.2,0.3047,0.2,0.4507,0.3281
"Cleveland",9515.02,1192,0.33,9.71,35.81,0,0,0,2.67,0,1.41,13.6,"less_25",21.0077,12,11.5,4.3,34.6,10.2,7.4,15.7,11.6,0.4802,0.2,0.6521,0.5412
"Cleveland",9515.03,2618,0,9.75,36.01,0,0,0,4.67,0,18.93,22,"less_25",31.7417,7.1,12.6,8.9,33.4,10.1,7.1,15,11.6,0.4375,0,0.5383,0.3404
"Cleveland",9516.01,4302,0,9.8,36.43,0,0,0,3.33,0,20.87,33.4,"btwn_25_50",42.3546,14,14.1,9.8,38.2,11.1,6.6,16.7,14.3,0.6762,0.8,0.7293,0.8815
"Cleveland",9516.02,4656,0.67,9.82,37.65,0,0,3.96,5.63,6.63,14.53,31.6,"btwn_25_50",46.0259,16.6,15.8,8.6,36.8,10.8,6.9,16.8,13.1,0.6742,0.8,0.7808,0.8949
"Columbus",9301,4615,0,7.83,31.68,0,0,0,4.06,27.72,5.69,51.6,"btwn_50_75",48.8413,16.5,18,7,42.3,11,7,16.1,15.2,0.6146,0.8,0.8559,0.8992
"Columbus",9302,2235,0,7.81,29.65,0,0,19.89,3.33,15.13,3.66,55.7,"btwn_50_75",41.0762,19.1,22.2,4.8,43.5,11.9,7.3,17.4,17,0.0555,0.8,0.7895,0.6871
"Columbus",9303,2859,0,8,28.95,0,0,39.96,5.33,20.9,2.42,33.4,"btwn_25_50",33.8218,7.5,14.2,8.2,42.1,10.7,8.4,15,15.1,0.0247,0.8,0.8217,0.6878
"Columbus",9304,3596,0,8.14,29.25,0,0,7.59,2.89,10.87,18.84,52.2,"btwn_50_75",42.4673,9.9,11.7,4.1,45.8,11.4,7.3,16.5,17.2,0.0588,0.8,0.7716,0.6811
"Columbus",9305,4393,0,8.48,30.64,0,0,15.02,2.72,28.51,19.42,40.6,"btwn_25_50",47.5515,13.5,16.6,13.4,43.5,11.1,7.4,16.1,15.9,0.1348,0.8,0.8992,0.7618
"Columbus",9306,3560,0,8.35,30.05,0,0,1.49,4.25,22.68,14.79,32.5,"btwn_25_50",48.427,17.2,19.8,7.7,41.8,10.8,7.4,16.1,14.6,0.1789,0.8,0.8269,0.7517
"Columbus",9307,4313,0,8.33,31.11,0,0,0,5.63,41.23,7.29,50.6,"btwn_50_75",56.0437,10.5,20.9,11.2,45.7,11.9,7.6,17.5,17.5,0.2587,1,0.9701,0.888
"Columbus",9308,3919,0,8.33,30.48,0,0,10.14,6.42,63.74,11.97,25.3,"btwn_25_50",25.9666,7.6,8.6,3.5,41.9,9.7,8.6,13,12.9,0.1486,0.6,0.5846,0.5416
"Columbus",9309,4738,0,8.26,31.32,0,0,0,7.8,40.65,5.42,62.1,"btwn_50_75",65.5089,10.9,9.8,6.1,46.8,12.3,7,18.9,19,0.2703,0.8,0.9694,0.8335
"Columbus",9310,5405,0,8.17,30.71,0,0,0,6,36.53,24.2,39.1,"btwn_25_50",49.0586,19.1,14.2,6,38.1,10.5,6.5,16.7,13.9,0.4134,0.8,0.882,0.8503
"Columbus",9311,3764,0,8.11,28.92,0,0,0,3,18.34,3.74,13,"less_25",48.7248,11.2,16.2,5.1,39.8,11.1,7.2,18.4,14.2,0.1103,0.8,0.6948,0.6703
"Columbus",9312,7034,0,8.12,29.36,0,0,0,5.83,20.55,9.17,45.3,"btwn_25_50",47.8899,11.7,23,4,40.7,11,6.1,17.8,14.3,0.1737,0.8,0.8617,0.7624
"Columbus",9313,5637,0,7.87,29.01,0,0,11.8,3.17,0,7.25,26.8,"btwn_25_50",47.2158,10.1,23.1,6.1,37.3,10.6,7.1,17.1,13.7,0.0193,0.8,0.8409,0.6935
"Craven",9601.01,3454,0,7.62,27.51,0,0,83.53,5.5,13.83,49.83,7.7,"less_25",19.9479,5.9,7.7,10.6,43.7,8.5,11.4,10.3,13.5,0.0153,0.6,0.335,0.3247
"Craven",9601.02,4450,0,7.72,27.58,0,0,2.48,3.83,22.94,13.54,15.3,"less_25",33.1028,10.9,17,5.5,34.2,9.8,6.9,14.8,10.8,0.2223,0,0.6933,0.3033
"Craven",9602,8244,0,7.92,27.54,0,0,3.5,4.07,15.67,6.74,37.7,"btwn_25_50",49.8925,18.2,16.9,13.9,40.2,10.8,6.3,16.9,13.9,0.2066,0.8,0.9261,0.7976
"Craven",9603,6484,0,8.03,27.57,0,0,5.13,4.1,14.85,4.87,35.7,"btwn_25_50",39.8055,11.6,20.3,4.8,43,11.2,7.3,16.5,16.1,0.2315,0.8,0.7678,0.7493
"Craven",9604.01,4620,0,7.81,28.63,0,0,1.2,8.25,80.4,0.09,28.2,"btwn_25_50",20.0643,7.3,6,2,39,9,9.2,11.6,11.8,0.0854,0.4,0.472,0.3293
"Craven",9604.02,4137,0,7.74,28.23,0,0,24.87,8.28,87.66,0,51,"btwn_50_75",32.5316,4.9,8.5,10.7,43,9.6,8.6,12.2,13.9,0.2418,0.6,0.8253,0.6965
"Craven",9604.03,4050,0,7.74,28.03,0,0,81.44,6.56,35.46,0,6.9,"less_25",9.2414,5.3,3.2,1.3,36.2,8,10,9.2,9.5,0.1387,0.4,0.1178,0.1621
"Craven",9604.04,2954,0,7.78,28.78,0,0,88.77,5.17,73.85,0,27.9,"btwn_25_50",25.1804,9.5,4.7,2.5,42.4,8.4,11.3,10.1,12.5,0.0357,0.6,0.4752,0.4195
"Craven",9605,7715,0,7.8,28.27,0,0,0,6.5,27.11,33.34,51.3,"btwn_50_75",50.3092,17.8,16.9,12.6,36.3,10.5,6.6,15.2,12,0.2153,0.4,0.9698,0.6611
"Craven",9606,6237,0,7.75,28.11,0,0,0,9.08,69.01,37.55,60.9,"btwn_50_75",53.2543,20.3,25.3,5.6,40.8,10.7,8,15.6,15.7,0.2495,1,0.9963,0.8925
"Craven",9607,1700,0,7.74,28.23,0,0,0,10.25,100,16.27,22.9,"less_25",34.0588,4.3,10.6,4.6,35.7,9.5,7.8,13.4,10.8,0.2722,0.4,0.6421,0.5318
"Craven",9608,1989,0,7.73,28.18,0,0,0,8.92,28.59,37.55,72.2,"btwn_50_75",65.9778,18.6,21.1,13.6,48.9,13.2,6.2,19.5,20.6,0.4153,0.8,0.9898,0.8814
"Craven",9609,2032,0,7.72,28.03,0,0,0,11.17,75.92,19.56,57.4,"btwn_50_75",53.6909,14.6,16.3,10.9,40.7,11.3,6.9,16.4,14.9,0.2727,0.8,0.9084,0.8147
"Craven",9610.01,10989,0,7.63,30.19,0,0,95.73,7.17,16.86,2.05,18.4,"less_25",14.5774,3.7,3.3,1.3,33.8,8.6,7.5,11,9.6,0.1761,0.2,0.1109,0.0892
"Craven",9610.02,4176,0,7.62,27.94,0,0,20.96,7.54,99.54,40.68,19,"less_25",27.3629,12.5,17.8,9.9,36.4,9.7,7.6,14.2,11.3,0.5296,0.4,0.7402,0.6975
"Craven",9611,8791,0,7.45,29.36,0,0,99.96,6.39,15.16,1.37,25,"less_25",22.3979,6.3,4.1,9.2,30.3,9.1,6.2,13,9.2,0.0348,0,0.4209,0.0784
"Craven",9612.01,3009,0,7.4,32.05,3.06,0,74.1,6.58,27.91,0,34.7,"btwn_25_50",52.8747,4.6,1.9,6.5,11.7,10.1,1.2,19.2,2,0.5423,0.2,0.4109,0.4435
"Craven",9612.02,4385,0,7.35,40.57,22.68,0,43.13,6.67,4.93,0,39,"btwn_25_50",14.4286,1.9,4,2.6,11.4,7.5,1,14.9,1.9,0.7737,0,0.2444,0.3657
"Craven",9613.01,3647,0,7.33,29.9,0,0,99.99,7.44,42.51,0.54,38.4,"btwn_25_50",35.834,14.9,11.5,8.4,31.1,9.6,5.8,14.9,9.6,0.1277,0,0.5476,0.1714
"Craven",9613.02,5264,0,7.25,28.1,0,0,100,7.38,21.58,0,47.9,"btwn_25_50",46.7877,10.8,5.7,5.1,29.6,10.4,4.3,16.9,9.4,0.0253,0.4,0.7016,0.4282
"Craven",9613.03,4164,0,7.17,25.08,0,0,55.3,2.17,0,0,39.5,"btwn_25_50",28.146,11.2,8,4.4,39.4,10.2,6.8,14.1,13.4,0.0059,0.4,0.4758,0.2837
"Cumberland",2,2202,0,9.36,36.66,0,0,47.49,9.11,100,10.16,91.4,"greater_75",83.8282,14.8,28.1,20.5,48.6,14.3,6,23,23,0.6549,0.8,0.9992,0.9448
"Cumberland",5,2288,0,9.36,36.06,0,0,17,9.83,100,27.66,63.7,"btwn_50_75",68.7937,16.3,28.4,9.9,42.5,12.3,7,20.6,17.6,0.7123,0.8,0.9926,0.957
"Cumberland",6,5566,0,9.38,35.83,0,0,32.2,7.4,100,38.69,44.4,"btwn_25_50",43.8525,12,5.3,4.2,37.8,9.6,8.5,13.3,12.5,0.5257,0.6,0.6931,0.7566
"Cumberland",7.01,5446,0,9.39,35.98,0,0,5.82,8.11,91.83,27.44,27.8,"btwn_25_50",24.7521,7.6,5.2,7.5,35.3,8.4,8.7,10.9,10.9,0.3821,0.4,0.5554,0.5436
"Cumberland",7.02,2279,0,9.4,36.09,0,0,92.04,7.92,99.23,38.69,31.6,"btwn_25_50",18.473,8.1,4.5,9,36.9,8.6,8.9,10.8,11,0.651,0.4,0.6294,0.702
"Cumberland",8,2684,0,9.4,36.3,0,0,100,9.33,100,38.69,34.8,"btwn_25_50",34.4763,7.6,7.8,10.3,37,9.7,7.4,13.9,11.8,0.705,0.2,0.6955,0.6682
"Cumberland",9,4848,0,9.42,35.8,0,0,87.15,8.08,47.51,38.69,40.3,"btwn_25_50",53.8346,13.6,7.5,3.3,34.5,10.1,7,15.5,11.8,0.3832,0.2,0.7388,0.5359
"Cumberland",10,2556,0,9.43,36.63,0,0,69.69,6.83,75.11,38.69,81.3,"greater_75",58.7152,10.1,15.2,9.4,48,12.4,7,17.4,19.5,0.5152,0.8,0.9816,0.9063
"Cumberland",11,3912,0,9.44,36.72,0,0,64.99,7.22,98.29,38.69,91.5,"greater_75",52.5926,10.4,16.8,18,43,12.1,6.5,16.8,17.3,0.6242,0.8,0.9437,0.9241
"Cumberland",12,5156,0,9.43,40.4,0,0,83.88,6.25,99.23,10.77,79.8,"greater_75",65.0369,12.2,16.4,9.6,46,12.3,6.7,18.2,18.8,0.4985,0.8,0.9856,0.903
"Cumberland",14,6257,0,9.3,34.92,0,0,20.62,5.93,66.87,0.66,54.5,"btwn_50_75",59.051,12.5,16.7,14.8,42.3,11.8,7.1,18.6,17.3,0.8415,0.8,0.9951,0.9824
"Cumberland",15,2954,0,9.28,35.46,0,0,22.17,5.58,89.68,0,52.6,"btwn_50_75",42.0339,14.8,11.1,7.6,38.1,10.3,6.8,15.4,12.9,0.6787,0.4,0.926,0.8226
"Cumberland",16.01,7461,0,9.3,34.36,0,0,76.81,8.94,27.12,0,50.7,"btwn_50_75",36.6069,14.2,10.1,8.1,30.6,9.9,5.7,15.3,9.9,0.1474,0,0.8054,0.3262
"Cumberland",16.03,3887,0,9.33,34.94,0,0,27.32,6.83,23.22,1.23,54.7,"btwn_50_75",59.8194,11.8,17.7,14.1,35.1,11.4,5.7,18.9,12.9,0.3273,0.8,0.9384,0.841
"Cumberland",16.04,8113,0,9.31,35.01,0,0,0,7.44,94.46,0,64.7,"btwn_50_75",40.6844,5.7,9.6,5,32.5,10.4,5.4,15.6,10.4,0.5318,0.4,0.7574,0.7059
"Cumberland",17,9127,0,9.35,35.08,0,0,2.5,7.13,31.67,3.43,61.4,"btwn_50_75",50.5768,11.5,13.3,9.1,33.7,10.7,5.6,17.1,11.7,0.3372,0.4,0.8659,0.6693
"Cumberland",18,2353,0,9.39,35.77,0,0,0,8.17,98.93,5.36,48.4,"btwn_25_50",42.4229,17.3,13.3,7.9,38.5,10.2,7.9,15.6,13.9,0.5146,0.8,0.8036,0.857
"Cumberland",19.01,1976,0,9.34,34.88,0,0,10.67,7.5,0,0,54.1,"btwn_50_75",42.1053,19.1,14.2,7.9,34.5,10.7,6,17.1,12.2,0.0673,0.4,0.911,0.5638
"Cumberland",19.02,4516,0,9.38,35.43,0,0,0,8.67,34.17,0,60.5,"btwn_50_75",40.3728,12.2,10.7,9.9,37.8,10.5,6.6,16.1,13.5,0.2326,0.8,0.8382,0.7752
"Cumberland",19.03,4105,0,9.38,35.34,0,0,0,7.71,46.29,0,58.6,"btwn_50_75",52.8806,18,17.5,13.3,35.2,10.7,6.4,17,12.8,0.2296,0.8,0.9431,0.812
"Cumberland",20.01,3074,0,9.42,35.79,0,0,0,9,100,1.57,62.4,"btwn_50_75",42.3878,12,4.3,8.4,27.5,9.3,5.2,14.8,8.6,0.36,0,0.4732,0.256
"Cumberland",20.02,4882,0,9.4,35.7,0,0,0,7.67,100,0,60.2,"btwn_50_75",42.4031,15.3,7.3,10.8,33.5,10.2,5.7,15.9,11.8,0.3829,0.2,0.8421,0.5872
"Cumberland",21,3839,0,9.44,35.97,0,0,3.82,9,80.84,38.69,52,"btwn_50_75",36.9026,13.8,11.9,3.6,31.8,9.7,5.9,14.3,10.3,0.4435,0,0.7064,0.4415
"Cumberland",22,2296,0,9.45,35.6,0,0,0,6.67,100,2.7,60.1,"btwn_50_75",44.3231,9.4,11.8,11.9,32.4,10.3,4.4,16.4,11.8,0.3822,0.2,0.7527,0.5424
"Cumberland",23,4360,0,9.46,35.66,0,0,0,6.44,96.92,38.14,73.3,"btwn_50_75",57.9587,13.4,11.1,5.4,39.1,11.9,6,18.3,16.1,0.7597,0.8,0.8977,0.9455
"Cumberland",24.01,1439,0,9.47,35.45,0,0,0,8.08,92.65,38.69,87.2,"greater_75",69.3537,23.7,21.7,11.5,43,13.3,5,21.4,18.5,0.8292,0.8,0.9985,0.9812
"Cumberland",24.02,3021,0,9.46,35.51,0,0,0,5.22,99.83,38.69,77.7,"greater_75",53.0815,15.1,4.8,10.4,35.8,11.2,4.5,17.3,12.8,0.8448,0.8,0.8555,0.9562
"Cumberland",25.01,7613,0,9.46,35.3,0,0,0,7.5,97.98,35,67.6,"btwn_50_75",36.3757,8.9,7.1,7.6,37.7,10,6.3,13.3,13,0.5845,0.4,0.7012,0.7045
"Cumberland",25.02,7852,0,9.46,35.14,0,0,1.07,7.28,89.92,0.18,61.1,"btwn_50_75",37.2225,8.8,6.5,8.9,26.7,9.7,4.8,14.9,8.1,0.3514,0,0.7672,0.4237
"Cumberland",25.03,4488,0,9.47,35.08,0,0,0,8.11,100,6.97,52,"btwn_50_75",27.8129,6.8,3,3.6,30.5,9.7,5.6,14.6,9.8,0.2469,0,0.4109,0.1628
"Cumberland",25.04,7315,0,9.48,34.79,0,0,0,6.94,80,0.71,54.8,"btwn_50_75",33.2968,6,9.6,5.7,33.9,9.7,6,13.8,11.1,0.2986,0,0.7143,0.3623
"Cumberland",26,5241,0,9.44,33.74,0,0,3.67,5.5,59.33,0.97,35.4,"btwn_25_50",37.4225,5.1,9,8.9,39.8,9.8,8.2,14.1,13.9,0.7124,0.6,0.8173,0.86
"Cumberland",27,8289,0,9.35,32.97,0,0,4.8,5.08,59.21,0.76,38.3,"btwn_25_50",29.8444,6.2,6.9,3.8,35.4,9.5,6.9,13.8,11.1,0.1896,0.2,0.6284,0.3656
"Cumberland",28,6426,0,9.19,31.83,0,0,0,5.06,33.61,0.01,24,"less_25",27.3887,12.6,7.1,6,34.8,9.8,7,15.1,11.6,0.3375,0,0.4778,0.2456
"Cumberland",29,4075,0,8.97,31.81,0,0,28.8,3.25,0.09,0,26.7,"btwn_25_50",36.9325,6.8,13.2,7,37.3,10.2,7,15.4,13,0.1604,0.4,0.6889,0.4973
"Cumberland",30.01,13267,0,9.15,32.67,0.03,0,0,5.88,20.48,0,40.5,"btwn_25_50",29.0751,9.3,9.6,3.6,32.3,9.7,6.1,14.4,10,0.4824,0,0.5048,0.3466
"Cumberland",30.02,2697,0,9.12,32.17,2.71,0,0,2.83,0,0,30.8,"btwn_25_50",44.7534,13.3,17.1,9.3,36.8,10.9,6.4,17.5,13.6,0.4594,0.8,0.8055,0.8407
"Cumberland",31.02,5452,0,9.28,33.97,0,0,56.28,4.58,0,0,43.4,"btwn_25_50",25.3348,8.2,4.2,6.4,32.2,9.4,6.2,13.6,9.9,0.0338,0,0.4003,0.0706
"Cumberland",31.03,5579,0,9.28,34.38,0,0,12.94,4.78,0,0,46.1,"btwn_25_50",33.3573,7.1,4.5,8.5,30.4,9.9,5.6,15.2,9.9,0.0804,0,0.5843,0.1662
"Cumberland",31.04,6916,0,9.24,34.39,0,0,3.23,4.61,47.85,0,43.8,"btwn_25_50",45.6831,9.7,14.3,6.1,32.9,10.4,5.4,16.8,11.1,0.4235,0.4,0.7336,0.6481
"Cumberland",32.01,12694,0,9.33,34.58,0,0,16.02,6.88,23.72,0,46.2,"btwn_25_50",18.717,4.6,6.1,6.6,29.5,9.2,5.5,12.9,8.8,0.0885,0,0.3719,0.0802
"Cumberland",32.03,5472,0,9.38,35.32,0,0,0,6.33,43.21,0,62.6,"btwn_50_75",42.5987,8.3,4.3,8.1,34.7,10.3,5.3,15.2,11.4,0.1603,0,0.6825,0.2613
"Cumberland",32.04,8374,0,9.37,34.9,0,0,0,5.4,26.88,0,64.1,"btwn_50_75",48.5509,11.4,6.5,11.6,32.2,10.3,4.9,15.7,10.9,0.1016,0.2,0.841,0.4371
"Cumberland",32.05,5123,0,9.36,34.66,0,0,24.7,6.44,81.51,0,68.8,"btwn_50_75",27.468,5.5,9,10,34.4,9.7,5.7,13.3,11.1,0.4108,0,0.6709,0.4032
"Cumberland",33.02,6131,0,9.4,35.24,0,0,0,7.17,94.41,0,79.5,"greater_75",55.746,11.4,10.7,8.8,35.9,11,5.4,16.5,14,0.583,0.8,0.9233,0.9087
"Cumberland",33.04,7038,0,9.44,35.18,0,0,0,8.22,86.15,0,72.1,"btwn_50_75",37.3117,11.5,6.8,9.9,35.4,9.6,6.2,13.5,12,0.2499,0.2,0.6337,0.4042
"Cumberland",33.05,6161,0,9.43,34.78,0,0,0,7.61,0.24,0,73,"btwn_50_75",52.6213,9.8,8.6,3.8,34.9,10.3,5.4,16.2,13,0.1318,0.6,0.8077,0.6411
"Cumberland",33.07,4235,0,9.39,34.79,0,0,14.32,6.75,49.27,0,80.1,"greater_75",39.6037,8,6.5,11.6,32.4,10.1,4.8,14.7,10.9,0.5658,0,0.7763,0.546
"Cumberland",33.09,6546,0,9.42,34.91,0,0,0,6.72,15.24,0,58,"btwn_50_75",38.0175,9,6.7,5.8,29.8,9.2,5.2,13.8,9.6,0.1869,0,0.523,0.1888
"Cumberland",33.1,5162,0,9.4,34.74,0,0,0,5.54,6.96,0,78.9,"greater_75",50.0387,13.7,5,12.1,30.4,10.8,4,18.1,10.4,0.2117,0.4,0.7604,0.5608
"Cumberland",33.11,2885,0,9.4,35.07,0,0,0,9,8.58,0,73.4,"btwn_50_75",55.4167,21,9.2,8.5,20.5,10.1,2.5,17.5,5.7,0.3291,0.2,0.7169,0.4955
"Cumberland",33.12,6671,0,9.37,36.33,0,0,0,5.33,0,0,69,"btwn_50_75",35.6286,7.6,6.6,7.5,32.2,10.2,4.6,15.3,10.8,0.1009,0,0.6029,0.1859
"Cumberland",33.13,8160,0,9.35,35.98,0,0,1.25,5.83,55.37,0,77.7,"greater_75",35.2092,6.6,4.3,9.3,30.3,10,4,14.6,9.5,0.0774,0,0.4963,0.1239
"Cumberland",33.14,7618,0,9.36,36.47,0,0,39.18,5.61,43.27,0,76.2,"greater_75",36.624,11.4,7.7,8.4,30.7,10.3,4.2,15.7,10.1,0.3952,0.2,0.7583,0.5519
"Cumberland",34.01,3317,0,9.45,39.72,7.62,0,0,5.17,0,0,48.9,"btwn_25_50",62.6215,4.4,0,13.4,16.4,9.7,1.9,18.6,3.7,0.748,0.2,0.5883,0.6396
"Cumberland",34.02,3801,0,9.44,39.81,62.35,0,0,6.25,0,0,41.6,"btwn_25_50",0,NA,0,NA,10.8,7.6,0.8,17,1.8,NA,0.2,NA,NA
"Cumberland",34.03,4337,0,9.45,40.4,36.94,0,0,4.17,0,0,52.6,"btwn_50_75",72.3831,1.5,2.3,20.3,14.5,9.9,1.5,20.6,3.2,0.6497,0.2,0.5454,0.5725
"Cumberland",34.04,2697,0,9.44,34.32,12,0,0,5.25,3.61,0,34.3,"btwn_25_50",0,NA,0,NA,12,7.6,0.9,17.2,1.9,NA,0.2,NA,NA
"Cumberland",34.05,1923,0,9.45,36.9,0,0,0,4.17,0,0,40.5,"btwn_25_50",61.3099,1.6,1.8,22.9,14.8,10.1,1.8,19.9,3.3,0.1724,0.2,0.5477,0.3062
"Cumberland",34.06,1642,0,9.46,36.32,0,0,0,7.83,0,0,30.6,"btwn_25_50",22.0739,4.1,5.2,13.9,14.5,8.3,2.2,14.5,3.3,0.5858,0,0.4226,0.3594
"Cumberland",34.07,1763,0,9.46,34.4,0,0,0,4.25,84.2,0.19,54.1,"btwn_50_75",80,0,0,0,15.1,8.2,1.3,16,2.1,0.5065,0.2,0.3186,0.3696
"Cumberland",34.08,4918,0,9.48,35.18,0,0,0,6.17,39.67,15.47,45.6,"btwn_25_50",53.5096,0,2.8,19.7,15.1,9.5,1.8,17.8,3.5,0.4156,0.2,0.4576,0.3979
"Cumberland",35,4621,0,9.47,36.37,0,0,0,9.83,0,0.72,67.3,"btwn_50_75",49.8268,11.6,8.3,10,32.4,10.4,4.7,16.2,11.9,0.3797,0.4,0.73,0.6275
"Cumberland",36,5426,0,9.47,37.94,0,0,0,5.42,0,0,62.7,"btwn_50_75",54.6209,13.9,10.5,10.7,35.4,10.8,5.1,17.5,12.9,0.4016,0.8,0.8976,0.8513
"Cumberland",37,7144,0,9.5,35.05,0,0,0,3.17,28.76,0,33.7,"btwn_25_50",23.6289,5.6,8.9,7.7,34.4,9.5,6.5,13.6,11,0.2578,0,0.5227,0.2262
"Cumberland",38,2754,0,9.39,36.75,0,0,100,9.39,97.81,17.83,87.4,"greater_75",65.0292,16.4,20,19.3,47.4,12.6,6,20.1,20.5,0.8778,0.8,0.9192,0.9758
"Cumberland",9801,0,0,9.42,NA,1.7,0,0,5.17,0,0,0,"less_25",0,NA,NA,NA,NA,NA,NA,NA,NA,NA,NA,NA,NA
"Cumberland",9802,441,0,9.49,35.13,0,0,0,1.5,21.81,16.03,35.1,"btwn_25_50",0,NA,0,NA,12.5,8.1,0.9,17.8,2.1,NA,0.2,NA,NA
"Currituck",1101.01,947,1.33,7.14,20.7,0,0,6.29,8.75,0,2.22,9.8,"less_25",25.0264,6.9,1,6,34.5,8.3,9,10.3,10.3,0.0462,0.2,0.243,0.0902
"Currituck",1101.02,1437,0.33,7.27,22.95,0,0,92.74,4.83,0,2.09,3.5,"less_25",37.4391,17.4,14.2,3,33.8,9.8,7,15,10.7,0.0068,0,0.5082,0.0996
"Currituck",1102,7960,0.33,7.5,23.88,0,0,30.34,6,20.3,4.07,12.5,"less_25",17.4121,11.1,9.3,2.2,29.3,9.4,6.4,13.5,8.8,0.0634,0,0.1537,0.018
"Currituck",1103.01,4636,0.33,7.35,23.44,0,0,12.78,4.25,43.29,0,16.4,"less_25",21.1605,8.9,7.7,4.8,32.9,9.5,7.1,13.6,9.9,0.1452,0,0.3722,0.1005
"Currituck",1103.02,3705,0.33,7.31,23.11,0,0,44.69,5,47.54,0,13,"less_25",35.0279,16.6,7.3,6.9,35.3,9.8,7.2,14.3,11.3,0.3953,0.2,0.6252,0.4804
"Currituck",1104.01,3635,1,7.17,20.87,0,0,20.11,5.75,40.22,6.02,9.8,"less_25",32.1121,16.4,9.7,4.6,37.1,9.9,7.9,15.1,12.5,0.0411,0.6,0.6392,0.5137
"Currituck",1104.02,4043,1,7.14,21.1,0,0,38.48,5.17,64.8,15.21,15.8,"less_25",39.4632,17,14,5.5,34.8,10.2,7.4,15.4,12.1,0.0468,0,0.6385,0.1763
"Currituck",9901,0,NA,NA,NA,NA,0,NA,1,NA,NA,0,"less_25",0,NA,NA,NA,NA,NA,NA,NA,NA,NA,NA,NA,NA
"Dare",9701.01,4158,1.33,7.1,21.08,0,0,12.06,8.92,20.77,9.17,5.3,"less_25",11.8326,4.1,2.1,1.8,36.7,8,10.3,9.1,10.2,0.0166,0.4,0.0312,0.0756
"Dare",9701.02,3471,1,7.1,20.96,0,0,74.2,6.39,56.43,16.7,3,"less_25",22.9617,8.6,2.9,3.3,31.5,8.5,7.7,11.3,8.9,0.0279,0.2,0.1878,0.065
"Dare",9702,4759,1,7.08,21.36,0,0,55.8,8.88,94.46,18.78,7.3,"less_25",24.9147,16.7,6.7,7.5,29,9,6.2,14,8.5,0.3204,0,0.3947,0.1915
"Dare",9703,6505,1,7.08,21.03,0,0,51.33,6.3,30.55,27.4,12.7,"less_25",24.7502,13.7,4.3,0.9,31.9,9.2,6.7,13.9,9.7,0.2782,0,0.2838,0.1192
"Dare",9704,2938,0.67,7.01,19.73,0,0,89.38,6.79,42.51,42.62,7.4,"less_25",23.0984,10.9,2,2.4,32.9,8.6,8.1,11.5,9.6,0.0285,0.2,0.3277,0.1165
"Dare",9705.01,1072,0,7.05,20.67,0,0,0,1.75,24.44,27.24,7,"less_25",23.8806,21.2,18,3.4,36.5,9.8,7.5,15.3,11.7,0.0692,0.4,0.4857,0.3277
"Dare",9705.02,3649,0.67,6.61,15.83,0,0,99.59,7.17,0,21.64,14.5,"less_25",42.7433,16.5,9.7,11.1,35.6,9.6,7.7,14.4,11.5,0.0288,0.4,0.7934,0.4814
"Dare",9706.01,7782,1,7.07,20.49,0,0,50.91,6.33,95.42,38.3,27.2,"btwn_25_50",37.0832,15.4,8.4,5.7,35.2,9.2,7.5,12.9,10.6,0.3081,0.4,0.7385,0.5974
"Dare",9706.02,1888,1,7.02,19.02,0,0,57.91,2.75,17.66,63.03,9.3,"less_25",36.5684,15.1,4,0.9,33,9.3,7.5,14.1,10,0.0686,0.2,0.4674,0.2023
"Dare",9901,0,NA,NA,NA,NA,0,NA,1,NA,NA,0,"less_25",0,NA,NA,NA,NA,NA,NA,NA,NA,NA,NA,NA,NA
"Dare",9902,0,NA,NA,NA,NA,0,NA,1,NA,NA,0,"less_25",0,NA,NA,NA,NA,NA,NA,NA,NA,NA,NA,NA,NA
"Davidson",601.01,5566,1,9.74,34.63,0,0,15.82,5.17,13.11,20.35,45.3,"btwn_25_50",23.3743,5.7,8.1,1.2,28.6,9.4,5.7,13.7,8.5,0.2529,0,0.4293,0.1749
"Davidson",601.02,7593,1.33,9.68,34.33,0,0,0,5.54,0.34,27.34,9.8,"less_25",19.9525,4.9,2,2.1,32.7,8.8,7.7,12.1,9.6,0.3345,0.2,0.167,0.1848
"Davidson",602.01,4603,1.33,9.7,34.03,0,0,0.74,4.42,11.46,8.46,14.7,"less_25",26.9607,9,9.7,4.5,35.8,9.5,8,13.2,11.6,0.4162,0.4,0.4503,0.5066
"Davidson",602.02,2427,1.33,9.57,34.94,0,0,0,4.17,13.79,0,21.4,"less_25",47.5896,15.2,16.4,9.4,34.1,10.2,7.1,16.3,12.1,0.473,0.2,0.791,0.6057
"Davidson",602.03,6054,1.33,9.68,34.33,0,0,0,6.11,78.54,0,8.6,"less_25",20.8686,11.3,11.1,5.4,33.5,9.6,7.6,14,10.7,0.5202,0.2,0.4097,0.4299
"Davidson",603.01,4796,1.33,9.6,34.2,0,0,0,5.25,4.59,0,6.5,"less_25",21.035,7.3,5.1,2.8,33.1,9.1,7.7,12.7,10.4,0.1648,0.2,0.1824,0.1125
"Davidson",603.02,4063,1.33,9.52,34.11,0,0,0,6,0,0,8.6,"less_25",18.0901,8.8,7.1,3.3,31.5,9.1,7.2,12.7,9.6,0.115,0,0.1797,0.0325
"Davidson",603.03,4032,1.33,9.59,34.12,5.97,0,11.34,3.83,0.44,1.05,4.8,"less_25",23.7432,5.2,8.3,2.1,33,9.3,7.5,13.4,10.3,0.5211,0.2,0.2337,0.3277
"Davidson",603.04,3635,1.33,9.68,34.15,4.1,0,12.36,4.67,2.56,0.5,1.9,"less_25",27.2552,10.7,10.7,9,32.4,9.9,7,15.4,10.9,0.5245,0,0.519,0.3806
"Davidson",604,5162,1.33,9.78,34.75,0,0,24.94,6.33,67.54,13.19,10.1,"less_25",32.7392,11.8,13.3,8.5,33.4,9.4,7.5,13.9,10.4,0.6378,0.2,0.5355,0.5615
"Davidson",605,5617,1,9.82,36.49,0,0,9.41,3.83,54.38,26.35,4.8,"less_25",30.9596,8.3,23.6,5.1,36.3,9.9,8,14.7,12,0.84,0.4,0.5403,0.7422
"Davidson",606.01,4540,1.33,9.8,34.92,0,0,20.46,4.5,31.03,20.09,14.9,"less_25",33.6251,10.7,13.2,7.3,30.7,9.9,6.1,15.7,9.8,0.3949,0.2,0.4067,0.3559
"Davidson",606.02,2625,1,9.8,34.86,0,0,20.69,5.08,15.54,20.04,12.3,"less_25",20.1524,8.7,9.5,6.5,36.1,9.8,8.1,14.5,12.2,0.5945,0.4,0.4709,0.6065
"Davidson",607,5734,0.67,9.83,37.58,0,0,98.93,8.13,97.91,20.04,56.7,"btwn_50_75",51.9441,20.4,27,7.9,38.4,11,6.5,17.1,14.8,0.5931,0.8,0.8923,0.9034
"Davidson",608,3764,0.67,9.83,36.91,0,0,81.5,9.28,99.85,23.41,56,"btwn_50_75",58.2589,10.3,23.3,5.2,42.7,12,7.1,18.4,18.2,0.7567,0.8,0.9708,0.9619
"Davidson",609,5015,0.67,9.84,36.98,0,0,90.44,6.53,84.64,30.95,31.7,"btwn_25_50",52.331,15.2,18.3,4.2,34.8,10.8,6.4,17.6,12.6,0.8179,0.6,0.8518,0.8989
"Davidson",610,4891,0.67,9.83,37.19,0,0,94.16,7.94,65.86,28.09,38.7,"btwn_25_50",41.1605,13,17,7.8,35.6,10.4,7,16.5,13.4,0.7779,0.8,0.8612,0.9414
"Davidson",611,7195,0.67,9.81,36.75,0,0,8.18,6.07,39.55,17.13,9.2,"less_25",39.9859,9.5,11.8,2.6,36.1,9.8,8.4,14.6,12.4,0.8749,0.6,0.6651,0.8627
"Davidson",612.01,6337,0.67,9.83,36.38,4.55,0,46.95,8.42,97.84,17.83,36.5,"btwn_25_50",62.47,20.2,27.4,14.5,38.5,10.5,7.7,16.4,14.8,0.9,1,0.9824,0.9997
"Davidson",612.02,3069,0.67,9.78,34.6,2.77,0,0.68,5.83,56.39,32.61,5.4,"less_25",32.6817,6.2,14.6,4.6,35.9,9.8,8.1,14.8,12.4,0.6345,0.6,0.5781,0.7542
"Davidson",613,2323,0.67,9.85,36.65,31.32,0,100,11.5,100,30.97,41.8,"btwn_25_50",42.9074,9.5,25.9,7.2,38.3,10.7,7.5,16.8,13.8,0.8743,1,0.9334,0.9989
"Davidson",614,3141,0.67,9.85,36.38,93.67,0,99.51,10.83,85.64,25.86,69.6,"btwn_50_75",72,31,36.5,23,42.3,12.8,5.8,22.2,18.5,0.7585,0.8,0.9986,0.9686
"Davidson",615,6309,0.67,9.86,37.03,55.48,0,61.68,8.75,95.92,29.86,55.7,"btwn_50_75",65.5795,13.7,21.6,9.8,44.6,11.6,7.7,17.4,18.7,0.9743,1,0.9965,1
"Davidson",616,2796,0.67,9.85,37.67,0,0,42.76,9.78,100,32.69,53.9,"btwn_50_75",64.4779,17.7,21.2,3.6,37.6,11.4,6.6,19.4,15.5,0.7732,0.8,0.9186,0.9542
"Davidson",617.01,5069,0.67,9.81,35.7,0,0,0,5,51.06,18.73,11.5,"less_25",34.3347,13.2,14.7,4.4,34.2,9.8,7.6,15.1,11.5,0.698,0.2,0.6769,0.6563
"Davidson",617.02,7222,0.67,9.75,34.22,2.49,0,6.53,3.88,19.37,19.71,11.5,"less_25",45.8045,12.5,21.5,9.8,34.4,10.4,7.2,16.5,12.2,0.718,0.4,0.7917,0.7893
"Davidson",617.03,4751,1,9.79,34.73,0,0,0,4.44,12.67,7.99,10.9,"less_25",38.6388,11.5,16.6,5.5,33.5,10.1,6.5,16.5,10.9,0.3137,0.2,0.56,0.3983
"Davidson",618.02,7775,0.67,9.75,34.65,0,0,3.15,4.71,8.83,41.88,7.9,"less_25",31.3565,9.3,10.3,5.9,34.9,9.7,7.4,14.8,11.4,0.5368,0.2,0.5415,0.5127
"Davidson",618.03,3107,1,9.84,36.86,1.27,0,14.85,5.04,48.04,30.42,23.9,"less_25",34.0666,10.4,15.3,4.4,37.3,10.2,7,15.5,13,0.9812,0.6,0.6481,0.8881
"Davidson",618.04,6405,0.67,9.77,34.41,0,0,16.9,3.7,12.46,47.18,11.9,"less_25",30.2888,11.3,11.9,2.7,35,9.6,7.4,14.4,11.2,0.6608,0.2,0.3422,0.4708
"Davidson",619.01,5796,0.33,9.79,35.44,0,0,0,4.89,56.43,12.32,2.9,"less_25",37.1438,11.3,22.2,7.9,34.5,10,7.3,15.6,11.3,0.8236,0.2,0.5941,0.6758
"Davidson",619.02,5421,0.33,9.72,34.09,0.31,0,3.6,4.44,29.1,15.3,5.9,"less_25",43.1497,6.3,26.9,4.2,35.2,10.1,7.8,15.8,12,0.6027,0.6,0.6144,0.7559
"Davidson",620.01,4513,0.67,9.5,33.88,0,0,19.01,3.5,15.42,36.18,6.1,"less_25",32.284,13.5,17.4,6.9,36.6,10.1,7.6,15.6,12.2,0.5328,0.6,0.5132,0.6875
"Davidson",620.02,4035,0.33,9.47,33.59,0,0,0,6.04,9.43,5.51,2.8,"less_25",41.6731,11.3,24.1,3.9,37.9,10.4,8.3,16.3,13.1,0.3647,1,0.7303,0.8502
"Davie",801,8355,0.33,9.39,32.52,0.07,0,0,3.88,41.97,4.88,17.9,"less_25",33.6426,14.6,13,5.1,35.2,9.9,7.3,14.9,11.4,0.5516,0.2,0.6993,0.5995
"Davie",802,5377,0.33,9.29,33.79,0,0,4.23,5.25,20.26,7.1,7,"less_25",22.8008,5.7,6.5,1.9,34.7,9.3,7.8,13.3,10.6,0.147,0.2,0.2291,0.1249
"Davie",803,8998,0.67,9.45,33.93,0,0,21.94,6.21,43.81,3.94,13.1,"less_25",19.9483,8.5,12.8,2.7,36.8,8.9,9.5,11.5,11.3,0.3433,0.4,0.4966,0.4918
"Davie",804,4883,0.67,9.61,33.67,0,0,0.09,4.67,28.49,3.01,4.4,"less_25",20.1106,4.8,8.8,4.1,33.2,9.2,7.5,12.6,9.8,0.6216,0.2,0.2008,0.368
"Davie",805,4635,0.33,9.56,33.74,5.06,0,8.61,5.72,75.38,0,25.6,"btwn_25_50",34.9248,10.2,12.6,4.7,34.8,10,6.8,14.7,11.2,0.7832,0,0.7203,0.6248
"Davie",806,3997,0.33,9.48,34.08,11.91,0,14.14,7.72,81.79,4.91,27.3,"btwn_25_50",31.8636,7.9,14,2.3,38.5,9.8,8.8,13.9,12.9,0.7351,0.6,0.705,0.8337
"Davie",807,6012,0.33,9.69,33.77,0,0,6.18,4.33,44.08,5.03,17.3,"less_25",42.2156,12.4,17.4,5.9,36.2,10.5,7,16.5,13.1,0.5679,0.8,0.7931,0.8687
"Duplin",901,9362,0,8.82,28.65,0,0,0,3,0,3.1,57.2,"btwn_50_75",58.0111,23.9,34.7,10,36.7,11,5.6,19.7,14.1,0.2058,0.8,0.9562,0.808
"Duplin",902,4963,0,9.02,28.88,0,0,0,4.67,20.27,8.65,57.1,"btwn_50_75",58.0789,22,23.7,8,39.9,11,6.8,17.2,15.8,0.2268,0.8,0.9824,0.8238
"Duplin",903,5913,0,8.85,29.3,0,0,0,6.04,31.01,0.12,67.2,"btwn_50_75",60.4424,18.3,21.9,8.5,47.8,12.1,7,18.4,19.8,0.4029,0.8,0.9946,0.8792
"Duplin",904,5434,0,8.57,29.38,0,0,0,5.04,25.73,9.86,57.8,"btwn_50_75",48.8756,16.9,21.5,2.9,40.8,10.7,6.6,15.6,15,0.3223,0.8,0.9342,0.8384
"Duplin",905.01,5803,0,8.41,29.17,0,0,0,4.56,15.13,0.36,19.5,"less_25",32.5466,7.5,14,7.7,38.2,10.2,7.2,15.9,12.3,0.0917,0.6,0.5706,0.5045
"Duplin",905.02,4611,0,8.23,28.88,0,0,0,4.61,21.94,11.64,39.5,"btwn_25_50",40.4468,21,25.7,7.5,40.6,10.8,7.4,16.6,14.3,0.0991,0.8,0.8467,0.7292
"Duplin",906,3885,0,8.04,28.58,0,0,22.87,2.94,0.11,1.41,22.6,"less_25",41.6474,12.3,20.3,6.6,41.2,10.9,7.4,17.1,14.4,0.0218,0.8,0.7449,0.6529
"Duplin",907.01,3682,0,8.3,29.22,0,0,2.4,3.83,13.4,7.23,39.4,"btwn_25_50",37.8672,12.5,18.7,9.9,42.8,10.9,7.4,15.7,15.5,0.0395,0.8,0.8736,0.7157
"Duplin",907.02,6586,0,8.3,29.66,0,0,0,7.28,82.1,0,49.8,"btwn_25_50",53.2268,12.6,26.6,8.3,45.2,11.6,7.9,17.6,19.1,0.6277,1,0.9841,0.9783
"Duplin",908.01,3053,0,8.64,29.33,0,0,0,4,25.4,5.68,77.2,"greater_75",58.928,22.2,32.7,8.8,41.8,11.2,6.1,17.9,16.7,0.1871,0.8,0.9828,0.811
"Duplin",908.02,5675,0,8.43,29.23,0,0,1.09,6.11,20.26,2.69,41.1,"btwn_25_50",53.3014,15.4,20.7,7.7,43.7,11.1,7.1,16.4,16.3,0.2813,0.8,0.983,0.8405
"Durham",1.01,3150,0,9.88,38.24,0,0,100,13.92,84.1,43.82,66.6,"btwn_50_75",40.5526,12.9,15,3.5,37,11.2,5.5,16.2,13.8,0.5221,0.8,0.6576,0.8143
"Durham",1.02,4430,0,9.84,39.35,0,0,100,10.92,100,42.63,61.7,"btwn_50_75",46.3593,27.2,17.6,5.5,34.5,10.2,5.9,15,11.9,0.3676,0,0.8744,0.4933
"Durham",2,3343,0,9.92,39.88,0,0,91.51,14.94,100,44.33,49.3,"btwn_25_50",38.1156,34.9,23.2,4.3,32.1,9.7,4.8,13.9,10,0.596,0,0.6481,0.4943
"Durham",3.01,2381,0,9.86,41.21,0,0,100,14.72,100,44.33,54.6,"btwn_50_75",40.0506,12.1,19.2,7,30.8,10.3,4.3,15.5,10,0.5879,0.2,0.82,0.6714
"Durham",3.02,3819,0,9.89,40.27,0,0,100,13.17,100,44.33,35.9,"btwn_25_50",22.4928,10.7,8.9,3.3,23.4,8.3,4.7,10.9,6.2,0.6202,0,0.3347,0.3277
"Durham",4.01,2900,0,9.83,47.03,0,0,95.43,13.33,100,44.3,16.6,"less_25",11.6897,6.9,3.4,7.4,25,7.8,6.5,9.4,6.3,0.7273,0,0.1626,0.2884
"Durham",4.02,2337,0,9.85,57.79,0,0,95.07,18.5,100,41.73,21.2,"less_25",38.0402,6.4,3.2,3.8,18.4,8.2,3.8,12.1,5,0.6268,0,0.1754,0.2382
"Durham",5,4532,0,9.91,43.16,0,0,100,15.21,100,20.94,71,"btwn_50_75",65.7089,16.8,22.2,4,30.1,10.3,4.1,16.2,9.8,0.6307,0.2,0.8995,0.7228
"Durham",6,5504,0,9.91,39.92,0,0,96.43,12.06,57.66,15.3,47,"btwn_25_50",41.8241,16.9,14.1,3.7,31.3,9.3,5.5,13.5,10.4,0.3215,0,0.6746,0.3522
"Durham",7,3682,0,9.96,39.24,0,0,100,14.17,63.34,47.53,31.4,"btwn_25_50",22.6187,6.2,6.6,3.6,34.2,9,6.8,10.8,10.2,0.3946,0,0.4204,0.2455
"Durham",9,1710,0,9.95,39.13,0,0,100,14.58,100,44.33,86.3,"greater_75",62.9147,28.8,33,3.8,43.2,12.3,4.9,19,18,0.5645,0.8,0.8843,0.8932
"Durham",10.01,3706,0,10.01,38.23,0,0,100,13.61,100,44.88,87.4,"greater_75",70.6869,30.7,41.8,13.1,41.5,12.8,4.9,19.7,18.2,0.7957,0.8,0.9924,0.9744
"Durham",10.02,5931,0,9.99,38.27,0,0,87.55,13.25,100,44.55,92.1,"greater_75",81.4871,28.7,40.9,3.6,39.6,12.6,4.3,21.5,17.8,0.7513,0.8,0.9825,0.9634
"Durham",11,3183,0,9.98,39.63,0,0,100,17.17,100,44.53,82.6,"greater_75",69.6732,22.5,26.7,8.2,43.3,12.3,4.9,19.4,18.7,0.7395,0.8,0.9864,0.9615
"Durham",13.01,1382,0,9.98,38.62,0,0,100,15,100,47.75,96.7,"greater_75",57.0912,23.1,20.5,9.7,47,11.9,5.7,16.4,18.8,0.7836,0.8,0.9724,0.9684
"Durham",13.03,3985,0,10,38.3,0,0,100,14.17,69.21,47.75,87.2,"greater_75",49.9126,8,13.6,10,28,12.7,3.1,18,9.1,0.6268,0.4,0.5978,0.6787
"Durham",13.04,3411,0,10,37.96,0,0,100,12.33,0,47.75,97.9,"greater_75",70.0088,23.9,30.2,10.3,49.4,13.1,6.2,18.4,21,0.1189,0.8,0.9943,0.7909
"Durham",14,2397,0,10.02,38.8,0,0,100,12.67,100,47.68,98.5,"greater_75",80.559,18.4,32.4,7.8,47,14.9,5.3,22.7,21.7,0.8336,0.8,0.9713,0.9772
"Durham",15.01,3387,0,9.87,78.45,0,0,70.17,13.83,98.86,1.82,53.6,"btwn_50_75",65.2174,1.7,0,15.1,12.7,11.2,0.7,24,3,0.5893,0.4,0.4335,0.5861
"Durham",15.02,5928,0,9.84,73.06,0,0,36.18,15.04,100,1.99,76.5,"greater_75",68.5097,15.9,21.7,5.3,23.7,9.7,2.9,16.1,8.3,0.473,0.2,0.841,0.6294
"Durham",15.03,1727,0,9.89,42.17,0,0,100,13.33,100,40.58,52.6,"btwn_50_75",0,1.2,0,0,9.2,9.5,0.8,17.6,1.7,0.6842,0.2,NA,NA
"Durham",16.01,6435,0,9.66,34.51,0,0,18.31,6.22,42.86,1.14,47.8,"btwn_25_50",19.924,6.9,7.6,7.5,35.5,8.8,7.8,10.9,10.6,0.3416,0.4,0.5366,0.5126
"Durham",16.03,6829,0,9.56,34.39,0,0,17.88,6.13,50.34,1.51,32.4,"btwn_25_50",17.7918,5.3,5,3.1,32.6,8.7,7.4,10.9,9.2,0.1048,0,0.216,0.0386
"Durham",16.04,6381,0,9.6,34.61,0,0,38.07,5,0,4.11,22.7,"less_25",5.2772,1.9,0.7,0.3,32.8,8.3,8,9.4,9.2,0.0596,0.2,0.0297,0.0314
"Durham",17.05,5050,0,9.79,39.11,0,0,73.46,12.22,94.04,30.77,37.6,"btwn_25_50",31.1542,11.4,11.8,5.1,35.9,9.2,7.7,12.2,11,0.5617,0.4,0.5707,0.6378
"Durham",17.06,5321,0,9.79,39.21,0,0,3.76,10,86.93,12,45.9,"btwn_25_50",25.6155,9.7,5,2,24.4,8.4,4.6,11.3,6.6,0.6032,0,0.1742,0.2245
"Durham",17.07,7085,0,9.72,36.64,0,0,76.65,7.43,49.68,14.09,18,"less_25",9.9885,4.8,2.9,6.6,33.6,7.9,9.6,8.8,9,0.4356,0.2,0.2331,0.2761
"Durham",17.08,5245,0,9.74,36.11,0,0,60.75,6.5,45.29,5.23,83.1,"greater_75",29.6282,13.9,18.3,5.1,40.3,11.1,6,13.7,14.2,0.267,0.6,0.8231,0.7064
"Durham",17.09,6964,0,9.8,37.54,0,0,71.63,11.83,42.09,14.14,89.3,"greater_75",59.6049,16,25.3,8.5,43,12.6,5.8,18,16.4,0.2622,0.8,0.9898,0.837
"Durham",17.1,4894,0,9.74,37.91,0,0,100,9.42,95.92,5.23,72.4,"btwn_50_75",48.5954,14.1,18.9,3.3,32.7,10.2,5.1,15,11.2,0.1123,0,0.6219,0.2011
"Durham",17.11,4465,0,9.72,37.31,0,0,100,12.89,21.15,5.23,75.7,"greater_75",51.4478,25.1,15.9,6.8,30.4,10.3,4.1,15.4,9.4,0.0387,0,0.7899,0.2532
"Durham",18.01,8618,0,9.82,36.87,0,0,75.89,5.77,60.05,32.98,73.4,"btwn_50_75",42.9815,21.3,24.7,4.7,36.2,10.5,5.7,14.7,12.1,0.5498,0.4,0.7635,0.7157
"Durham",18.02,8121,0,10.02,37.81,0,0,98,9.46,81.39,54.29,92.7,"greater_75",56.0621,29,25.7,9.4,39.5,12.1,4.8,18.4,15.6,0.6418,0.8,0.9866,0.9387
"Durham",18.06,7416,0,9.92,36.22,0,0,71.86,4.92,8.75,43.45,64.6,"btwn_50_75",39.4612,9.6,9.2,2.2,34.7,9.9,5.8,13.8,10.5,0.2702,0,0.3431,0.1415
"Durham",18.07,10155,0,10.02,36.78,0,0,76.47,11,21.75,55.42,78.8,"greater_75",28.9684,11.1,15.4,5.8,34.1,10.4,4.9,13.8,10.8,0.2561,0.2,0.6127,0.3955
"Durham",18.08,10407,0,10.07,36.86,0,0,2.54,7.08,41.62,47.6,59.9,"btwn_50_75",10.6851,4.8,7.5,1.3,28.5,8.4,5.7,10.3,7.8,0.3383,0,0.1064,0.0745
"Durham",18.09,6217,0,10.1,38.2,0,0,8.1,10.5,98.83,33.73,59.4,"btwn_50_75",28.6199,4.7,8.5,6.2,27.2,9.5,4.8,13.2,7.9,0.5058,0,0.4899,0.3519
"Durham",19,4418,0,10.01,36.63,0,0,33.83,4,6.72,42.58,24.2,"less_25",10.2535,2.7,6,3.3,28,8.2,6.6,10.5,7.6,0.1949,0,0.178,0.0524
"Durham",20.07,4855,0,9.99,38.52,0,0,90.17,6.67,0.39,47.62,36.2,"btwn_25_50",16.3798,2.4,2.6,3.7,31.8,8.3,7.3,9.2,8.8,0.1391,0,0.28,0.0659
"Durham",20.08,3069,0,9.97,38.85,0,0,30.38,7.33,0.28,41.12,16.4,"less_25",3.1076,4.2,0.3,2.3,29.8,7.4,8.3,7.6,7.5,0.1769,0.2,0.0108,0.0565
"Durham",20.09,5052,0,10.02,37.7,0,0,100,12.06,32.34,47.07,97.6,"greater_75",54.0244,16,19.6,6.9,48.2,11.6,6.7,14.7,19.6,0.6136,0.6,0.9772,0.8774
"Durham",20.13,4679,0,10.13,37.46,0,0,12.31,6.06,40.48,16.83,46.8,"btwn_25_50",12.9942,7,5.2,3.8,29.6,8.7,6,11.2,8.5,0.4877,0,0.1538,0.1546
"Durham",20.15,5801,0,9.93,38.47,0,0,87.07,15,60.99,16.27,60.6,"btwn_50_75",55.5672,24.8,20.3,6.2,29.8,10.1,5.4,16,10.3,0.0745,0.2,0.9439,0.4792
"Durham",20.16,5304,0,9.92,37.13,0,0,6.4,14.5,97.37,1.88,69.6,"btwn_50_75",52.3494,30,29.2,2.8,23.5,9.8,2.9,16.4,7.2,0.1021,0.2,0.7141,0.3645
"Durham",20.17,7660,0,9.85,37.64,0,0,40.22,10.11,61.28,1.89,24.9,"less_25",15.1082,2,4.3,3.8,28.5,7.9,7.4,9.2,7.8,0.1279,0,0.2638,0.0575
"Durham",20.18,9587,0,9.94,38.4,0,0,21.03,9.39,80.43,41.83,41.7,"btwn_25_50",16.0856,5.5,3.1,4.3,27.8,8.2,6.9,10.1,7.4,0.1791,0,0.3386,0.1007
"Durham",20.19,5064,0,9.97,38.15,0,0,6.02,6,28.15,42.34,24,"less_25",16.2574,5.3,0,2.5,22.8,7.7,5.6,9.4,5.5,0.179,0,0.218,0.0591
"Durham",20.2,7445,0,10.06,37.08,0,0,55.48,5.75,19.53,37.19,37.6,"btwn_25_50",7.386,3,1.1,3.4,25.3,7.7,5.3,8.9,6.6,0.1327,0,0.0386,0.012
"Durham",20.21,4285,0,10.04,37.47,0,0,51.32,10.67,99.9,42.05,52.9,"btwn_50_75",16.0928,4.4,3.6,4.4,23.8,8.9,4.5,12.2,7.5,0.1564,0,0.1649,0.0387
"Durham",20.22,4819,0,10.07,37.64,0,0,100,9.75,85.4,41.28,55.3,"btwn_50_75",22.3075,8.7,5.4,4.9,23.2,8.8,4.7,11.2,6.6,0.1872,0,0.4231,0.1401
"Durham",20.23,3287,0,10.04,37.52,0,0,99.7,13.08,92.9,45.81,42.2,"btwn_25_50",18.5651,5.4,5.8,1.8,25.8,8.8,5.6,10.9,7.3,0.1012,0,0.2256,0.04
"Durham",20.24,6361,0,10.02,37.8,0,0,48.98,10.72,2.77,47.2,30.8,"btwn_25_50",12.6395,2.4,1.1,3.4,22.8,8.1,5.1,9.9,6,0.1388,0,0.0171,0.01
"Durham",20.25,6746,0,10.07,38.35,0,0,31.33,7.72,15.24,28.23,67.5,"btwn_50_75",18.07,8,5.4,4,28.1,8.8,4.7,10.9,8.2,0.4246,0,0.3532,0.2249
"Durham",20.26,7296,0,10.05,37.84,0,0,54.2,8.67,2.75,23.2,86.8,"greater_75",41.1473,19.5,15.6,4.4,32.9,10.6,4.5,14.1,11.1,0.3557,0.2,0.8262,0.5659
"Durham",20.27,10567,0,10.11,37.78,17.31,0,29.2,8.72,68.86,17.93,63.7,"btwn_50_75",31.4836,11,7.1,2,27.2,9.7,4.1,13.9,8.3,0.798,0,0.3749,0.4543
"Durham",20.28,10201,0,10.17,38.74,6.9,0,0,10.11,69.78,30.28,59.6,"btwn_50_75",15.5377,9.1,5.2,3.9,20.3,8.3,3.4,11,5,0.8756,0,0.14,0.364
"Durham",21,9200,0,9.46,32.92,0,0,0.72,3.72,21.26,6.41,38.2,"btwn_25_50",11.9148,4.1,5.7,5.3,35.2,9,7.7,11.8,10.8,0.2639,0.4,0.3942,0.389
"Durham",22,2091,0,9.94,40.38,0,0,100,18.17,100,44.74,41.8,"btwn_25_50",29.4872,11.4,9,5.4,23.3,9.2,3.6,13.2,6.5,0.5064,0,0.4491,0.3282
"Durham",23,1633,0,9.96,39.99,0,0,100,15.83,100,47.75,82.9,"greater_75",57.4122,14.6,19.7,3.1,42.3,11.1,4.1,17.2,14.4,0.6282,0.8,0.8519,0.9019
"Durham",9801,0,0,10.15,37.05,66.83,0,0,11.83,96.3,16.65,0,"less_25",0,NA,NA,NA,NA,NA,NA,NA,NA,NA,NA,NA,NA
"Edgecombe",202,6214,0,9.09,31.39,0,0,33.05,11.53,11.2,0.08,83.1,"greater_75",68.9253,9.5,23,8,51.8,13.7,6.7,20.3,24,0.3632,0.8,0.9543,0.8569
"Edgecombe",203,4821,0,9.02,32.07,0,0,64.66,15.17,80.73,0.69,90.2,"greater_75",47.7391,11.4,11.4,13.8,45.9,12.2,5.9,16.5,17.9,0.4169,0.8,0.8716,0.848
"Edgecombe",204,4724,0,8.99,32.27,0,0,24.82,12.3,69.73,0.69,96.3,"greater_75",54.7417,10.3,12.8,5.8,50.2,12.1,6.8,15.5,20.3,0.2352,0.8,0.9191,0.8053
"Edgecombe",206,2364,0,8.84,30.45,3.13,0,0.29,4.58,14.42,0.07,76.3,"greater_75",42.1589,18.6,14.2,13.8,42.8,12.4,5.6,18.3,16.4,0.5331,0.8,0.8703,0.8808
"Edgecombe",207,1918,0,8.66,29.46,0,0,17.49,4.33,7,0,68.6,"btwn_50_75",37.0816,9.6,15.9,5.5,45.7,11.6,6.9,16.5,18.3,0.2268,0.8,0.8132,0.7639
"Edgecombe",208,3324,0,8.47,28.28,0,0,1,3.72,34.83,4.49,46.4,"btwn_25_50",49.787,11.2,23,8.2,42.8,11.7,6.8,17.5,17.1,0.2151,0.8,0.8307,0.766
"Edgecombe",209,2582,0,8.6,29.06,0,0,0,6.5,89,7.93,87,"greater_75",59.8373,8.6,29.5,6.7,50.9,13.3,6.1,18.5,21.7,0.2561,0.8,0.9278,0.8157
"Edgecombe",210,3006,0,8.6,28.82,0,0,0,8.25,61.6,2.16,71.2,"btwn_50_75",52.7321,9.3,25.4,11.6,46.1,11.3,8.1,15.1,17.2,0.3474,0.8,0.9772,0.8588
"Edgecombe",211,4110,0,8.65,28.58,0,0,0,6.5,48.6,1.59,58,"btwn_50_75",42.5547,12.3,20.4,7.9,39.6,10.7,7.1,15.3,14.3,0.6419,0.6,0.8225,0.8405
"Edgecombe",212,4806,0,8.7,29.03,0,0,0,7.96,83.21,7.05,53,"btwn_50_75",45.8314,3.2,15.5,7.7,43.8,11.2,8.3,16,16.6,0.5567,1,0.8647,0.9371
"Edgecombe",213,4942,0,8.78,28.68,0,0,0,4.56,52.98,2.73,46.3,"btwn_25_50",38.4756,12.9,19.2,5.9,38.6,10.8,6.7,16.1,14.2,0.3719,0.8,0.797,0.8106
"Edgecombe",214,3548,0,8.98,29.32,0,0,0,2.83,3.41,0,19.1,"less_25",42.0237,10.7,16.5,7.2,38.6,11.1,6.6,18.1,13.9,0.1114,0.8,0.6669,0.6579
"Edgecombe",215,3305,0,8.86,28.11,0,0,0,5.22,2.62,0,47.6,"btwn_25_50",39.721,8.3,20,5.8,43.9,11.3,7.2,16.3,16.2,0.1,0.8,0.7522,0.6904
"Edgecombe",216,2984,0,8.78,28.12,0,0,0,2.89,33.64,0,33.8,"btwn_25_50",36.2255,11.1,22,11.3,38.5,10.6,7.3,16.1,13.4,0.0933,0.8,0.737,0.6811
"Forsyth",1,2320,1,9.26,38.4,0,0,100,16.67,100,28.35,37.1,"btwn_25_50",25.5168,7.6,11.2,2.4,29.6,8.6,4.2,13.3,8.6,0.5676,0,0.4283,0.3521
"Forsyth",2,1083,1,9.23,38.68,0,0,100,13.83,100,28.35,52.9,"btwn_50_75",59.7776,30.3,14.2,23,47.6,11,5.3,18.3,19.4,0.8177,0.8,0.8976,0.9592
"Forsyth",3.01,1858,1,9.21,37.9,0,0,100,9.83,68.15,28.35,94.1,"greater_75",70.7212,13.6,26.9,15.4,50.6,14.2,6.1,20.6,23.8,0.7362,0.8,0.9529,0.9535
"Forsyth",3.02,1546,1,9.19,38.1,0,0,100,10.5,21.55,20.14,98.6,"greater_75",60.2199,13.4,23.8,14.2,51.9,12.7,6.6,18.1,23.5,0.7588,0.8,0.9281,0.9531
"Forsyth",4,3559,1,9.19,37.4,26.88,0,100,7.28,100,28.03,99,"greater_75",74.7504,25.2,19.7,15.5,46,12.4,5.6,18.2,20.1,0.9878,0.8,0.9574,0.9959
"Forsyth",5,2271,0.67,9.21,36.55,41.87,0,100,8.67,100,4.27,99.2,"greater_75",77.8071,23.9,19.5,13.8,49.6,13.6,5.6,20.2,22.1,0.9716,0.8,0.9824,0.9965
"Forsyth",6,2259,0.67,9.23,37.05,0,0,100,15.42,100,5.75,98.2,"greater_75",68.0691,17.2,24.4,17.4,53.3,13.8,6.2,20.5,26.5,0.8491,0.8,0.9886,0.9826
"Forsyth",7,2238,1,9.27,37.73,0,0,100,14,100,15.41,81.4,"greater_75",67.0241,16.3,12.8,7.1,50.6,12.9,6.4,18.4,23,0.7413,0.8,0.7868,0.9143
"Forsyth",8.01,3399,1.33,9.32,36.74,0,0,100,10.25,100,24.9,85.7,"greater_75",83.7386,8.7,42.1,20.2,24.3,16.1,1.3,29.6,7,0.8565,0.4,0.9185,0.8729
"Forsyth",8.02,2536,1.33,9.34,37.36,0.29,0,100,8.42,100,28.34,78.4,"greater_75",82.7926,13.8,16.5,7,33.3,12.9,3.5,23.2,13.5,0.9265,0.6,0.9348,0.9465
"Forsyth",9,3273,1,9.31,37.72,0,0,100,10.67,100,28.35,48.7,"btwn_25_50",56.1232,17.2,14.3,11.1,32.8,10.9,5.7,17.3,12.3,0.7678,0.6,0.9217,0.9046
"Forsyth",10,4119,1,9.3,38.54,0,0,100,9.29,99.43,28.35,48.2,"btwn_25_50",45.2051,14.8,12.6,8,28.8,9.1,4.9,14.2,8.9,0.6032,0,0.692,0.5215
"Forsyth",11,2603,1,9.25,39.54,0,0,100,9.44,100,28.35,32,"btwn_25_50",44.625,15.2,5.6,6.1,31,9.3,5.8,13.6,9.8,0.6776,0,0.6615,0.5443
"Forsyth",12,1991,1,9.21,37.91,0,0,100,8.83,37.94,26.72,10.4,"less_25",15.0648,1.6,5.5,1.2,36.2,7.7,11.2,8.2,9.7,0.6884,0.4,0.1034,0.4644
"Forsyth",13,4846,1,9.15,35.89,0,0,88.71,7.56,0,0,36.8,"btwn_25_50",36.0526,5.4,5.5,7.6,18.1,10.4,3.3,18.3,5.1,0.4873,0.4,0.4671,0.5523
"Forsyth",14,3641,0.67,9.13,36.4,1.53,0,98.06,7.25,79.83,1.27,86.8,"greater_75",71.1098,15.7,23.7,10.1,42.5,11.9,4.9,19.4,17.7,0.9693,0.8,0.992,0.9972
"Forsyth",15,4674,0.67,9.12,35.18,25.79,0,98.6,7.11,95.03,0.89,82.9,"greater_75",56.6752,26.1,23.3,10.1,40.4,11.8,5.2,19.1,16.7,0.9495,0.8,0.9722,0.9941
"Forsyth",16.01,3256,0.67,9.17,35.7,39.85,0,96.12,5.22,63.95,3.03,90.2,"greater_75",38.6057,14.9,11.3,5.7,51.3,11.5,7.5,13.9,20,0.9496,0.8,0.8152,0.9699
"Forsyth",16.02,3449,0.67,9.2,36.54,61.75,0,99.81,5.92,100,3.05,93.7,"greater_75",60.0348,19.4,19.3,5.7,51,13.5,5.8,19.5,21.6,0.9759,0.8,0.9372,0.9931
"Forsyth",17,5678,0.67,9.26,36.57,0,0,99.16,6.43,100,3.05,84.5,"greater_75",53.4167,10.7,10.1,5,43.4,11.4,5.6,16.1,17.1,0.7289,0.8,0.8286,0.9216
"Forsyth",18,4308,1.33,9.38,36.97,0,0,100,6.79,90.26,3.96,93.2,"greater_75",67.7622,21.1,23.4,9.6,47.9,12.2,6.2,17.8,20.4,0.8334,0.8,0.9786,0.9784
"Forsyth",19.01,1608,1.33,9.39,37.35,87.5,0,100,9,100,28.25,81.1,"greater_75",76.3636,23.8,36.4,9.2,40.4,12.5,5.1,21.8,19,0.9585,0.8,0.9796,0.9954
"Forsyth",19.02,1911,1.33,9.34,37.12,4.46,0,100,10.42,100,28.35,35.9,"btwn_25_50",49.2412,23.7,13.2,1.5,34.3,10.3,5.9,16.2,12.4,0.9345,0.4,0.481,0.7554
"Forsyth",20.01,2692,1.33,9.4,37.31,99.46,0,100,7.17,100,28.03,70.3,"btwn_50_75",69.1679,13.6,21.1,10.4,44.1,12.4,6.2,20.2,19.5,0.95,0.8,0.9555,0.9922
"Forsyth",20.02,3627,1.33,9.38,37.39,21.06,0,100,9.5,89.89,27.23,73,"btwn_50_75",61.952,21,25.7,4,40.6,11.5,6.5,18.9,16.3,0.7578,0.8,0.7732,0.915
"Forsyth",21,2206,1,9.3,47.63,0,0,100,10.42,97.6,28.35,17.2,"less_25",35.2629,13.4,8.7,9.1,32.8,8.9,8.4,12.3,10,0.6923,0.2,0.6134,0.6257
"Forsyth",22,3526,1,9.27,42.45,0,0,100,13.72,100,20.74,19.3,"less_25",28.9451,2.4,3.7,2.1,29,8.4,6.9,11.3,8,0.6548,0,0.292,0.3224
"Forsyth",25.01,2611,1,9.22,37.51,0,0,100,7.44,63.95,1.41,4.9,"less_25",5.8215,0.4,1.8,2.7,30.7,7.8,8.8,8.6,8,0.5422,0.2,0.0031,0.2072
"Forsyth",25.02,2899,1,9.23,38.42,0,0,100,5.5,69.15,0,9.2,"less_25",10.8313,1.4,1.8,5.5,33.8,7.8,9.8,8.5,9.2,0.5285,0.2,0.0329,0.2161
"Forsyth",26.01,2824,1,9.17,36.05,0,0,95.53,7.67,0,0,13.6,"less_25",16.6785,1.9,3.2,1.9,35.5,8.1,9.8,9.4,10.3,0.0838,0.4,0.0436,0.1044
"Forsyth",26.03,5528,1,9.13,34.71,0,0,50.95,6.71,0,0,30.3,"btwn_25_50",18.7215,6.8,3.3,3.6,32.2,8.7,7.8,11.2,9.7,0.1374,0.2,0.2222,0.1182
"Forsyth",26.04,6604,1,9.08,33.75,0,0,71.29,6.79,0,3.78,38.4,"btwn_25_50",22.5167,5.2,4.9,4.6,32,8.7,6.9,11.3,9.5,0.0965,0,0.3482,0.0745
"Forsyth",27.01,6700,0.67,9.06,34.38,0,0,99.01,6.89,0,0.11,73.4,"btwn_50_75",46.1045,25.6,14.9,6.2,37.6,11.5,5.3,18,14.4,0.1511,0.8,0.8714,0.758
"Forsyth",27.02,5924,0.67,9.07,35.17,0,0,100,7.13,62.09,0,75.6,"greater_75",57.4182,16.2,12.8,10.3,40.8,11.9,6.8,17.8,16.2,0.5334,0.8,0.9437,0.901
"Forsyth",27.03,6439,0.67,9.11,35.18,0,0,94.97,8.04,5.05,0,63,"btwn_50_75",62.5243,16,7.2,7.1,29.2,10.5,5,16.7,9.9,0.4742,0.4,0.7252,0.6678
"Forsyth",28.01,4330,0,8.85,31.74,0,0,19.18,4.78,3.45,3.03,13.1,"less_25",25.3769,8.5,5.4,1.2,34.3,9.2,7.8,12.9,10.8,0.3244,0.2,0.1412,0.1668
"Forsyth",28.04,4174,0.33,9,33.75,0,0,24.39,4.67,31.56,3.41,61.8,"btwn_50_75",38.2487,7.8,12.3,6,36.6,9.9,6.7,14.6,13.3,0.395,0.4,0.65,0.5966
"Forsyth",28.06,3147,0.67,9.01,34.26,0,0,60.16,9,95.15,0,65,"btwn_50_75",59.6802,18.1,22,7.3,38.9,10.7,7.2,16.7,15,0.3933,0.8,0.9913,0.8755
"Forsyth",28.07,5269,0,8.91,33.48,0,0,23.57,5,5.45,0.01,39.3,"btwn_25_50",29.2553,9.1,15.4,3.2,36.8,10.1,7.4,14.7,12.7,0.2205,0.4,0.587,0.4734
"Forsyth",28.08,4045,0,8.87,32.89,0,0,32.49,4.67,68.51,6.01,23.7,"less_25",24.9197,7.1,11.2,2.8,33.3,9.3,7.3,13.2,10.2,0.3233,0,0.3523,0.1716
"Forsyth",28.09,2898,0,8.9,33.26,0,0,15.09,4.75,59.09,7.2,36,"btwn_25_50",13.3885,7.9,8,5.6,35.6,8.9,8.3,11.8,11,0.3228,0.4,0.2435,0.3345
"Forsyth",29.01,4812,0.67,8.99,33.78,0,0,63.74,4.72,4.18,0,47.4,"btwn_25_50",51.4196,15.4,17.6,5.9,37.9,10.8,6.8,16.5,14.5,0.3793,0.8,0.8411,0.8273
"Forsyth",29.03,3898,0.67,9.1,34.17,0,0,16.62,3.71,17.88,0.03,35.6,"btwn_25_50",55.7424,14.5,30.9,7.7,39.9,10.8,7.3,16.8,15.2,0.6188,0.8,0.8863,0.9083
"Forsyth",29.04,2285,0.67,9.01,33.09,0,0,1.88,5,47.22,0.04,10.1,"less_25",32.8194,17,14,10.6,37.8,9.6,7.8,14.4,12.2,0.2945,0.4,0.4551,0.4413
"Forsyth",30.02,4087,0.67,9.19,34.73,0,0,52.06,5.39,99.64,3.04,56.4,"btwn_50_75",40.9591,9.4,17.2,6.7,42.7,10.8,7.6,14.7,16.2,0.7243,0.8,0.6378,0.869
"Forsyth",30.03,3332,0.67,9.26,35.05,0,0,71.03,7.08,78.92,3.05,28.3,"btwn_25_50",28.5114,4.6,14.3,4,34.6,10,6.8,14.8,11.5,0.457,0,0.2792,0.2023
"Forsyth",30.04,3577,1,9.34,35.37,0,0,67.22,7.92,91.28,3.05,18.9,"less_25",27.0592,5.4,6.4,6.2,34.7,9.3,7.9,12.7,11.1,0.4381,0.2,0.5399,0.4568
"Forsyth",31.03,5463,0.67,9.22,33.69,0,0,16.99,5.83,48.02,3.2,20.4,"less_25",20.3734,9.9,7.5,5.9,29.8,8.8,6.7,12,8.7,0.2261,0,0.3803,0.1384
"Forsyth",31.05,3763,0.67,9.12,33.28,0,0,40.93,5.25,84.64,27.49,19.5,"less_25",36.2473,11.4,11.7,6.6,34.9,10,6.7,15,11.7,0.3184,0.2,0.6656,0.4603
"Forsyth",31.06,3140,0.67,9.07,33.13,0,0,0,2.5,32.13,24.96,2.9,"less_25",22.4038,6.4,9.5,6.2,32.3,9.2,7.2,13.4,10.1,0.2896,0,0.1781,0.0828
"Forsyth",31.07,4338,1,9.29,34.21,0,0,57.86,4.67,0.43,3.13,23.7,"less_25",25.8414,8.8,6.1,6.5,34.4,9.4,7.3,13.5,10.9,0.3721,0,0.3695,0.2051
"Forsyth",31.08,3822,1,9.33,34.21,0,0,17.72,7.67,1.28,7.24,40.3,"btwn_25_50",61.8526,17.8,22.7,6.7,36.3,10.7,6.9,18.1,14.4,0.2653,0.8,0.9717,0.8327
"Forsyth",32.01,5037,1,9.36,35.04,0,0,94.09,9.54,51.99,3.65,37.3,"btwn_25_50",36.8882,13.4,11,4.4,33.5,9.6,7.6,13.8,11.5,0.4293,0.2,0.5455,0.4552
"Forsyth",32.02,3884,1,9.41,35.58,0,0,90.87,10.78,63.81,26.85,37.9,"btwn_25_50",34.9382,13.8,20.2,7.8,34.4,9.8,6.8,15.5,11.8,0.4174,0.2,0.8232,0.5945
"Forsyth",33.07,3970,1,9.42,35.64,0,0,36.96,6.58,94.03,3.67,33,"btwn_25_50",23.4761,7,6.2,4,32.6,9.1,7.1,12.9,9.8,0.3638,0,0.3688,0.2003
"Forsyth",33.08,8798,1,9.41,35.52,0,0,35.11,5.71,77.63,2.11,31.6,"btwn_25_50",17.1273,5.1,4.7,2.9,30.1,8.8,6.4,12.2,8.7,0.3832,0,0.1571,0.1094
"Forsyth",33.09,5431,1.33,9.36,36.3,0,0,99.03,6.44,66.17,3,60.9,"btwn_50_75",47.2761,11,11.5,0.4,37.9,10.7,5.6,15.7,13.6,0.4729,0.8,0.712,0.8159
"Forsyth",33.1,4337,1.33,9.44,35.91,0,0,92.97,4.42,97.7,0.17,54.8,"btwn_50_75",40.0738,14.3,15.7,5.7,31.8,9.8,5.7,14.6,10.1,0.2792,0,0.5325,0.2435
"Forsyth",33.11,1927,1.33,9.51,35.26,0,0,50.95,5.67,98.9,0,39,"btwn_25_50",11.0535,3.8,3.8,1.6,30,9.2,6.3,13.1,8.8,0.3549,0,0.0863,0.0733
"Forsyth",33.12,3444,1,9.56,35.78,0,0,10.68,6.17,86.54,35.12,22.9,"less_25",27.7013,6.8,6.4,5.1,31.1,9,6.9,12.9,9.4,0.3964,0,0.3998,0.2351
"Forsyth",33.13,1676,1,9.65,35.57,0,0,0.43,5.83,95.02,31.89,23.3,"less_25",38.8471,6.5,11.6,6.2,39.1,10.1,8.1,15.9,14.6,0.5332,0.8,0.6894,0.828
"Forsyth",33.14,3400,1,9.57,35.63,0,0,15.61,5.5,97.14,15.62,21.5,"less_25",23.2353,10.3,6.4,6.1,30.3,9.1,6.5,13.4,9.2,0.4558,0,0.3485,0.2396
"Forsyth",33.15,3488,1,9.48,35.86,0,0,64.86,8.25,100,26.15,24.9,"less_25",33.5436,10.7,9,2.2,33.3,9.5,7.3,14.1,10.8,0.5162,0,0.549,0.3934
"Forsyth",34.02,2368,1.33,9.55,35.53,0,0,44.2,6,65.37,18.37,12.1,"less_25",28.8851,7.2,15.5,3.3,37.1,10,7.8,15.3,12.9,0.3924,0.6,0.4925,0.6156
"Forsyth",34.03,3259,1.33,9.46,36.56,0.01,0,36,6.33,97.65,0,82.4,"greater_75",58.6069,22.6,19.6,3.5,32.7,10.7,3.9,19.1,12.4,0.7134,0.6,0.8395,0.8665
"Forsyth",34.04,4198,1.33,9.42,36.7,1.78,0,71.94,6.17,100,1.83,87.1,"greater_75",80.9433,19.7,34.3,5.4,40.3,12.6,4.9,21.8,18,0.8968,0.8,0.9442,0.9831
"Forsyth",35,7565,1.33,9.5,36.74,15.05,0,47.92,4.77,52.53,0.35,70,"btwn_50_75",57.68,16.4,22.6,10.9,36.1,11,5.6,16.9,14,0.8609,0.8,0.9239,0.9739
"Forsyth",36,7308,1.33,9.5,35.49,3.48,0,30.7,6.67,84.5,0.1,56,"btwn_50_75",36.3437,16.7,17.3,2.3,32,9.8,6.3,14.9,11.2,0.86,0,0.614,0.6104
"Forsyth",37.01,4337,1.33,9.36,37.5,0,0,100,7.17,84.65,28.34,71.5,"btwn_50_75",63.454,12.1,19,2.4,30.6,11,4.2,17.2,10.4,0.2616,0.4,0.6488,0.5299
"Forsyth",37.02,5241,1.33,9.41,35.97,0,0,98.1,6.39,7.66,21.44,44.6,"btwn_25_50",41.4043,7.7,10.4,7,33.4,9.6,6.3,13.8,10.4,0.1359,0,0.5297,0.1668
"Forsyth",37.03,8211,1.33,9.48,34.66,0,0,15.47,5.08,0,0.14,46.5,"btwn_25_50",19.6687,8.4,6.1,6.6,27.8,9.2,5.3,12.9,8.3,0.1073,0,0.3219,0.0689
"Forsyth",38.03,5480,1.33,9.41,38.06,0,0,51.5,5.17,15.44,16.9,39.7,"btwn_25_50",24.8175,7.9,1.7,6.2,33.3,9.3,7.5,12.7,10.5,0.3971,0.2,0.3916,0.3475
"Forsyth",38.04,4838,1,9.36,38.96,0,0,46.53,6.89,85.93,24.11,35.6,"btwn_25_50",25.0793,9.7,6.6,3.6,34.5,8.9,8.4,11.5,10.2,0.55,0.2,0.5999,0.5501
"Forsyth",38.05,5518,1,9.3,37.59,0,0,95.88,7,100,0.43,46.3,"btwn_25_50",35.7376,11.2,10.7,6.4,36.8,10.3,6.5,15,12,0.5303,0.2,0.4261,0.4453
"Forsyth",38.06,3217,1,9.33,35.15,0,0,3.3,6.75,100,0.07,36.7,"btwn_25_50",24.184,10,6.6,10.4,32.8,9,7,12.2,9.9,0.4927,0,0.4749,0.3354
"Forsyth",39.03,4502,1,9.27,36.37,0,0,100,6.67,100,0,58.2,"btwn_50_75",56.6198,11.1,12.9,6.8,32.8,10.7,5.3,17.2,11.5,0.4197,0.4,0.8285,0.6886
"Forsyth",39.04,6185,1,9.26,34.76,0,0,28.66,7.25,99.05,0,34.8,"btwn_25_50",23.8443,7.2,4.6,1.7,31.7,8.7,7.5,11.7,9.6,0.1667,0.2,0.3765,0.206
"Forsyth",39.05,3504,1,9.24,35.62,0,0,100,6.58,78.77,0,36.1,"btwn_25_50",30.7363,8.4,4.6,5.1,31,8.7,7.1,11.8,8.9,0.1457,0,0.5291,0.171
"Forsyth",39.06,3533,1,9.21,34.97,0,0,100,6.89,0.72,0,5.7,"less_25",8.7575,5.4,0.3,6.1,35.6,7.9,10.2,8.8,10.1,0.1627,0.4,0.038,0.1358
"Forsyth",39.08,3015,1,9.19,34.33,0,0,14.95,7.33,0,0,10.8,"less_25",10.9784,1.4,0.7,5.4,32.8,8,8.8,8.9,9.2,0.069,0.2,0.0172,0.0309
"Forsyth",39.09,4436,1,9.22,34.57,0,0,26.17,7,4.92,0,17.9,"less_25",11.339,3.1,2.5,3.3,30.9,8.3,8.1,10.2,8.8,0.0855,0.2,0.0278,0.0367
"Forsyth",40.05,4584,1,9.39,33.97,0,0,98.32,7.39,55.02,0,9.9,"less_25",11.7634,2.1,3.4,4.1,33.6,8.3,8.9,10,9.8,0.3011,0.2,0.1135,0.1421
"Forsyth",40.07,8119,0.67,9.2,33.51,0,0,8.79,4.88,31.94,0.44,15,"less_25",11.0112,2.7,2.8,5.3,32.1,8.5,7.7,10.9,9.6,0.1451,0.2,0.1338,0.0865
"Forsyth",40.09,4657,0.33,9.1,32.4,0,0,20.96,5.75,48.66,0.54,7.5,"less_25",19.3395,1.8,5.3,5.6,31.2,8.6,7.6,11.4,9.2,0.1153,0.2,0.1285,0.0742
"Forsyth",40.1,3995,0.67,9.15,33.68,0,0,5.65,7.17,0.31,0,19.3,"less_25",10.1186,6.4,3.1,3.6,26.7,8.1,6.7,10.1,7.3,0.065,0,0.1335,0.0153
"Forsyth",40.11,5965,0.67,9.2,33.73,0,0,57,7.72,80.48,0.09,10.7,"less_25",19.0109,4.3,5.8,1.9,30.7,9,7.1,12.4,9.5,0.1112,0,0.1374,0.0238
"Forsyth",40.12,6310,1,9.27,34.1,0,0,0.49,7.21,75.54,0,30.6,"btwn_25_50",29.4722,5.7,8.8,2.8,29.5,9,6.8,12.8,9.2,0.1823,0,0.3964,0.126
"Forsyth",40.13,3454,1,9.32,34.34,0,0,50,8.67,100,0,32.2,"btwn_25_50",34.337,14.6,9.4,2.8,32.5,8.8,7.2,12.3,10.5,0.134,0,0.6045,0.2034
"Forsyth",40.14,2882,1,9.35,34.33,0,0,12.45,8,90.08,0,10.8,"less_25",26.0718,5.5,3.2,3.1,33.8,8.4,8.7,11,10,0.4331,0.2,0.2608,0.2905
"Forsyth",40.15,4749,1,9.43,33.63,0,0,41.18,4.61,19.38,0,26,"btwn_25_50",18.1933,6.4,5.8,4.5,30.4,8.7,6.8,11.9,8.9,0.3268,0,0.2383,0.1206
"Forsyth",41.02,3389,0.33,8.97,31.95,0,0,15.86,4.58,0,0.03,15.1,"less_25",30.8784,5.9,15.2,5.7,36.8,9.6,8.2,13.6,12,0.2059,0.4,0.5179,0.4267
"Forsyth",41.03,4479,0.67,9.09,33.24,0,0,2.76,5.83,0,2.83,17.5,"less_25",22.4558,8.6,3.7,3.5,33.2,8.9,7.6,11.9,10.2,0.0824,0.2,0.1868,0.0832
"Forsyth",41.04,4119,0,9,33.04,0,0,84.24,5.5,0,2.96,18.8,"less_25",16.5089,6.4,0.8,1.9,34.3,8.8,8.3,11.3,10.7,0.0236,0.2,0.1316,0.0473
"Franklin",601,4744,0,9.1,31.44,0,0,0,2.92,0,3.1,51.6,"btwn_50_75",46.9646,11.6,17.9,7.9,44,11.3,7.1,16.3,16.6,0.0571,0.8,0.9132,0.7386
"Franklin",602,3704,0,8.95,30.85,0,0,0,4.58,0,0,21.1,"less_25",29.1373,8.9,16.9,7.4,41,10.3,7.6,14.9,14.1,0.076,0.6,0.6714,0.5488
"Franklin",603.01,6123,0,9.2,31.78,0,0,0,7.67,0,0,48.6,"btwn_25_50",30.951,4.3,13.1,7.6,40.3,10,7.7,13.3,13.2,0.1262,0.6,0.7387,0.6062
"Franklin",603.02,2702,0,9.33,32.66,0,0,0,7.67,0,9.19,77.7,"greater_75",62.4495,11,23.4,13.2,48.2,12.1,6.9,18.1,20.8,0.4045,0.8,0.9925,0.879
"Franklin",604.01,2774,0,9.47,33.87,0,0,0,4.83,28.7,1.87,38.3,"btwn_25_50",42.4297,9.3,19.1,4.6,39.4,10.9,6.6,17.1,14.2,0.1861,0.8,0.6756,0.694
"Franklin",604.02,4984,0,9.41,33.94,0,0,0,5,20.49,1.86,61.8,"btwn_50_75",55.317,16.1,21.6,7.6,45.8,11.7,6.9,16.7,17.5,0.6859,0.8,0.9784,0.9473
"Franklin",605.01,7599,0,9.63,33.61,0,0,2.15,7.25,50.51,3.19,32.4,"btwn_25_50",17.6845,7.5,6,8.2,31.3,9.1,6.1,12.4,9,0.3854,0,0.3159,0.1847
"Franklin",605.02,8934,0,9.58,33.53,0,0,2.97,5.83,20.17,9.43,22.3,"less_25",20.1507,3.1,5,3,31.3,9.3,6.3,13.2,9.3,0.5764,0,0.182,0.2145
"Franklin",606,9200,0,9.46,32.44,0,0,0.59,3.61,0,22.16,25.6,"btwn_25_50",27.9674,11.1,11,4,34,10,6.4,14.9,11,0.2002,0,0.526,0.1973
"Franklin",607,6391,0,9.16,30.99,0,0,0,4.61,0,0,34.6,"btwn_25_50",36.6296,12.2,16,2.9,40.5,10.4,7.1,15.2,14.1,0.032,0.6,0.6489,0.5141
"Franklin",608.01,4102,0,9.35,31.51,0,0,0,6.33,0,21.53,34.8,"btwn_25_50",39.6584,18.1,18.3,4.2,37.6,10.5,5.7,15.7,12.8,0.0635,0.8,0.7532,0.6755
"Franklin",608.02,5105,0,9.43,31.37,0,0,0,4.58,25.61,0.05,26.4,"btwn_25_50",37.2684,13,18.1,5.6,33.2,9.9,6.5,15.1,10.8,0.1283,0,0.736,0.2734
"Gaston",301.01,3627,1,10.08,36.99,0,0,6.8,4.5,0,19.2,13.9,"less_25",22.0017,16.5,10.8,7,31.7,9.2,6.9,13,9.4,0.6044,0,0.4863,0.4083
"Gaston",301.02,4011,0.67,10.12,37.66,12.54,0,0,4.67,0,17.75,29,"btwn_25_50",33.2585,5.3,10.8,3.7,33.9,9.8,6.8,14.7,11,0.9703,0,0.2799,0.4978
"Gaston",302.03,2377,1,10.04,35.72,0,0,16.16,6.83,0,0.08,8.6,"less_25",32.7724,15.9,10.7,4.7,33.4,9.8,7.3,15,10.8,0.5188,0,0.3979,0.304
"Gaston",302.04,3491,1,10.07,36.4,0,0,13.08,5.67,0,0,22.2,"less_25",17.0359,3.6,8.6,5.7,32.2,9.2,7.2,13.3,9.7,0.4321,0,0.3399,0.2219
"Gaston",302.05,4199,1,10.01,35.87,0,0,21.22,4.22,0,18.62,10.7,"less_25",37.797,8.7,12,4,33.2,10,6.8,16,10.8,0.6479,0.2,0.5526,0.5753
"Gaston",303.01,2723,1,9.98,36.21,0,0,0,4.17,47.17,5.59,3.2,"less_25",43.5688,13.9,19,8.4,34.7,10.3,7.3,16,11.5,0.3345,0.2,0.6001,0.4325
"Gaston",303.02,2518,0.67,10.03,36.69,0,0,1.65,5.92,22.6,21.85,18,"less_25",43.0924,11.3,19.7,9.8,35.2,10.6,6.9,17.2,12.4,0.4429,0.8,0.8784,0.8579
"Gaston",304.01,4271,0.67,9.95,35.51,0,0,0,3,23.79,6.75,6.2,"less_25",26.596,8.2,14.8,2.9,33.4,9.6,7.2,14.4,10.5,0.2639,0,0.3498,0.1417
"Gaston",304.02,4492,0.67,9.97,36,0,0,26.31,5.89,17.96,47.5,13,"less_25",31.8127,10,15.3,6.1,30.7,9.9,6.3,15.5,9.8,0.3585,0.2,0.5926,0.4421
"Gaston",305.01,2778,0.67,9.9,35.27,0,0,0,3.08,0,6.8,7.1,"less_25",42.914,6.5,11.6,3.6,31.7,10,6.7,15.7,10.7,0.3967,0.2,0.4413,0.377
"Gaston",305.02,3581,0.67,9.89,35.39,0,0,21.79,3.72,0,23.2,14.4,"less_25",31.2762,9.3,12.2,4.8,34.5,9.9,7,15.4,11.3,0.284,0,0.4663,0.21
"Gaston",306.01,2640,0.67,9.82,34.67,0,0,32.71,7,0,43.82,5.5,"less_25",43.4617,4.7,13.1,4.2,33.5,9.9,7.4,15.3,11.9,0.6068,0,0.6219,0.4852
"Gaston",306.02,2565,0.33,9.76,33.64,0,0,10.69,6.17,0,17.94,12.1,"less_25",33.5432,17.5,20.3,6.4,36.1,10,8.5,15,12.2,0.3022,0.4,0.7645,0.6071
"Gaston",307,3474,0.67,9.84,34.83,0,0,41.43,6.72,0,0.24,17.4,"less_25",37.939,9.3,11.9,3.3,37.2,10.1,8.1,15.1,13.2,0.3695,0.6,0.5944,0.6514
"Gaston",308.01,1538,0.67,9.93,37.12,21.26,0,20.3,3.67,0,37.03,11.1,"less_25",48.8296,11.3,25.2,10.5,36.9,10.7,7.4,17.3,13.9,0.8573,0.8,0.6971,0.9208
"Gaston",308.02,4096,0.67,9.96,37.87,4.92,0,26.84,7.61,0,39.14,18.9,"less_25",50.4395,13.1,20.4,4.4,34.9,10.6,6.6,17.5,12,0.8,0.6,0.7327,0.8607
"Gaston",309.01,2154,0.67,10.01,38.12,0,0,67.87,9.33,100,51.87,24.6,"less_25",37.4245,14.9,22.9,5.8,34.9,10.6,7.1,17.1,12.1,0.5369,0.6,0.7176,0.7693
"Gaston",309.02,3782,0.67,10.03,38.35,0,0,18.32,6.25,28.28,51.87,56.8,"btwn_50_75",45.2088,12,29.9,13.5,36.3,11.1,6.1,17.6,12.7,0.6446,0.8,0.906,0.92
"Gaston",310.01,3392,0.67,10.1,38.81,0,0,56.07,3.94,20.87,32.08,24.4,"less_25",49.9703,12.8,35.3,1.9,35,11,6.9,19.2,13.5,0.8808,0.8,0.7097,0.93
"Gaston",310.03,3990,0.67,10.1,36.53,0.43,0,19.02,6.42,0,3.46,7.6,"less_25",18.6492,13.3,13.6,2.9,32.9,9.5,7.4,13.9,10.1,0.7437,0,0.2311,0.3399
"Gaston",310.04,2829,0.67,10.12,37.2,0,0,47.25,5.58,2.5,73.21,21.1,"less_25",24.9558,3.4,11.4,9.2,31.1,9.7,7.1,14.6,10.4,0.7558,0,0.5,0.5009
"Gaston",311.01,3025,0.67,10.1,37.23,5.26,0,0,7.42,0,0,27.4,"btwn_25_50",41.4432,16.1,9.4,9.9,34.7,10.2,7.1,15.6,12.1,0.921,0.2,0.5811,0.7112
"Gaston",311.02,2161,0.67,10.14,38.7,64.03,0,23.79,9.58,0,64.32,32.8,"btwn_25_50",43.0819,11.3,17.5,5.4,29.9,10.1,5.8,16.2,9.9,0.9766,0.2,0.6069,0.7434
"Gaston",312.01,3478,1,10.15,40.33,0,0,55.49,6.83,41.35,73.95,9.1,"less_25",30.5923,12.4,11.1,3,29.8,9.3,6.1,14.4,9.2,0.9501,0,0.3026,0.4992
"Gaston",312.02,2389,0.67,10.15,40.65,0,0,17.09,7.25,87.76,63.06,22.4,"less_25",38.7902,8.9,11.1,8.7,23.8,10,4.7,17,7.6,0.9381,0.2,0.6044,0.7278
"Gaston",313.01,3767,0.67,10.07,47.1,0,0,87.36,7.42,3.86,38.12,38.7,"btwn_25_50",29.7319,14.8,16.8,6.6,30.5,9.9,6,15.2,9.5,0.6981,0,0.7663,0.606
"Gaston",313.02,5005,0.67,10.09,42.37,0,0,73.96,7.79,80.45,31.59,43,"btwn_25_50",47.8384,15.4,20.4,10.7,33.5,10.6,6.4,17.5,12.2,0.7164,0.4,0.756,0.7759
"Gaston",314.01,2746,0.67,10.05,43.29,0,0,99.42,7.92,99.26,51.65,49.3,"btwn_25_50",39.1126,6.5,32.4,2.3,34.1,11.2,5.9,17.5,11.3,0.6852,0.4,0.8739,0.807
"Gaston",314.02,2492,0.67,10.05,43.74,0,0,57.61,5.89,10.6,51.87,4.5,"less_25",32.7047,3.3,12.9,10,38.4,9.7,8.6,14.4,12.7,0.8114,0.6,0.4638,0.7771
"Gaston",315,3760,0.67,10.01,40.31,0,0,71.23,6,89.98,51.9,52.9,"btwn_50_75",71.934,18.6,32.7,6.5,42.1,12.9,6.6,21.6,17.9,0.9156,0.8,0.9802,0.9912
"Gaston",316,4035,0.67,9.95,37.97,16.33,0,64.68,5.38,68.28,29.24,29.6,"btwn_25_50",50.7807,13.2,18,9.2,37.6,11,6.7,17.6,13.2,0.9319,0.8,0.9156,0.9844
"Gaston",317.01,3507,0.67,9.88,37.78,0.49,0,57.14,4.22,13.62,23.82,14.7,"less_25",41.0873,9,18.4,2.3,35.2,10.1,7,16,12,0.5609,0.4,0.5848,0.6437
"Gaston",317.03,2626,0.67,9.97,38.55,0,0,70.09,5.42,63.88,29.03,37.9,"btwn_25_50",28.0783,7.5,14.8,6.1,36.3,10.3,7,15.7,12.7,0.519,0.6,0.595,0.716
"Gaston",317.04,3761,0.67,9.94,37.81,0.26,0,85.08,4.5,12.52,28.58,11.9,"less_25",34.855,11.1,21.1,10.5,33.5,10.3,6.3,16.7,11.1,0.8679,0.2,0.6958,0.7362
"Gaston",318,3375,0.67,10,39.4,0,0,83.63,7.73,100,30.58,70.6,"btwn_50_75",63.6721,14.2,23.3,18.2,42.6,11.6,6,18.1,16.9,0.8589,0.8,0.7866,0.9428
"Gaston",319,2278,0.67,10.04,41,0,0,100,10.04,100,58.27,77.3,"greater_75",68.5569,25.2,30,29.3,47.6,12.8,6.5,18.6,19.4,0.883,0.8,0.9975,0.9891
"Gaston",320,2913,0.67,10.04,42.08,0,0,100,10.28,100,51.99,56.5,"btwn_50_75",60.1008,10.7,27.3,16,42.8,12.3,5.7,20.2,17.5,0.8555,0.8,0.9782,0.982
"Gaston",321,2952,0.67,10.06,64.31,0,0,60.18,7.44,100,33.75,58.9,"btwn_50_75",67.2314,19.6,24,8.6,40.2,10.9,7.9,16.6,14.9,0.8179,1,0.9903,0.9989
"Gaston",322,4362,0.67,10.13,39.7,0,0,12.66,8.22,96.85,31.59,23.7,"less_25",28.1432,15.3,11.6,4.4,31.3,9.9,6.8,15.4,10.2,0.7235,0,0.5252,0.497
"Gaston",323.01,2712,0.67,10.14,40.1,0,0,66.35,8.83,100,33.21,26.1,"btwn_25_50",25.5531,6,12.4,4.7,35.9,9.8,7.6,14.2,12.3,0.8841,0.6,0.4183,0.7869
"Gaston",323.02,2967,1,10.17,42.08,0,0,46.23,10.94,94.54,73.95,34.1,"btwn_25_50",53.0313,11.6,25.3,5.5,33.2,10,7,15.9,11.4,0.8985,0.2,0.8781,0.8131
"Gaston",324.01,5435,0.67,10.16,39.36,0,0,53.25,7.79,22.09,46.61,20.1,"less_25",17.6514,7.2,5,7.3,30.1,8.7,7.1,11.8,8.6,0.7218,0,0.2374,0.3305
"Gaston",324.02,5408,1,10.17,40.84,0,0,11.36,5.5,0,57.51,11.2,"less_25",14.2936,8.5,6.1,2.8,30.4,8.8,7.1,12,9.3,0.6954,0,0.1032,0.2365
"Gaston",325.02,3986,0.67,10.11,39.22,0,0,15.51,6.33,0,47.87,6.8,"less_25",12.626,5.6,4.4,5,30.6,8.7,7.1,12.1,9,0.2064,0,0.1156,0.0389
"Gaston",325.05,3958,0.67,10.06,42.07,0,0,0,5.58,4.08,67.62,56.1,"btwn_50_75",28.7772,8.2,8,6.3,30.8,9.9,6.3,14.5,10.4,0.3679,0,0.5026,0.2771
"Gaston",325.06,3288,0.67,10.08,39.76,0,0,3.76,7.5,0,67.58,44,"btwn_25_50",40.9367,8,17.2,2.7,28,9.8,4.7,14.9,9.5,0.2297,0,0.4656,0.1815
"Gaston",325.07,3631,0.67,10.11,39.49,0,0,47.4,7.08,21.5,39.83,26.6,"btwn_25_50",21.6575,3.1,4.9,3.1,31.5,9,6.7,12.5,9.6,0.41,0,0.1437,0.1154
"Gaston",325.08,2480,0.67,10.13,38.89,0,0,39.02,5.83,3.86,31.92,12.3,"less_25",15.9539,2.6,5.7,2.2,31.2,9,7.3,12.5,9.6,0.4473,0,0.1989,0.1568
"Gaston",326,3854,0.67,10.07,42.72,0,0,0,8.5,92.65,32.24,21.3,"less_25",12.159,3.6,3.2,2.7,35.1,8.6,8.7,11,10.2,0.7138,0.4,0.169,0.5151
"Gaston",327.02,2129,0.67,10.04,41.46,0,0,81.08,7.67,0,68.14,31.6,"btwn_25_50",16.8154,3.8,9,3.9,32.7,8.8,7.9,11.4,9.9,0.4696,0.2,0.4416,0.4198
"Gaston",327.03,2067,0.67,10.05,44.68,0,0,90.18,10.89,100,67.01,30.4,"btwn_25_50",47.3019,7.8,18.7,3.4,35.8,10.5,7.5,15.8,13.2,0.8724,1,0.7731,0.984
"Gaston",327.04,4193,0.67,10.05,43.25,0,0,67.65,7.33,40.99,67.18,40.7,"btwn_25_50",40.4095,10.8,9.9,11.9,39.2,10.2,8.6,14.5,13.8,0.8009,0.6,0.7636,0.8699
"Gaston",328,6005,0.67,10.03,40.89,0,0,100,9.27,74.76,67.41,37.7,"btwn_25_50",51.7154,9.6,21.6,5.2,36.9,10.5,7.1,16,13,0.8204,0.8,0.8536,0.9498
"Gaston",329,4113,0.67,10.04,40.86,0,0,88.22,8.46,100,67.69,53.3,"btwn_50_75",54.0481,6.7,7.8,5.5,39.3,10.8,6.9,16.5,13.9,0.9226,0.8,0.6292,0.9203
"Gaston",331,2955,0.67,10,39.57,0,0,98.63,7.89,83.15,29.55,63.6,"btwn_50_75",59.2555,13.8,26.3,6,39.4,11.7,6.6,18.7,15.9,0.8752,0.8,0.8249,0.9562
"Gaston",332.02,2232,0.67,10.01,39.96,49.25,0,91.98,7,56.29,23.65,23.1,"less_25",36.6652,9.7,17.5,4.2,33.3,10,6.9,14.9,11.3,0.9858,0,0.5432,0.6361
"Gaston",332.03,2453,0.67,10.03,40.18,0,0,100,6,86.1,30.07,65.1,"btwn_50_75",46.9771,17,16.7,8.6,39.1,11,6.6,17.1,14.8,0.9472,0.8,0.9289,0.9885
"Gaston",332.04,3527,0.67,10,39.39,2.55,0,98.88,6,45.2,28.96,56.6,"btwn_50_75",56.7473,18.8,19.1,7.8,39,11.6,6.6,18.3,14.9,0.9516,0.8,0.9346,0.9901
"Gaston",333.03,3263,0.67,10.06,39.52,0,0,23.01,6.92,0,68.14,9.8,"less_25",6.2519,4.5,6.6,1.1,30.9,8.5,7.6,10.8,9,0.411,0.2,0.0238,0.1515
"Gaston",333.04,5911,0.67,10.04,39.14,0,0,30.28,6.83,0,67.32,19.4,"less_25",14.138,2.1,5.6,3.9,32.5,8.9,7.6,11.9,9.9,0.4074,0.2,0.1939,0.2378
"Gaston",333.05,4299,0.67,9.98,39.71,17.99,0,6.4,3.94,25.03,23.04,32,"btwn_25_50",32.4959,11.2,15.4,5,32.1,10,6.4,15.3,10.9,0.9905,0,0.5814,0.655
"Gaston",333.06,1570,0.67,9.99,37.37,0,0,0,4.17,13.32,35.45,2.4,"less_25",22.293,5.3,12.4,5.1,31.9,9.6,7,14.4,10.5,0.8333,0,0.2247,0.3889
"Gaston",333.07,2058,0.67,10.06,38.26,0,0,0,4.08,0,67.07,17.1,"less_25",27.2109,7.9,11.3,4.1,35.8,10,7.4,14.9,12.1,0.54,0.2,0.348,0.4065
"Gaston",334,2734,0.67,9.96,39.34,56.52,0,13.44,4.56,97.28,25.63,29.1,"btwn_25_50",49.5569,14,24.9,11.4,37,10.7,6.5,17.5,13,0.9925,0.8,0.9628,0.9966
"Gaston",335,4883,1,10.05,36.42,0,0,7.1,4.79,0,11.46,13.8,"less_25",33.8075,12,14.1,5,34.1,9.9,7.1,14.8,11.3,0.5509,0,0.6005,0.4423
"Gates",9701,3905,0.33,7.74,25.6,0,0,34.68,4.04,11.39,1.98,34.6,"btwn_25_50",32.9682,6.9,11.7,7.9,41.3,10.1,7.7,14,13.5,0.0322,0.6,0.7531,0.5674
"Gates",9702,4002,0.33,7.86,26.25,0,0,29.86,4.67,23.71,1.11,39.3,"btwn_25_50",27.5362,6.6,8.9,4.1,38.8,10.1,6.8,14.2,12.8,0.0389,0.4,0.54,0.3422
"Gates",9703,3641,0.33,7.99,26.58,0,0,46.34,3.06,31.91,3.25,36.2,"btwn_25_50",33.4798,6.2,12.5,7,39.5,10.5,7,15.1,13.7,0.1185,0.6,0.5561,0.511
"Graham",9201,2554,0,8.14,23.15,0,0,100,4.83,15.28,0.01,3.9,"less_25",43.2655,15.2,11.8,3.2,39.4,9.8,8.9,14.2,13.3,0.0101,0.6,0.4466,0.3881
"Graham",9202,2427,0,8.12,22.75,0,0,100,4.75,32.62,0,7.3,"less_25",33.7083,14.6,19.6,3.8,38.4,9.9,8.3,14.7,12,0.0203,0.4,0.5955,0.3642
"Graham",9203,3528,0,8.11,22.55,0,0,100,4.38,10.21,0,24.5,"less_25",55.0132,19.1,22.3,4.9,40.4,11.4,8.3,18.5,15.7,0.0206,1,0.9235,0.8018
"Granville",9701.01,4876,0,8.96,30.8,0,0,0,3.33,17.22,12.89,35.4,"btwn_25_50",32.1084,5.6,15.8,4,39.6,10.3,7.1,14.6,14,0.1569,0.4,0.6991,0.501
"Granville",9701.02,3580,0,9.11,31.77,0,0,0,3.17,17,8.83,46.4,"btwn_25_50",26.1499,10.9,15.4,9.3,42.1,10,7.6,13.3,14.4,0.1485,0.6,0.7434,0.619
"Granville",9702,4820,0,9.14,35.22,0,0,3.84,6.06,50.2,3.46,59.2,"btwn_50_75",33.8285,11.1,18.4,5.7,43.4,10.6,7.9,14.3,15.6,0.4808,0.8,0.8705,0.866
"Granville",9703,3529,0,9.32,39.25,0,0,3.22,7.22,45.65,6.1,52.3,"btwn_50_75",44.0171,13.8,17.7,12.3,40.9,10.9,6.9,15.6,14.4,0.6405,0.8,0.9326,0.9257
"Granville",9704,3753,0,9.25,36.97,0,0,50.9,8.94,100,1.74,74.1,"btwn_50_75",54.2519,7,18.3,4.4,47.4,11.8,8,15.6,18.8,0.799,1,0.9213,0.9939
"Granville",9705,4265,0,9.33,34.61,0,0,0,3.78,24.91,0.52,55.7,"btwn_50_75",31.9614,7.8,9,6.6,39.2,10,6.8,13.6,13.9,0.3413,0.4,0.6924,0.5913
"Granville",9706.01,5433,0,9.5,33.75,0,0,0,3.5,28.19,0.88,19.8,"less_25",22.2016,10.5,11.9,7.2,33.8,9.9,6.3,14.6,11,0.1858,0,0.4828,0.1683
"Granville",9706.02,8553,0,9.65,33.46,0,0,0.17,4,0,0,27.9,"btwn_25_50",25.4531,7.2,13.2,1.2,30.4,9.3,6,13,8.9,0.0422,0,0.3278,0.0517
"Granville",9706.03,6810,0,9.66,34.68,8.35,0,2.04,7.56,70.55,13.59,34.8,"btwn_25_50",26.6418,5.2,9.4,3.2,32.6,9.5,6.4,12.9,10.2,0.4713,0,0.4333,0.2966
"Granville",9707.01,5466,0,9.39,33.55,0,0,0,3.78,15.74,10.25,24.7,"less_25",20.4545,6.9,11.1,3.7,34.2,9.7,6.7,14.1,10.6,0.2539,0,0.3879,0.1548
"Granville",9707.02,2615,0,9.59,34.9,29.5,0,0,6.83,64.14,33.33,56.6,"btwn_50_75",56.7153,19,41.1,10.8,47.1,12.6,6.7,19.8,20.7,0.8675,0.8,0.9928,0.9863
"Granville",9707.03,4389,0,9.67,33.85,0,0,20.11,4.67,36.08,31.33,54.4,"btwn_50_75",49.4427,10.7,28.4,12,31.7,10.7,4.8,17.6,10.6,0.5892,0.4,0.9537,0.8014
"Granville",9707.04,1239,0,9.55,33.58,0,0,0,5,0,34.99,51.3,"btwn_50_75",0,NA,10,NA,37.8,7.3,4.5,12,12.2,NA,0.2,NA,NA
"Greene",9501.01,3808,0,8.94,28.46,0,0,0,3.83,27.44,13.01,52.2,"btwn_50_75",52.2667,23.2,29.5,7.4,39.6,10.9,6.6,16.8,14.6,0.212,0.8,0.9351,0.8028
"Greene",9501.02,5224,0,8.73,28.09,0,0,0,2.22,18.92,3.83,53.9,"btwn_50_75",38.7654,13.7,21.3,2,39.2,10,5,16.5,13.6,0.1083,0.6,0.8095,0.6312
"Greene",9502,4828,0,9.07,28.2,0,0,0,3.5,14.98,8.37,49.2,"btwn_25_50",39.4484,18.1,26.7,11.3,40.5,11,6.5,17.1,14.7,0.1621,0.8,0.9274,0.7824
"Greene",9503,7173,0,8.85,28.5,0,0,0,7.04,38.91,0.05,56,"btwn_50_75",50.9329,13.2,24.6,7.3,42.8,11.3,7.3,16.8,16.7,0.1189,0.8,0.9785,0.7852
"Guilford",101,1910,1,9.58,37.78,8.96,0,100,8.5,100,27.49,86.4,"greater_75",57.2775,14.9,25.8,5.3,42.1,12.4,5.4,18.7,17.4,0.8544,0.8,0.9733,0.9812
"Guilford",102,5375,1.33,9.56,36.91,0,0,100,9.61,77.68,27.49,70.7,"btwn_50_75",61.6949,22.2,13.3,6.9,39.9,11.3,7.1,16.9,15.9,0.6713,0.8,0.9085,0.9272
"Guilford",103,2650,1.33,9.59,38,0,0,100,6.75,100,27.49,73.6,"btwn_50_75",50.9127,16.9,33.3,9.6,39.2,10.5,6.9,16.2,16.3,0.7398,0.8,0.9811,0.9605
"Guilford",104.01,1593,1.33,9.6,37.61,0,0,100,10.42,100,27.49,10.7,"less_25",26.8048,12.3,3.9,1.1,28,8.3,7.2,10.9,8.2,0.5745,0,0.1398,0.1911
"Guilford",104.03,1597,1.33,9.57,36.66,0,0,100,10.5,98.77,27.49,15,"less_25",34.377,5.6,1.9,2.1,26.8,8.8,6.4,12.5,8.3,0.5153,0,0.2495,0.2182
"Guilford",104.04,2503,1.33,9.58,37.07,0,0,100,7.78,79.78,27.49,3.4,"less_25",2.9565,2,2.5,0,30.1,7.6,9.4,8.2,8.4,0.6471,0.2,0.015,0.2721
"Guilford",105,2361,1.33,9.63,36.88,0,0,100,7.28,78.15,27.49,18.3,"less_25",20.5807,9.5,1.3,1.7,27.6,8.5,7.3,11,8.5,0.6624,0,0.1716,0.2565
"Guilford",106.01,2673,1,9.66,37.03,81.46,0,100,6.67,100,27.55,21.2,"less_25",43.7377,13.8,4.5,6.6,24.7,9.4,5.7,14.2,7.8,0.9716,0,0.5271,0.6226
"Guilford",106.02,4280,1.33,9.66,37.41,36.14,0,100,11.04,20.5,27.63,39.6,"btwn_25_50",58.1157,5.9,6.8,3.2,17.8,11,2.8,18.9,5.4,0.745,0.4,0.4981,0.6862
"Guilford",107.01,2182,1.33,9.63,37.3,0,0,100,10.58,91.31,27.49,20.3,"less_25",37.2649,6.4,5,4.6,22.1,8.7,4.8,12.9,6.4,0.6749,0,0.3484,0.3686
"Guilford",107.02,6017,1.33,9.65,37.96,0,0,100,12.94,0,27.59,48.4,"btwn_25_50",50.9199,3.7,1.1,8.5,12.7,12.1,1.5,21.9,3.2,0.4709,0.4,0.4025,0.5103
"Guilford",108,3133,1.33,9.62,38.35,0,0,100,14.08,66.43,28.25,34.9,"btwn_25_50",35.6895,6.8,13.7,4.5,31.9,9,6.1,12.8,10.9,0.5454,0,0.6027,0.4403
"Guilford",109,1688,1.33,9.61,37.96,0,0,100,10.08,100,27.49,45,"btwn_25_50",40.1599,4.4,2.3,12.6,29.2,9.7,4.8,14.2,9.5,0.724,0,0.5075,0.4869
"Guilford",110,5474,1.33,9.61,39.21,58.37,0,100,11.89,98.79,28.08,88.9,"greater_75",82.5997,7.5,18.1,21.6,23.4,14.2,1.6,24.1,7.2,0.8535,0.4,0.8801,0.861
"Guilford",111.01,3867,1,9.62,38.57,96.51,0,100,8.25,80.03,40.4,94.6,"greater_75",77.7144,12.5,30.3,8,43.1,13.1,5.2,19.5,19,0.8175,0.8,0.9708,0.9744
"Guilford",111.02,2740,1,9.63,38.88,0.36,0,100,9.67,100,40.4,98.9,"greater_75",60.3285,16.6,13.4,6.7,52.7,12.6,7.7,16.7,25.3,0.7896,1,0.755,0.9656
"Guilford",112,6033,1,9.64,41.51,6.95,0,100,11.67,94.71,37.47,90.6,"greater_75",73.2187,6.3,21.7,22.1,35.6,14.2,4.3,22.6,16.8,0.8181,0.8,0.9677,0.9741
"Guilford",113,3044,1,9.67,49.54,0,0,100,7.79,86.77,40.4,96.1,"greater_75",76.7987,15.6,20.5,7.9,52,12.5,7.1,17.2,24,0.7663,0.8,0.989,0.9682
"Guilford",114,5090,1,9.68,43.72,0,0,100,9.97,23.73,40.33,95.8,"greater_75",84.1326,14.4,20.1,9,46.9,14.2,5.2,22,21.9,0.6433,0.8,0.9892,0.9399
"Guilford",115,2630,1.33,9.68,38.91,0,0,100,12,10.01,40.21,55.4,"btwn_50_75",69.7825,16.2,21.2,16,32.5,11.5,4.4,19.2,13.2,0.6356,0.6,0.9316,0.8707
"Guilford",116.01,2505,1.33,9.69,37.88,66.27,0,100,14.56,64.68,40.34,58,"btwn_50_75",45.3507,17.7,12.2,9.9,34,10.5,5.5,16.3,12.7,0.8084,0.6,0.8827,0.905
"Guilford",116.02,3957,1.33,9.7,37.32,99.73,0,100,8.33,99.91,40.27,69,"btwn_50_75",60.2227,25.5,29,7.4,32,10.1,5,16.1,12.3,0.9504,0.4,0.9622,0.9103
"Guilford",119.04,4737,1.33,9.52,35.67,0,0,99.54,5.5,0.09,26.49,71.8,"btwn_50_75",44.7206,12,13.1,5.8,28.6,10.8,4.1,16,9.3,0.2885,0.4,0.8478,0.6396
"Guilford",119.05,4775,1,9.51,35.57,0,0,89.83,5.67,90.96,26.86,82.4,"greater_75",51.1672,16.9,19.8,5.8,36.4,11.4,5.4,16.7,13.9,0.5913,0.8,0.8552,0.8926
"Guilford",125.03,4417,1.33,9.55,36.21,0,0,100,7.75,55.9,24.66,23,"less_25",23.3643,8.8,1.2,5.7,32,8.7,8.3,10.9,10.1,0.4003,0.2,0.27,0.277
"Guilford",125.04,3498,1,9.65,36.41,17.48,0,100,7.75,80.88,27.49,59.5,"btwn_50_75",46.4983,18.3,10.5,4.5,33.9,9.9,6.1,14.5,12.1,0.9167,0,0.8199,0.7252
"Guilford",125.05,4550,1,9.63,36.42,0,0,100,7.06,71.44,28.6,10.8,"less_25",7.9876,4,2.6,3.6,32.1,7.8,9.5,8.8,9,0.7023,0.2,0.1419,0.3811
"Guilford",125.08,3566,1.33,9.58,36.53,0,0,100,8.88,100,27.36,20.4,"less_25",36.6517,7.9,7,3.9,30.6,8.9,7.9,12.3,9.9,0.5438,0.2,0.3491,0.4096
"Guilford",125.09,2601,1,9.6,36.37,0,0,100,12.33,100,27.96,17.8,"less_25",16.21,4.5,1.7,4.4,35.6,7.9,11.2,8.9,11.2,0.4442,0.4,0.1575,0.3559
"Guilford",125.1,3103,1,9.55,35.16,0,0,100,8.67,71.92,45.6,17.3,"less_25",4.6617,2.6,3.1,2.7,31.2,7.8,9,8.7,9.2,0.2151,0.2,0.0844,0.0939
"Guilford",125.11,4811,1,9.59,36.1,0,0,100,6.71,65.93,36,9.2,"less_25",7.566,0.1,1.5,5.6,33.2,7.8,10.2,8.5,9.8,0.2926,0.2,0.1001,0.132
"Guilford",126.01,6758,1,9.68,37.14,93.4,0,100,8.83,90.23,37.54,66.6,"btwn_50_75",40.8005,13.2,9.2,3.1,29,10.1,5.3,15.1,9.3,0.9242,0,0.7554,0.7015
"Guilford",126.04,4277,1.33,9.72,42.21,7.46,0,100,9.17,100,40.4,78.6,"greater_75",46.7367,16.2,16.9,12.9,40.6,10.9,6.7,15.6,17.6,0.8596,0.8,0.9689,0.9812
"Guilford",126.07,2627,1,9.72,37.28,10.1,0,100,9.33,100,35.4,52.4,"btwn_50_75",35.7708,13.6,11.2,3,30.7,9.1,6.2,13.1,10.3,0.9046,0,0.689,0.6649
"Guilford",126.08,2829,1,9.72,37.48,54.35,0,100,7.5,100,40.4,88.5,"greater_75",72.181,29.4,29.8,5.4,32.9,11.5,3.7,20.3,13.4,0.8179,0.6,0.97,0.9294
"Guilford",126.09,8488,1,9.74,37.35,0,0,100,8.25,100,34.12,69.3,"btwn_50_75",47.8467,16.1,12.6,6.3,34.6,10.2,5.8,15.1,13.5,0.4942,0.2,0.8999,0.6652
"Guilford",126.1,3510,1,9.73,38.12,0.94,0,100,7.58,100,40.4,84.1,"greater_75",45.698,13.5,18.4,5.8,36.3,9.7,6.1,13.8,14.1,0.7504,0.4,0.7985,0.8034
"Guilford",126.11,3958,1.33,9.74,38.88,0,0,100,6.75,100,40.26,87.5,"greater_75",60.1554,15,10.5,8.2,33.4,10.6,4.9,15.5,12.2,0.5257,0.4,0.9677,0.7838
"Guilford",126.12,6951,1,9.75,37.88,0,0,100,8.17,100,39.86,85.3,"greater_75",44.8076,12.7,13.8,7.9,37.5,11.4,5.5,16.2,14.5,0.5136,0.8,0.8473,0.8687
"Guilford",126.17,3407,1,9.72,37.17,6.22,0,100,8.5,100,40.4,76.8,"greater_75",47.9014,16.9,18.7,5.5,34.2,11.1,4.9,17.7,14.3,0.8305,0.6,0.8072,0.8905
"Guilford",127.03,4434,1.33,9.54,36.09,0,0,100,8.5,0,26.97,40.4,"btwn_25_50",26.3645,6.4,9.7,0.2,32.9,8.9,7.8,11.7,11.1,0.301,0.2,0.5837,0.4048
"Guilford",127.04,3846,1.33,9.54,36.55,0,0,100,7,76.72,27.49,79.7,"greater_75",61.7808,10.7,20,13.5,41.5,10.8,6.8,16.1,17.2,0.668,0.8,0.9112,0.927
"Guilford",127.05,3831,1,9.55,36.97,0,0,100,7.17,89.56,27.49,99.1,"greater_75",57.6351,7.9,9.7,4.2,49.4,12.1,6.7,15.7,21.6,0.5577,0.8,0.8964,0.8948
"Guilford",127.06,3373,1,9.56,37.17,8.26,0,100,5.67,100,29.76,93,"greater_75",64.6902,25.3,29.7,6.5,49,13.3,6,20,22.2,0.88,0.8,0.9769,0.9857
"Guilford",127.07,2950,1,9.59,37.75,85.82,0,100,9.67,98.26,33.23,92.3,"greater_75",74.165,15.9,20.2,10.4,43,13.1,4.9,20.6,18.9,0.8435,0.8,0.9652,0.9778
"Guilford",128.03,8474,1,9.59,35.56,2.69,0,50.37,6.83,90.02,23.69,82.2,"greater_75",36.4619,12.9,16.1,3.3,37.7,10.9,6,14.5,13.5,0.7358,0.6,0.7604,0.8505
"Guilford",128.04,4406,0.67,9.72,38.03,0,0,100,7.17,78.5,40.16,90.3,"greater_75",46.215,8.9,9.9,11,40.1,11.6,5.5,15.7,16,0.7585,0.8,0.8346,0.9304
"Guilford",128.05,3210,1,9.67,38.26,0,0,90.68,7,63,19.52,87.6,"greater_75",49.059,5.7,21.5,9.8,41.9,11.5,6.5,15.2,17.6,0.5341,0.6,0.9328,0.8413
"Guilford",136.01,2539,1,9.82,37.99,0,0,100,10.25,41.12,27.61,50.3,"btwn_50_75",58.4951,7.6,22.6,6.4,20.6,11.9,3,20.9,7.3,0.5291,0.4,0.7827,0.715
"Guilford",136.02,3657,1,9.8,37.92,0,0,100,11.92,2.61,18.06,62,"btwn_50_75",58.3482,18.6,18.6,9.3,36.5,11.2,6.5,17.2,15.3,0.6989,0.8,0.9253,0.9376
"Guilford",137,3926,1,9.8,37.53,0,0,100,8.47,0,19.68,24.2,"less_25",28.6472,8.1,3.9,5,32.4,8.8,8.4,11.6,10.8,0.6945,0.2,0.489,0.5666
"Guilford",138,4786,1,9.83,38.54,0,0,100,8.57,59.77,24.92,90.5,"greater_75",68.575,16.3,37.9,13.8,47.3,13.2,6.6,19.8,22.4,0.6782,0.8,0.9994,0.9508
"Guilford",139,4338,1,9.84,38.79,0,0,100,7.54,75.28,35.87,93,"greater_75",73.4314,15.7,38.1,20.5,46.8,14.1,5.3,22.1,21.8,0.7411,0.8,0.989,0.9625
"Guilford",140,3408,1,9.82,41.82,0,0,100,10.92,0,20.37,53,"btwn_50_75",69.9144,16.9,22.6,7.7,42.4,11.1,7.9,17.8,17.9,0.6958,1,0.9861,0.9893
"Guilford",142,4637,1,9.85,39.41,0,0,100,7.21,87.3,36.39,82.5,"greater_75",74.0357,23.9,31.3,12.6,41.4,12.5,5.2,20.4,18.8,0.7219,0.8,0.9957,0.9599
"Guilford",143,3220,1,9.84,42.36,0,0,100,9.42,52.72,35.39,78.7,"greater_75",73.1654,28.1,43.3,8.8,39,11.7,5.4,19.4,17.6,0.859,0.8,0.9939,0.9852
"Guilford",144.06,2576,1,9.82,38.01,0,0,100,7.33,69.41,6.76,84.2,"greater_75",52.4699,14.7,13.8,3.6,45.2,11.4,6.8,15,19,0.6439,0.6,0.7704,0.8254
"Guilford",144.07,5799,1,9.77,35.29,0,0,94.08,7.67,21.89,19.17,35.2,"btwn_25_50",31.0261,8.9,9.6,10.3,35,9.4,8.2,13.1,12.1,0.5695,0.4,0.7044,0.6992
"Guilford",144.08,2325,1,9.83,36.06,0,0,39.59,8.83,23.38,20.04,82.1,"greater_75",62.3656,15.7,36.2,4.7,35,12,4.9,19.7,14.7,0.7862,0.8,0.9212,0.9575
"Guilford",144.09,2699,1,9.75,36.19,0,0,100,7.17,97.48,12.79,33.5,"btwn_25_50",44.3778,9.5,7.5,9.1,35.1,9.9,7.9,14.5,12.4,0.4958,0.6,0.6729,0.7381
"Guilford",144.1,3922,1,9.77,37.19,0,0,100,7.78,54.21,12.54,46.5,"btwn_25_50",42.2906,5.5,8.9,2.1,32.1,9.8,6.8,14.3,11.2,0.5641,0,0.5898,0.4439
"Guilford",144.11,6028,1,9.79,37.28,0,0,100,8.56,92.75,26.92,76.9,"greater_75",49.1381,10.2,20.1,8.4,36.3,11.8,5.2,17.7,14.6,0.3648,0.8,0.925,0.8485
"Guilford",144.12,3128,1,9.78,37.56,0,0,100,6.42,90.84,27.37,44,"btwn_25_50",37.8994,8.5,13.8,11.6,39.3,9.5,9.9,12.9,14.3,0.4692,0.6,0.8576,0.7956
"Guilford",145.01,1136,0.67,9.84,43.44,33.8,0,56.4,5.67,97.46,23.77,61,"btwn_50_75",75.6162,22.2,29,9,38,11.3,7.1,19.6,18.4,0.9755,0.8,0.9994,0.9979
"Guilford",145.02,5082,0.67,9.87,37.94,0,0,90.62,8,100,33.46,77.6,"greater_75",59.5438,15,23.3,8,33.5,10.7,5.7,17.4,14.3,0.6198,0.6,0.9594,0.874
"Guilford",145.03,3618,1,9.84,37.57,0,0,89.28,7.58,95.28,29.54,88.5,"greater_75",72.2982,16.7,35.1,12.1,39.4,12.5,5.3,19.5,17.2,0.6966,0.8,0.9949,0.9541
"Guilford",151,4607,0.33,9.33,31.22,0,0,7.24,4.25,13.3,10.21,25.7,"btwn_25_50",21.6193,6,16.9,2.1,34,9.3,7.4,13,11.4,0.2067,0,0.4061,0.1411
"Guilford",152,9071,0.33,9.48,35.61,0,0,9.68,5.17,22.27,11.21,35.3,"btwn_25_50",31.7316,9.2,9.7,2.8,29.6,9.5,6.4,13.9,9.8,0.3439,0,0.5506,0.2909
"Guilford",153,9440,0.67,9.51,34.44,0,0,0.33,6.22,49.82,4.8,47,"btwn_25_50",17.1989,3.1,6.8,4.1,32.8,9.1,7,12.1,10.5,0.3748,0,0.3268,0.1848
"Guilford",154.01,5657,0.33,9.42,33.2,0,0,19.53,4.33,16.15,5.24,41.1,"btwn_25_50",22.1099,5.9,9.9,0.3,30.1,9.6,5.9,13.5,9.9,0.2255,0,0.27,0.0925
"Guilford",154.02,7715,1,9.5,34.86,0,0,37.47,6.63,66.16,29.64,67.6,"btwn_50_75",50.8282,13.1,20.6,4.4,36.7,11.2,5.9,17.9,14.9,0.4259,0.8,0.9184,0.864
"Guilford",155,6688,0.67,9.44,35.15,0,0,70.01,5.75,30.91,4.71,66.8,"btwn_50_75",39.9031,12.2,15.4,8.3,32.1,10.6,5.6,15.1,11.1,0.3654,0.2,0.8229,0.5691
"Guilford",156,10648,0.67,9.32,33.09,0,0,35.51,4.89,12.79,9.7,17.7,"less_25",12.4249,3.6,7.9,2.6,29.2,8.7,6.8,11.7,9,0.4234,0,0.164,0.1298
"Guilford",157.03,5630,1,9.52,35.72,0,0,99.3,7.94,14.99,3.28,36.6,"btwn_25_50",26.8719,6.4,3.3,7.1,29.8,8.7,7.3,11.3,9,0.1402,0,0.4975,0.1529
"Guilford",157.04,6322,1,9.45,34.44,0,0,100,8,53.64,40.89,29.2,"btwn_25_50",19.3429,7.2,3.8,5,28,8.8,6.4,11.7,8.5,0.1284,0,0.3352,0.0813
"Guilford",157.05,3224,1,9.52,35.53,0,0,100,8.33,91.61,13.61,29,"btwn_25_50",33.2711,8.1,3.7,1.6,26.9,9.3,6,13.2,8.3,0.2135,0,0.448,0.1646
"Guilford",157.06,6075,0.67,9.45,35.05,0,0,25.99,6.33,0,3.31,31.5,"btwn_25_50",5.4548,2.8,2.9,4.7,31.3,8.5,7.3,9.9,9.4,0.2691,0,0.1157,0.0559
"Guilford",157.07,6290,1,9.49,35.35,0,0,85.2,7.28,2.39,3.35,25.4,"btwn_25_50",21.0024,2.8,7.7,1.4,30.9,9,7.9,11.7,10,0.097,0.2,0.3793,0.1719
"Guilford",158,8680,1,9.32,32.76,0,0,10.3,6.5,55.46,21.22,9.7,"less_25",12.4539,3.8,4.4,2.6,27.3,8.3,6.9,11,8.6,0.173,0,0.1282,0.0339
"Guilford",159.01,5740,0.67,9.19,33.46,0,0,0,6.58,73.75,22.74,20.9,"less_25",21.3579,7.6,7.2,5.7,30.5,9,7.4,12.9,10.1,0.3356,0,0.432,0.2198
"Guilford",159.02,3941,1,9.28,33.54,0,0,0,6.83,0,12.05,21.1,"less_25",8.0944,2.3,2.8,1.5,27.5,8.4,6.9,10.8,8.2,0.1081,0,0.0482,0.0101
"Guilford",160.03,5261,1,9.4,33.34,0,0,0,5.58,68.97,30.29,30.8,"btwn_25_50",17.7913,6.2,4.9,1,27,8.3,6.9,10.6,8.2,0.5737,0,0.1746,0.2089
"Guilford",160.05,1829,1,9.43,33.41,0,0,62.69,7,75.21,43.62,21.5,"less_25",9.5395,5.8,2.6,5.3,29.2,8.1,8,10,8.7,0.1882,0.2,0.3212,0.1885
"Guilford",160.06,4862,1,9.5,33.98,0,0,97.99,7.33,100,45.64,44,"btwn_25_50",30.0489,8.6,4.2,5.1,27.2,8.4,7.5,11.2,8,0.3842,0.2,0.6361,0.4803
"Guilford",160.07,4714,1,9.54,34.17,0,0,100,8.56,62.21,45.64,25.2,"btwn_25_50",23.462,6.1,3.5,4.1,26.8,8.6,6.6,11.6,8.3,0.329,0,0.3982,0.1978
"Guilford",160.08,7101,1,9.48,33.76,0,0,0,6.44,55.04,45.58,19.9,"less_25",18.3918,4.8,2.7,1.7,25.3,8.3,6,10.9,7.4,0.6254,0,0.1436,0.2205
"Guilford",160.09,3822,1,9.51,33.65,0,0,35.08,7.25,89.67,45.64,27.9,"btwn_25_50",17.1115,3.6,2.5,1.1,30.5,8.4,7.4,11.1,9.4,0.4507,0,0.0767,0.1043
"Guilford",160.1,2621,1,9.56,35.03,0,0,100,6.83,95.48,45.64,23.7,"less_25",18.9241,7.1,1.9,8.1,28.7,8.9,6.8,12.2,8.9,0.5984,0,0.5052,0.4153
"Guilford",160.11,5679,1,9.64,36.7,7.6,0,37.69,8.33,94.36,36.8,58,"btwn_50_75",40.3816,6.3,3.2,3.3,24.8,9.6,4.4,14.2,7.8,0.9809,0,0.4617,0.5952
"Guilford",161.01,4904,1,9.59,35.68,0,0,99.51,8,30.24,45.62,20.3,"less_25",26.2607,4.6,8.6,1.8,31.4,8.7,9.5,11.7,10,0.7444,0.2,0.6369,0.6594
"Guilford",161.02,4219,1,9.63,36.43,0,0,76.16,9.44,65.58,45.54,52.9,"btwn_50_75",49.6553,25.8,6,6.4,26.5,9.6,5,14.4,8.4,0.8975,0,0.8311,0.722
"Guilford",161.03,5776,1,9.65,36.57,56.95,0,100,8.17,0,40.23,42.4,"btwn_25_50",36.7902,9,7.6,5.9,28.4,9.6,5.8,13.7,9,0.8236,0,0.5178,0.5458
"Guilford",162.01,6366,1,9.45,33.89,0,0,24.03,6.25,36.71,28.05,29.5,"btwn_25_50",10.9645,6.3,1.9,3.9,27.9,8.5,7.1,11.4,9,0.6499,0,0.1582,0.2416
"Guilford",162.03,4909,1,9.59,35.44,0,0,27.71,6.33,47.54,12.33,31.2,"btwn_25_50",15.6134,7.1,3.2,2.5,35.4,8.1,9.7,9.9,10.6,0.3887,0.4,0.4554,0.4943
"Guilford",162.04,4566,1,9.64,36.06,0,0,30.18,6.5,31.45,19.18,44.4,"btwn_25_50",6.198,7.9,2.7,2.1,26,8,6.2,10.2,8.1,0.6219,0,0.1327,0.2124
"Guilford",162.05,4208,1,9.7,36.23,0,0,88.69,9.67,0,21.24,47.2,"btwn_25_50",18.9401,2.6,7.5,4.7,25.2,8.6,5.6,12,8.3,0.1464,0,0.3073,0.0778
"Guilford",163.03,3230,1,9.7,36.12,0,0,72.6,4.83,80.1,12.46,26.7,"btwn_25_50",21.7893,3.4,5.4,7,34.2,8.5,9.2,10.7,10.7,0.2616,0.2,0.4004,0.272
"Guilford",163.04,3725,1,9.72,36.37,0,0,97.7,7.17,52.74,12.35,21.9,"less_25",2.604,2.8,4.8,1.2,29.2,8.2,7.3,10.1,8.5,0.1576,0,0.0708,0.0199
"Guilford",163.05,3484,1,9.72,36.4,0,0,100,7.5,8.56,12.76,32.6,"btwn_25_50",9.5803,2.9,1.6,2.4,29.8,8,8,9.8,9,0.1132,0.2,0.1331,0.0751
"Guilford",163.06,5276,1,9.76,36.75,0,0,98.45,8.67,13.98,27.42,45.7,"btwn_25_50",18.3155,5.5,5.9,2.7,28.6,8.8,5.8,11.9,8.7,0.2342,0,0.2187,0.0776
"Guilford",164.05,1684,1,9.69,37.35,0,0,12.08,8.67,97.55,27.57,59.9,"btwn_50_75",42.2803,9.8,4.1,9.5,31,10.4,5.4,15.2,10.1,0.9133,0.2,0.4937,0.6711
"Guilford",164.06,4275,1,9.72,36.55,0,0,51.7,9.5,12.37,27.61,49.3,"btwn_25_50",24.8945,8.7,6.3,4.2,25.1,9.1,5.3,12.5,7.8,0.4336,0,0.42,0.2674
"Guilford",164.07,4435,1,9.75,36.64,0,0,86.49,7.25,16.24,27.55,43.2,"btwn_25_50",17.5423,5.6,6.7,4.7,25.1,8.3,5.6,10.8,8,0.2145,0,0.2293,0.0742
"Guilford",164.08,1974,1,9.77,36.32,0,0,100,5.67,0,27.22,18.3,"less_25",19.2956,2.2,4.4,5.1,34.8,8.3,10.1,9.5,11.1,0.27,0.2,0.1511,0.1454
"Guilford",164.09,2578,1,9.78,36.56,0,0,79.31,8.67,0,16.31,22.8,"less_25",19.8216,4.8,2.8,2.3,32.1,8.8,7.8,11.5,10.6,0.5757,0.2,0.112,0.2871
"Guilford",164.1,6265,1,9.82,37.14,0,0,48.43,5.33,61.65,7.4,54.1,"btwn_50_75",37.4818,10.6,9.9,11.8,31.3,9.7,5.8,14.3,11,0.5989,0,0.6798,0.5129
"Guilford",165.02,5949,1,9.78,36.53,0,0,24.69,7.04,74.12,6.78,34.3,"btwn_25_50",17.6441,4.4,6.6,0.7,32.6,8.5,8.3,10.6,10.8,0.7193,0.2,0.2477,0.4511
"Guilford",165.03,5364,1,9.72,36.99,0.47,0,61.77,7.33,100,12.7,56.6,"btwn_50_75",27.7218,7.3,3,5.3,23.2,9.6,4.6,14.1,7.7,0.8113,0,0.249,0.3904
"Guilford",165.05,5907,1,9.75,36.79,0,0,13.76,7.17,29.37,5.26,49.9,"btwn_25_50",25.1566,5.6,4.3,3.6,23.5,8.8,4.7,11.9,7,0.5458,0,0.2361,0.2268
"Guilford",165.06,5177,1,9.75,36.76,0,0,16.01,5.94,61.75,4.82,42.5,"btwn_25_50",20.3554,7,6,5.1,26.9,8.5,6.2,11.3,8.2,0.7417,0,0.4884,0.486
"Guilford",166,2266,0.67,9.83,36.98,21.29,0,21.7,6,82.03,17.98,13.7,"less_25",41.3945,11.7,24.7,11.7,34.8,9.5,8.2,14.4,13.2,0.7329,0.4,0.8146,0.8029
"Guilford",167.01,6005,0.67,9.77,36.31,0,0,19.17,4.72,88.91,8.44,68.2,"btwn_50_75",32.1937,10.2,11,6.3,35,9.9,6.1,13.3,10.8,0.4069,0.2,0.7182,0.5376
"Guilford",167.02,3583,0.67,9.77,34.08,0,0,30.69,3.67,53.59,5.14,19.2,"less_25",32.4867,8,14.4,2.9,33.9,9.7,8,14.7,12.4,0.2577,0.4,0.4099,0.3948
"Guilford",168,8011,0.33,9.7,35.52,0,0,21.89,6.04,55,7.18,53.8,"btwn_50_75",36.2228,10.3,13.9,6.7,34.5,10.1,6.7,14.5,12.8,0.6545,0.2,0.8537,0.7137
"Guilford",169,4595,0.33,9.66,33.23,0,0,24.44,5.08,26.01,0.45,14.1,"less_25",18.5334,9.3,8.8,0.8,34.7,9.1,8.5,12.8,11.3,0.3371,0.2,0.3667,0.296
"Guilford",170,4681,0,9.55,32.46,0,0,0,3.5,9.16,3.81,13.5,"less_25",25.8554,8.3,7.6,3.2,33.5,9.1,8.1,13.2,11.1,0.3595,0.2,0.4436,0.3567
"Guilford",171,7242,0.33,9.62,33.74,0,0,2.38,6.83,51.12,0,23.1,"less_25",13.6521,4.6,6.1,4.3,34.7,8.8,8.3,11.3,10.8,0.2905,0.2,0.2718,0.2167
"Guilford",172,8084,0.33,9.55,33.91,0,0,13.19,5.22,30.08,0.09,31.1,"btwn_25_50",21.858,5.1,7.6,4,32.6,9.2,7.2,12.8,10.7,0.2248,0,0.3552,0.1267
"Guilford",9801,0,1,9.56,NA,0,0,25.46,4.5,66.52,44.82,0,"less_25",0,NA,NA,NA,NA,NA,NA,NA,NA,NA,NA,NA,NA
"Halifax",9301,3246,0,8.62,31.35,0,0,0,7.79,62.67,0,77.1,"greater_75",60.4644,14.1,17.4,9.1,49.9,12.6,7.3,18.2,21.1,0.4724,0.8,0.9641,0.8901
"Halifax",9302,4617,0,8.68,34.04,0,0,0,7.83,42.37,0,32.7,"btwn_25_50",35.9324,4.1,9.3,4,37.6,9.9,7.7,13.8,12.6,0.5421,0.6,0.6718,0.7548
"Halifax",9303,4300,0,8.68,33.55,0,0,0,7.97,13.27,0,34.3,"btwn_25_50",56.0734,15.6,21.2,8,39.8,10.9,7,16.8,12.9,0.414,0.8,0.9405,0.8669
"Halifax",9304,4005,0,8.68,33.61,0,0,0,9.94,96.55,0,55.5,"btwn_50_75",56.4201,19.4,26.1,8.8,42.3,11.7,7.2,18.3,16.4,0.4463,0.8,0.9926,0.8907
"Halifax",9305.01,3675,0,8.67,32.4,0,0,0,6.5,80.78,0,54.4,"btwn_50_75",49.7143,13.1,22.5,5.5,41.7,11.9,6.4,17.9,15.5,0.3526,0.8,0.8638,0.826
"Halifax",9305.02,5170,0,8.64,31.47,0,0,0,5.08,48.69,0,56.3,"btwn_50_75",56.7825,8.9,18.4,8,45,11.4,7.1,16.3,17.2,0.191,0.8,0.9491,0.8003
"Halifax",9306,4333,0,8.65,31.35,0,0,0,4.28,26.4,0.1,65.9,"btwn_50_75",53.2656,9.6,21.9,6.3,46.8,12,7.1,17.6,18.2,0.2511,0.8,0.7544,0.7517
"Halifax",9307,4059,0,8.61,30.35,0,0,0,4.13,25.17,6.29,47,"btwn_25_50",37.965,8.9,18.2,6.5,48.5,10.7,8.7,14.1,17.9,0.0763,0.8,0.7323,0.6718
"Halifax",9308,5047,0,8.7,29.73,0,0,17.26,3.33,2.77,3.43,88.7,"greater_75",52.2489,10.1,22.9,7.8,49.2,13.4,6.7,19.4,21.4,0.0651,0.8,0.8688,0.7242
"Halifax",9309,5051,0,8.65,30.06,0,0,3.35,5.08,24.15,0.76,85.7,"greater_75",62.2365,15.9,31.8,15,52.8,13,6.9,18.1,21.7,0.3132,0.8,0.9868,0.8515
"Halifax",9310,3168,0,8.51,29.19,0,0,0,4.06,26.68,0.05,74,"btwn_50_75",54.1108,8.7,21.3,3.9,48.7,10.8,6.2,15.9,18.5,0.1329,0.8,0.8436,0.7408
"Halifax",9311,4519,0,8.36,28.35,0,0,1.79,5.38,18.18,0.36,66.4,"btwn_50_75",50.0565,20.3,24.4,6.2,51.1,11.9,7.9,16.4,20.4,0.205,1,0.9379,0.8635
"Harnett",701,4642,0,9.49,33.89,0,0,0,8.72,97.99,0,40.4,"btwn_25_50",51.2174,13.6,16.4,6.4,42.9,11.2,7.7,16.5,16.6,0.6303,1,0.9068,0.9642
"Harnett",702,3053,0,9.48,33.36,0,0,0,7.61,86.1,0,56.1,"btwn_50_75",55.5298,17.8,20.3,9,46.6,12,7.5,17.9,19.6,0.3918,1,0.9689,0.9223
"Harnett",703,5062,0,9.51,33.48,0,0,0,9.71,64.33,0,41.1,"btwn_25_50",50.1626,10.7,19.5,8.4,43.6,10.8,8.6,15.8,16.5,0.3504,1,0.9319,0.9025
"Harnett",704.01,3904,0,9.56,33.31,0,0,0,5.42,35.57,0,27.3,"btwn_25_50",37.0628,16.5,14.7,4.6,36.2,10.3,6.9,16,12.9,0.4747,0.6,0.7804,0.7695
"Harnett",704.02,6773,0,9.56,32.06,0,0,0,5.5,0.44,0,33.1,"btwn_25_50",47.9108,15.3,17.7,8.6,34.3,10.4,6,17.4,12.6,0.1062,0.6,0.8968,0.6693
"Harnett",705,6224,0,9.52,33.62,0,0,0,7.13,37.32,0,31.9,"btwn_25_50",49.3681,16.1,16.8,4.2,39.7,10.4,8,15.8,14.5,0.5199,1,0.8529,0.9256
"Harnett",706,4520,0,9.52,34.1,0,0,0,2.92,22.36,0,56,"btwn_50_75",42.6536,15.1,9.6,7.9,39.9,10.9,6.1,15.8,14.6,0.387,0.8,0.6121,0.7491
"Harnett",707,5321,0,9.57,34.15,0,0,0,5.83,48.67,0,47.7,"btwn_25_50",49.351,8,19.8,5.2,40.1,10.4,6.2,16,14.5,0.5422,0.8,0.8992,0.8913
"Harnett",708.01,2430,0,9.62,33.92,0,0,0,8,20.77,1.73,32,"btwn_25_50",39.4239,14.1,18.9,2.1,33.6,10.3,6.1,16.4,12,0.2138,0.2,0.6994,0.4206
"Harnett",708.02,4924,0,9.59,33.96,0,0,0,5.75,63.05,0,28.3,"btwn_25_50",48.1826,8.3,7.6,5.2,23.1,10.2,4.2,16.3,6.6,0.4439,0.2,0.5632,0.4732
"Harnett",709.01,3103,0,9.69,33.61,0,0,0,8.17,0,0.66,44.9,"btwn_25_50",39.8169,11.5,18.5,1.7,35.4,9.8,7.2,14.3,11.5,0.1236,0.2,0.5979,0.3069
"Harnett",709.02,2779,0,9.66,33.53,0,0,0,6,0,0,37.6,"btwn_25_50",41.5257,18,11.2,3.2,34.6,9.9,6.5,15.8,12,0.0803,0.2,0.8107,0.4085
"Harnett",709.03,2186,0,9.65,33.74,0,0,0,6.67,0,0.1,25.9,"btwn_25_50",26.3736,14.9,9.4,1.8,34.9,10.1,6.2,15.6,12.2,0.0879,0.4,0.5797,0.3948
"Harnett",709.04,3785,0,9.69,34.26,0,0,0,6.67,0,9.16,44.6,"btwn_25_50",33.484,16.1,12.3,4.2,32.3,9.6,5.8,14.8,10.6,0.1706,0,0.6833,0.2676
"Harnett",710.01,5517,0,9.7,34.39,0,0,1.3,4.75,50.59,4.56,22.1,"less_25",18.5151,6.2,8.9,2.8,31.2,9.1,6.4,13.2,9.5,0.211,0,0.2502,0.0806
"Harnett",710.02,3524,0,9.71,34.05,0,0,26.59,2.92,5.33,0.28,22.5,"less_25",26.9864,8.6,11.6,1.4,32,9.4,6.6,14,10.4,0.1165,0,0.4352,0.1144
"Harnett",711.01,3677,0,9.63,33.61,0,0,32.19,5.17,33.19,0.25,31.1,"btwn_25_50",38.396,13.8,16.7,10.2,36.2,10.1,6.5,16.3,12.7,0.1669,0.6,0.8388,0.6705
"Harnett",711.02,5228,0,9.57,34.25,0,0,0,3.06,17.58,0,41.9,"btwn_25_50",39.6519,15.9,18.5,7.6,35.3,10.3,6.4,15.6,12.1,0.1781,0.4,0.7414,0.5346
"Harnett",712.01,2962,0,9.52,35.56,0,0,0,4.67,0,0,37.6,"btwn_25_50",39.689,15.9,14.6,8.3,32.9,10.2,5.9,16.4,11.1,0.0591,0.2,0.8549,0.4211
"Harnett",712.02,5265,0,9.49,36.26,0,0,0,5.08,0,0,56.3,"btwn_50_75",41.9656,10.8,10.5,8.6,29.9,10.4,4.4,16.8,9.7,0.0591,0.4,0.7764,0.4895
"Harnett",712.03,2654,0,9.48,36.44,0,0,0,4.75,0,0,61.2,"btwn_50_75",39.2238,8.8,4.1,14.5,30.3,10,5.2,14.9,9.1,0.0664,0,0.6392,0.1866
"Harnett",712.04,7288,0,9.51,35.4,0,0,0,4.5,0,0,40.3,"btwn_25_50",26.2548,8.8,5.9,9.9,27.3,9.1,5.2,13.2,8.3,0.0493,0,0.4521,0.0945
"Harnett",713.01,3995,0,9.52,34.61,0,0,0,3.39,0,0,40.7,"btwn_25_50",30.388,10.6,9.9,8.2,36,10.1,6.8,15,12.3,0.0608,0.4,0.666,0.4282
"Harnett",713.02,5926,0,9.49,34.87,0,0,0,5,0,0,36.2,"btwn_25_50",32.5683,5.3,3.9,14.4,25.2,9.6,4.2,15,7.6,0.0437,0,0.5295,0.1237
"Harnett",713.03,11556,0,9.48,35.05,0,0,0,5.17,0,0,40,"btwn_25_50",21.2364,3.7,3.8,9.4,26.8,8.9,5.1,12.6,7.6,0.0413,0,0.2855,0.04
"Harnett",714.01,4383,0,9.45,34.52,0,0,0,4.5,0,0,40.8,"btwn_25_50",45.1075,18.2,19,7.8,34.1,10.3,5.8,16.1,11.8,0.0528,0.2,0.9058,0.4466
"Harnett",714.02,11602,0,9.41,34.82,0,0,0,4.67,0,0,35.3,"btwn_25_50",40.5534,5.6,9.9,9.2,29.5,10.3,4.6,16.7,9.4,0.0418,0.2,0.6056,0.2636
"Haywood",9201.01,3483,0.33,7.86,20.48,0,0,76.34,5.17,49.7,4.16,7.1,"less_25",26.527,10,8.9,4.5,38.2,9.4,8.4,13.2,11.7,0.0171,0.4,0.4031,0.2485
"Haywood",9201.02,3675,0.33,7.95,21.66,0,0,78.98,4.78,21.73,6.92,1.7,"less_25",23.6595,9.1,10.5,5,37.5,9.4,8.7,13.3,11.9,0.0165,0.4,0.3715,0.2307
"Haywood",9202,6792,0.33,8.06,25.17,0,0,3.17,7.23,41.03,8.25,9.8,"less_25",33.9425,12.6,15.6,7.6,36.1,9.9,7.9,15.1,11.7,0.328,0.4,0.7856,0.6292
"Haywood",9203,3221,0.33,8.01,24.65,0,0,82.18,6.42,63.95,4.57,14.2,"less_25",35.7187,9.5,12.5,2.2,37.7,10.1,8.3,15,12.7,0.3895,0.6,0.5019,0.6187
"Haywood",9204,1908,0.33,7.97,24.39,0,0,1.81,6.67,85.92,10.29,6.6,"less_25",33.3857,7.7,19,3.4,35.1,9.9,8,14.9,11.3,0.5503,0.4,0.4933,0.5958
"Haywood",9205,6897,0.33,7.94,23.22,0,0,0,6,78.61,9.11,7.6,"less_25",32.8005,8.2,9.7,3.4,35.2,9.7,7.8,14.5,11.1,0.1624,0.4,0.6078,0.4528
"Haywood",9206,4859,0.33,7.87,21.94,0,0,0,8,76.65,9.17,5.7,"less_25",22.0913,13,7.3,7.3,40.2,9.1,9.9,11.9,12,0.144,0.4,0.5042,0.3835
"Haywood",9207,3910,0.33,7.79,20.93,0,0,20.24,5.94,45.99,0.06,6,"less_25",36.9148,10.7,5.7,1.1,42.4,9.2,10.1,12.2,13.6,0.0386,0.6,0.414,0.386
"Haywood",9208,3176,0.33,7.8,21.48,0,0,14.15,6.58,47.85,12.32,1.2,"less_25",28.1486,8.3,8.5,2.6,39,9.1,9.4,12.1,11.7,0.3116,0.4,0.3896,0.4142
"Haywood",9209,1890,0.33,7.82,22.07,0,0,0,11,100,14.29,19,"less_25",46.6811,14,18.6,7.4,38.8,10.1,8.7,14.8,13.1,0.6242,0.6,0.9337,0.8678
"Haywood",9210,3159,0.33,7.86,21.79,0,0,0,8.33,74.33,14.05,15.8,"less_25",38.0781,5.8,16,4,38.9,9.3,9,12.9,11.6,0.2962,0.4,0.795,0.6186
"Haywood",9211,2654,0.33,7.8,21.63,0,0,10.45,6.17,63.4,13.94,4.8,"less_25",33.7604,3.2,15.6,4.4,39.8,9.6,9.9,12.7,13,0.3783,0.6,0.5294,0.6266
"Haywood",9212,5475,0.33,7.74,21.46,0,0,39.97,7.87,22.03,10.98,10.7,"less_25",32.0022,12.1,19,2.1,38.1,10,8.5,14.9,12.5,0.4204,0.6,0.739,0.7344
"Haywood",9213.01,5069,0.33,7.72,21.25,0,0,90.89,4.08,11.58,3.16,3.4,"less_25",26.1686,10.9,9,2.6,37.2,9.5,8.6,13.4,11.5,0.0531,0.4,0.3573,0.2427
"Haywood",9213.02,4885,0.33,7.82,21.26,0,0,100,3.42,35.55,1.18,2.8,"less_25",31.8936,8.4,11.7,5.9,37,9.6,8.9,14,11.8,0.0206,0.4,0.6367,0.3886
"Haywood",9801,0,0.33,7.82,19.13,0,0,100,1,0.12,0.04,0,"less_25",0,NA,NA,NA,NA,NA,NA,NA,NA,NA,NA,NA,NA
"Henderson",9301,4433,0,8.38,25.79,0,0,10.39,4.56,38.51,5.9,18.5,"less_25",35.9854,14.3,7.8,2.2,34.4,9,7.5,12.7,10.5,0.033,0.2,0.4697,0.1855
"Henderson",9302,6396,0,8.45,26.95,0,0,33.95,4.88,17.14,5.18,30.4,"btwn_25_50",35.4753,16.2,23.2,0.5,32.2,9.8,6.7,15.2,11,0.1323,0,0.7505,0.2842
"Henderson",9303,8212,0.33,8.44,28.06,0,0,0.82,6.17,54.14,19.44,31.4,"btwn_25_50",41.3663,16.6,16.5,4.4,34,8.9,8.3,12.4,11,0.0891,0.2,0.7579,0.3829
"Henderson",9304.01,2690,0.33,8.39,27.6,0.02,0,0,4.42,28.04,20.47,20.4,"less_25",23.7082,17.8,12.8,2.1,37,9.6,7.8,14,12.5,0.4711,0.6,0.5348,0.6706
"Henderson",9304.02,3116,0,8.42,26.42,0,0,0,4.94,46.42,15.12,22.6,"less_25",43.8819,13.8,12.3,4.1,38.5,9.7,8.5,14.3,12.9,0.0577,0.6,0.8795,0.6401
"Henderson",9305.01,5831,0.33,8.38,30.04,14.19,0,10.5,6.83,89.53,20.84,21.4,"less_25",24.0208,9.7,12.2,3.5,33.6,9,7.9,12.6,10.6,0.8926,0.2,0.7246,0.7559
"Henderson",9305.02,4828,0,8.4,28.79,0,0,14.96,5.17,10.44,5.98,10.5,"less_25",18.2856,5.7,3.3,3.8,30.7,8.8,7.1,12.3,9.2,0.1145,0,0.2126,0.0401
"Henderson",9306,5224,0.33,8.41,30.37,0,0,43.78,9.33,98.36,13.97,15.1,"less_25",17.066,10.6,6.9,1.3,31,8.9,7.4,12,9.1,0.5411,0,0.4121,0.3265
"Henderson",9307.01,3544,0.33,8.22,27.17,0,0,65.59,5.92,3.99,6.21,7.1,"less_25",22.3194,9.3,7.9,2,33.7,8.8,8.1,11.5,10.2,0.3032,0.2,0.301,0.2395
"Henderson",9307.02,4875,0.33,8.13,25.54,0,0,81.42,5.83,3,6.29,10.5,"less_25",15.5743,6.8,6.6,0.6,33.5,9,8,12.3,10.1,0.1484,0.2,0.2374,0.1292
"Henderson",9307.03,5797,0.33,8.11,24.59,0,0,30.78,6.17,51.02,4.64,6.7,"less_25",31.2058,4.3,11.9,2,38.7,9,9.7,11.9,12.4,0.1365,0.6,0.244,0.343
"Henderson",9308,5550,0.33,8.34,29.15,33.06,0,0,6.44,76.17,16.27,10.3,"less_25",35.6578,11.8,11.1,1.7,36.2,9.1,9.1,12.4,12.2,0.8078,0.4,0.5579,0.7372
"Henderson",9309,2874,0.33,8.35,27.75,0.47,0,39.22,9.17,87.09,19.33,22.5,"less_25",35.0731,12.9,11.4,1.9,34.6,9,8.1,12.4,10.5,0.7479,0.2,0.434,0.5659
"Henderson",9310,5236,0.33,8.39,29.06,0.7,0,36.69,8.23,100,20.2,13,"less_25",40.8979,5.1,11.5,0,43.6,9.2,11.6,12.2,15.6,0.6529,0.6,0.7643,0.8262
"Henderson",9311,1865,0.33,8.36,29.03,0,0,100,10.42,100,21.7,26,"btwn_25_50",35.0134,10.1,10.3,4.5,38.8,9.7,7.3,13.9,12.5,0.3815,0.4,0.7371,0.6317
"Henderson",9312,2173,0.33,8.35,29.09,0,0,71.28,12.75,100,21.7,25.3,"btwn_25_50",46.3632,12.1,15.5,0.8,38.6,10,7.4,14.5,12.8,0.3798,0.4,0.7412,0.6327
"Henderson",9313,4067,0.33,8.38,29.3,0,0,67.97,9.83,100,21.7,28.3,"btwn_25_50",40.2508,16.1,12.5,1.5,35.6,9.4,7.9,14.1,12.3,0.3934,0.6,0.6935,0.7048
"Henderson",9314,6227,0.33,8.43,28.68,0,0,55.25,9,99.41,13.96,34,"btwn_25_50",47.0482,33.1,20.7,4.5,35.4,10.3,7,16.5,13.2,0.5081,0.6,0.9005,0.8236
"Henderson",9315,3822,0.33,8.37,28.07,0,0,70.84,6.61,70.58,20.03,4.9,"less_25",15.4275,6.9,3.1,6.2,42.2,7.9,12.3,8.2,12.1,0.383,0.4,0.257,0.3784
"Henderson",9316,5025,0.33,8.31,27.71,0,0,2.29,7.54,17.18,21.7,6.6,"less_25",32.1825,10.3,5.7,1.2,40.8,9.3,10.2,12.5,13.5,0.182,0.6,0.5435,0.5377
"Henderson",9317,3187,0.33,8.29,26.82,0,0,0,6.67,37.48,13.16,13.2,"less_25",16.4457,7.5,5.9,2.4,38.4,8.4,10.9,9.6,11.4,0.2748,0.4,0.2797,0.3275
"Henderson",9318.01,3748,0.33,8.3,27.41,0,0,5.64,5.17,24.84,6.81,8.4,"less_25",17.1291,5,3.1,2.1,44.6,8.2,13.1,9.1,13.6,0.1804,0.6,0.1915,0.338
"Henderson",9318.02,4630,0.33,8.28,26.86,0,0,1.75,6.72,95.32,2.85,12.4,"less_25",21.2686,10,5.7,4,40.7,8.4,11.3,10.2,12.6,0.2917,0.6,0.3298,0.481
"Henderson",9319.01,4218,0.33,8.16,25.91,0,0,0.93,5.94,19.81,1.3,15.1,"less_25",31.982,7.8,5.9,5.3,40.2,9.1,9.8,12,13.4,0.0602,0.6,0.2589,0.3056
"Henderson",9319.02,3055,0.33,8.19,25.54,0,0,46.02,4.25,0,10.68,7.2,"less_25",17.7741,9,5.8,1.6,35.5,8.8,9.1,11.7,11.1,0.0178,0.4,0.1488,0.1211
"Henderson",9320,4290,0.33,8.34,27.01,0,0,30.28,4.83,34.86,0.08,5.5,"less_25",21.7045,8.5,4.1,1.9,34,8.9,8.2,12,10.2,0.0819,0.2,0.2817,0.12
"Henderson",9801,0,0.33,8.02,NA,0,0,100,1,0,1.45,0,"less_25",0,NA,NA,NA,NA,NA,NA,NA,NA,NA,NA,NA,NA
"Hertford",9501,7384,0.33,8.14,28.25,0,0,23.79,4.86,34.73,1,66.2,"btwn_50_75",48.0873,9.8,16.1,12.8,41.9,12,6.4,17.3,17.3,0.0692,0.8,0.9366,0.7517
"Hertford",9502,5736,0.33,7.98,27.22,0,0,25.74,4.46,14,14.12,72.4,"btwn_50_75",42.2916,10,20.4,7.4,45.3,11.2,6.2,16.2,18.1,0.2985,0.8,0.9054,0.8224
"Hertford",9503,3567,0,8.18,27.5,0,0,0,3.58,1.51,0,53.4,"btwn_50_75",46.9863,16,20.6,3.8,41.9,11.1,7.1,15.4,15.7,0.1745,0.6,0.7715,0.6439
"Hertford",9504.01,3546,0,8.09,28.3,0,0,0,7.17,35.03,0,66.9,"btwn_50_75",29.4223,8.5,14,6.7,44.1,10.8,8.4,14.2,15.9,0.1797,0.8,0.7755,0.7329
"Hertford",9504.02,3779,0,8.03,28.35,0,0,0,6.92,28.84,6,71.8,"btwn_50_75",52.372,14.3,26,13.3,48,12.2,7.3,16.6,19.7,0.201,0.8,0.9871,0.8169
"Hoke",9701.01,10537,0,9.23,35.99,0,0,39.54,5.58,45.43,0,64.2,"btwn_50_75",39.1103,12.5,5,9.8,30.2,10.4,4,16.3,9.4,0.1614,0.4,0.7938,0.5526
"Hoke",9701.02,13195,0,9.27,35.81,0,0,0,5.17,46.75,0,53.1,"btwn_50_75",32.0516,12,8.2,7.6,26.4,9.6,3.9,14.6,7.5,0.5306,0,0.746,0.5118
"Hoke",9701.03,8644,0,9.26,34.65,0,0,1.45,3.94,0,0,48.3,"btwn_25_50",32.8458,7.6,9.1,7.2,29.9,10.2,4.6,16.1,9.5,0.2271,0.2,0.5524,0.3425
"Hoke",9702.01,5193,0,9.07,34.5,0,0,8.14,3.72,13.48,0,49.2,"btwn_25_50",44.371,14.8,18.8,12.9,38.8,10.8,6.1,16.1,13.6,0.1681,0.8,0.9039,0.7757
"Hoke",9702.02,4224,0,9.1,34.15,0,0,15.84,3,27.01,2.38,62.9,"btwn_50_75",52.5568,16.9,12.3,10.8,39.9,11.8,5.9,17.3,15.1,0.3164,0.8,0.8274,0.8017
"Hoke",9703,5237,0,9.18,34.68,0,0,0,7.43,70.92,0,74.7,"btwn_50_75",51.3063,17.9,14.9,7.9,45.9,11.4,7.5,16,17.9,0.632,1,0.9881,0.9798
"Hoke",9704.01,3682,0,9.19,32.7,0,0,0.04,3.08,0,0.21,63.9,"btwn_50_75",58.239,20.8,25.6,13.7,40.4,13.3,6.5,20.9,17.9,0.2949,0.8,0.9839,0.845
"Hoke",9704.02,3245,0,9.14,33.64,0,0,0,2.5,0,4.95,92.8,"greater_75",62.3112,22.1,38.3,19.7,45,13.8,5.9,21.3,18.9,0.2872,0.8,0.9876,0.8437
"Hoke",9801,0,0,9.23,NA,0,0,3.25,5.5,0,0,0,"less_25",0,NA,NA,NA,NA,NA,NA,NA,NA,NA,NA,NA,NA
"Hyde",9201,5213,0,7.06,20.28,0,0,56.22,5.75,14.52,21.43,41.1,"btwn_25_50",45.4801,17.4,19.2,6.6,40.6,10.1,6.9,15.4,14.4,0.0824,0.4,0.9611,0.5957
"Hyde",9901,0,NA,NA,NA,NA,0,NA,1,NA,NA,0,"less_25",0,NA,NA,NA,NA,NA,NA,NA,NA,NA,NA,NA,NA
"Iredell",601,5721,0.67,9.71,37.01,0,0,11.6,8.13,100,9.38,39.8,"btwn_25_50",31.4138,8.4,14.8,5.6,38.4,9.3,8.2,12.9,11.8,0.8205,0.4,0.7217,0.8012
"Iredell",602,2354,0.67,9.8,37.11,0,0,0,8.67,100,2,91.2,"greater_75",71.6228,19.1,31.3,8.3,49.2,13.7,5.6,21.5,21.9,0.8649,0.8,0.949,0.9787
"Iredell",603,2332,0.67,9.78,36.02,0,0,0,8.71,88.72,0.93,68,"btwn_50_75",67.2845,15.3,28.6,5.8,41.7,11.8,5.7,18.9,16.6,0.8541,0.8,0.9864,0.9831
"Iredell",604,3924,0.67,9.72,34.74,0,0,0,6.17,99.72,4.35,63.8,"btwn_50_75",57.7982,13.7,24.6,7.2,43.9,11.4,6.9,17.5,16.8,0.992,0.8,0.8905,0.9894
"Iredell",605,4000,0.67,9.71,35.33,0,0,0,9.06,100,16.82,42.6,"btwn_25_50",29.2676,7.5,14.3,6.3,38.2,9.7,7.2,14.2,12.2,0.9569,0.2,0.6779,0.762
"Iredell",606.01,5555,0.67,9.74,36.34,0,0,75.26,8.75,85.01,9.05,58.8,"btwn_50_75",46.495,6.4,14.6,1.7,39.6,9.9,7.3,14.6,13.8,0.4549,0.4,0.8236,0.7011
"Iredell",606.02,2045,0.67,9.73,34.88,0,0,26.63,6.75,42.92,8.93,9.1,"less_25",15.11,9.7,5.2,4.8,36.9,8.4,9.3,10.3,10.9,0.4047,0.4,0.2111,0.3642
"Iredell",606.03,1868,0.67,9.83,35.93,0,0,0.73,5.42,75.56,13.84,53.4,"btwn_50_75",53.3726,23.1,27.4,11.1,40.1,10.6,6.8,17.3,15.8,0.8099,0.8,0.9597,0.971
"Iredell",607.01,2569,0.67,9.78,34.43,0,0,0,3.5,52.34,14.07,32.9,"btwn_25_50",29.7003,15.6,14.1,7.9,33.6,9.6,6.6,14.8,11.6,0.7127,0,0.4837,0.4672
"Iredell",607.02,4553,0.33,9.62,33.5,0,0,0.13,4,71.49,4.76,27.6,"btwn_25_50",28.5651,13.6,15.6,3.2,34.8,9.7,6.7,14.8,11.6,0.2751,0,0.5309,0.2405
"Iredell",607.03,3381,0.33,9.55,33.94,0,0,1.73,5,76.18,0.78,27.5,"btwn_25_50",28.8089,13.1,10,3.2,33.5,9.3,7.2,13.6,10.6,0.3423,0,0.5313,0.2788
"Iredell",608.01,3466,0.33,9.21,30.43,0,0,0,3.78,42.47,0.04,22,"less_25",39.2805,17.1,23.1,7.3,38.3,10.3,7.2,16.9,14.1,0.2358,0.6,0.7068,0.6425
"Iredell",608.02,3466,0.33,9.41,31.35,0,0,0,3.83,47.05,2.79,18.3,"less_25",36.8848,11.5,16.3,5.5,36.1,9.9,6.9,15.7,12.5,0.4692,0.6,0.4982,0.6532
"Iredell",609.01,3959,0.33,9.08,28.98,0,0,0,4.04,11.3,4.01,9.4,"less_25",32.9629,15,11.6,5.6,36.2,9.5,7.8,14.8,12.3,0.1674,0.6,0.5343,0.5251
"Iredell",609.02,4151,0.33,9.28,30.43,0,0,0,3.08,9.95,18.87,8.4,"less_25",35.9961,9.6,17.5,7.7,36.2,10,7.2,16,12.1,0.2109,0.4,0.5123,0.4263
"Iredell",610.01,3948,0.33,9.5,33.51,0,0,0,5.5,44.9,2.88,18.1,"less_25",24.8987,8.9,5.1,4,33.9,9.6,6.9,15.2,11.5,0.4697,0,0.4333,0.2958
"Iredell",610.02,4766,0.33,9.49,32.56,0,0,0,3.46,15.41,21.29,22.2,"less_25",33.4421,7.4,14.6,4.5,36,10,7,16.1,12.4,0.5509,0.6,0.5058,0.6922
"Iredell",610.03,4120,0.33,9.6,33.62,0,0,0,6.5,45.82,38.45,28.5,"btwn_25_50",29.1019,6.2,12.6,11.2,37.2,9.7,7.8,14.6,12.3,0.8426,0.6,0.6523,0.8501
"Iredell",611.01,3240,0.33,9.59,32.26,0,0,0,4.5,37.12,10.62,19.7,"less_25",31.0802,10.5,13.9,3.2,34.1,9.5,7.1,14.5,11,0.3569,0,0.4695,0.2519
"Iredell",611.02,3347,0.67,9.66,33.23,0,0,0,4.83,63.87,0.75,26.1,"btwn_25_50",27.5831,10.4,10.3,4.6,36.3,9.6,7.3,15,12,0.6333,0.2,0.5759,0.5797
"Iredell",611.03,3129,1,9.77,33.1,0,0,0,3.25,81.8,26.55,19,"less_25",30.2581,8.6,11.2,4.6,35.9,9.8,7.4,15.4,12.2,0.7726,0.2,0.5021,0.6106
"Iredell",611.04,2249,1,9.77,35.09,0,0,0,4.67,59.72,24.67,11.7,"less_25",32.5476,11,8.5,8.1,36.1,9.3,7.5,13.8,11.5,0.9142,0.4,0.5334,0.7665
"Iredell",612.01,4003,0.67,9.83,34.67,0,0,0,5.78,54.56,17.58,12.4,"less_25",20.4015,10.7,8.2,2.3,32.7,8.9,7.2,12.9,10,0.8794,0,0.3985,0.5125
"Iredell",612.02,4726,0.67,9.91,35.63,0,0,13.14,5.83,64.84,48.55,14.7,"less_25",30.1171,9.3,9.1,5.4,34.4,9.5,7.1,14,10.9,0.5803,0,0.3997,0.3428
"Iredell",612.03,4890,1,10,37.67,0,0,0,5.5,66.75,54.19,30.9,"btwn_25_50",21.7178,4.9,4.4,6.3,29.1,8.8,6.2,12.8,8.7,0.6833,0,0.3127,0.3521
"Iredell",612.04,4045,1,9.98,36.62,0,0,7.99,6.58,0,53.28,7.8,"less_25",7.7379,5.6,4.1,3.5,31.5,8.4,7.4,11.2,8.9,0.4318,0,0.0412,0.0845
"Iredell",612.05,3969,0.67,9.9,34.72,0,0,49.68,4.13,1.56,49.91,4.5,"less_25",16.8556,1.8,5.4,5.5,36.5,8.9,8,12.4,10.7,0.5354,0.4,0.1933,0.4293
"Iredell",613.01,3157,0.67,9.9,35.4,0,0,0,3.61,24.73,17.7,17.2,"less_25",35.9202,16.4,20.4,7.8,33.1,10,6.1,16.3,10.9,0.5143,0.2,0.6652,0.5645
"Iredell",613.02,4772,1.33,9.95,36.33,0,0,0,4.5,32.5,12.83,18.6,"less_25",27.8621,12.5,16.5,5.2,33.7,9.8,6.4,15.5,10.9,0.5088,0.2,0.4153,0.4269
"Iredell",613.03,4671,1.33,9.98,36.57,0,0,0,5.42,18.64,1.03,9.3,"less_25",16.8597,3.8,7.7,5.9,29.8,8.8,6.6,12.7,8.8,0.5498,0,0.1964,0.2077
"Iredell",613.04,4960,1.33,10.01,38.32,0,0,0,8.67,95.93,68.29,23.1,"less_25",25.656,9.8,6.6,2.4,27.4,8.7,5.4,13.5,8,0.8552,0,0.4187,0.5105
"Iredell",614.01,5190,1,10,36.45,0,0,0,5.89,0,91,9.1,"less_25",4.6915,2.3,1.4,2.2,29.4,8,7.1,10,7.8,0.2839,0,0.0142,0.0331
"Iredell",614.02,6078,1,10.01,37.52,0,0,0,9.25,4.37,90.76,18.3,"less_25",21.0431,4.8,2.4,6.2,28.4,8.3,6.5,11.7,8.3,0.5592,0,0.304,0.2728
"Iredell",614.03,3280,1,10.02,38.74,0,0,0,9.06,100,81.83,17.7,"less_25",25.9146,5.8,5.1,5.4,26.6,8.8,5.5,13.1,7.7,0.8053,0,0.3586,0.4497
"Iredell",614.04,2692,1,10.03,39.22,7.05,0,0,6.58,78.51,81.75,6.1,"less_25",13.9725,4.9,4.5,3.1,31.1,8.1,7.6,10.4,8.7,0.8345,0.2,0.1431,0.4566
"Iredell",614.05,3762,1,10.02,38.48,0,0,0,7.42,14.01,81.87,13.7,"less_25",14.6465,3.2,2.6,5.2,30.4,8.2,7.4,10.8,8.7,0.3737,0,0.1066,0.087
"Iredell",614.06,4909,1,10.02,37.14,0,0,0,7.25,0,87.95,6.4,"less_25",15.3595,4.5,2.4,2.8,31.2,8.2,7.5,10.2,8.8,0.2523,0.2,0.0679,0.1015
"Iredell",614.07,4660,1,10.04,38.82,27.37,0,0,6.75,33.46,76.12,7.2,"less_25",21.7008,7.7,6,1.3,32.4,8.7,7.4,11.8,9.6,0.7965,0,0.2215,0.3656
"Iredell",614.08,4320,1.33,10.02,36.5,0,0,0,4.25,0,48.36,12.5,"less_25",14.2824,3.2,5,2.7,26.4,8.6,5.6,12.5,6.9,0.2789,0,0.0809,0.0488
"Iredell",615.01,3863,1.33,10,37.78,0,0,0,7.92,0,11.39,25.2,"btwn_25_50",43.9355,9.7,8.7,4.9,34.2,10,6.4,15.3,11.2,0.5456,0,0.6067,0.4428
"Iredell",615.02,4102,1.33,10.01,37.17,0,0,0,7.75,0,48.37,20.1,"less_25",18.3288,7.6,9.3,3.4,32.4,8.9,7.5,12.6,9.6,0.4726,0.2,0.427,0.4134
"Iredell",615.03,3739,1.33,10.01,37.07,0,0,0,6.33,0,39.38,11.6,"less_25",22.1421,4.6,9.1,2.7,34.4,8.9,8.1,12.2,10.1,0.5207,0.2,0.3883,0.4185
"Iredell",616.01,3613,1,10.02,37.36,0,0,0,9.5,38.14,80.57,47.4,"btwn_25_50",55.2565,22.3,14.4,4.7,35.8,10.7,5.6,17.1,13.1,0.9131,0.8,0.8331,0.966
"Iredell",616.02,7994,1,10.02,38.79,0,0,0,7.22,33.71,68.67,35.7,"btwn_25_50",24.0392,6.9,9.1,4.1,26.4,8.6,5.7,12.6,7.4,0.8068,0,0.4771,0.5157
"Jackson",9402,6063,0.33,7.84,22.55,0,0,18.41,5.89,55.88,0.01,63.5,"btwn_50_75",51.5421,27.6,13.6,8.5,37.1,12.4,7.2,18.6,14.8,0.0551,0.8,0.902,0.7336
"Jackson",9502,2190,0.33,7.75,21.74,0,0,100,3.33,34.4,21.08,6.5,"less_25",27.1689,13,9.1,1.4,37,9.8,8.4,14.8,12.5,0.3169,0.6,0.4478,0.5574
"Jackson",9503,6198,0.33,7.87,23.14,0,0,100,7.38,46.19,12.1,8.8,"less_25",38.1109,14,14.1,7.9,34.5,9.6,8.1,14.2,11.5,0.2197,0.2,0.7701,0.4634
"Jackson",9504,4619,0.33,7.83,23.14,0,0,100,8.75,24.86,19.15,13.4,"less_25",29.0763,9.4,10,1.4,33.3,9.3,7.8,13.3,9.9,0.3484,0.2,0.5052,0.3865
"Jackson",9505,5659,0.33,7.92,23.12,0,0,100,4.39,44.39,16.63,5.6,"less_25",27.7798,8.6,8.6,5.3,37.3,9.6,8.2,14.3,11.3,0.0763,0.4,0.4681,0.3209
"Jackson",9506,10688,0.33,7.77,22.58,0,0,100,6.2,0,2,17.8,"less_25",50.9756,7.1,6.1,6.1,22.1,10.4,4.1,18.5,6.7,0.0325,0.4,0.6914,0.4267
"Jackson",9507,2927,0.33,7.63,21.48,0,0,100,3.5,0,0.02,15,"less_25",43.7845,11.4,13.7,2.3,36.3,9.9,7.4,15.5,12,0.0041,0.4,0.5848,0.3477
"Jackson",9508,2244,0.33,7.68,21.31,0,0,100,6,2.48,0,18.9,"less_25",35.3178,22.3,13.1,1.3,40.1,9.6,8.9,14.2,13.8,0.0029,0.6,0.689,0.5197
"Jackson",9509,2350,0.33,7.69,22.11,0,0,100,8.25,30.06,1.46,2.9,"less_25",34.9506,11.3,8,1.1,40.2,8.6,10.3,10.9,12.2,0.0119,0.4,0.3329,0.2069
"Johnston",401,7209,0,9.41,31.77,0,0,0.01,5.47,27.12,3.12,32.3,"btwn_25_50",44.7235,18.6,16.4,1.9,37.9,10,7.1,15.5,12.8,0.2584,0.6,0.8289,0.7051
"Johnston",402.01,6361,0,9.44,30.86,0,0,4.8,2.54,2.1,1.69,40.9,"btwn_25_50",40.1509,11,16.9,4.3,38.2,10.4,6.5,16.4,13.6,0.0968,0.8,0.7795,0.7004
"Johnston",402.02,7060,0,9.5,31.51,0,0,2.08,4.11,0,25.07,28.4,"btwn_25_50",40.3017,12.5,16.5,4.6,33.7,9.8,6.3,15.6,11.3,0.0632,0.2,0.6266,0.2884
"Johnston",402.03,19761,0,9.6,31.76,0,0,0,6.22,0,29.16,24,"less_25",19.1434,5.2,6.2,1.8,27.7,8.7,5.6,12.4,7.6,0.063,0,0.1684,0.0205
"Johnston",403.01,4899,0,9.47,32.21,0,0,0,7.83,67.45,19.54,62.1,"btwn_50_75",56.1086,18.5,21.3,6.8,43,11.8,6.7,19.7,18.5,0.4137,0.8,0.9873,0.8802
"Johnston",403.02,5573,0,9.5,32.58,0,0,0,5.28,24.21,21.81,60.4,"btwn_50_75",56.8489,16.5,17.7,4.3,39.3,10.9,5.9,17.4,15.7,0.5537,0.8,0.9136,0.8982
"Johnston",404,4422,0,9.45,31.52,0,0,0,5.22,76.72,18.55,27.3,"btwn_25_50",33.9245,14.7,12,3.5,36,9.8,6.8,15,11.3,0.4095,0.2,0.7336,0.5466
"Johnston",405,6673,0.33,9.4,30.68,0,0,0,4.46,25.73,14.11,18.9,"less_25",36.2647,13.6,18.3,11.6,35.5,10,6.8,15.8,11.9,0.2381,0.4,0.898,0.6395
"Johnston",406,3821,0.33,9.44,32.53,0,0,1.33,6.5,22.73,1.12,55.6,"btwn_50_75",59.1992,15.1,20.7,7.2,43.9,11.5,6.8,18.1,17.6,0.308,0.8,0.9502,0.8389
"Johnston",407,3901,0,9.48,33.21,0,0,29.16,8.94,93.31,0.34,45.5,"btwn_25_50",46.5016,14.9,24.3,9.5,45.1,10.6,8.4,15.8,17.3,0.5614,1,0.9883,0.9669
"Johnston",408,3807,0,9.48,33.54,0,0,20.36,8.61,91.45,0,36.9,"btwn_25_50",39.1534,16.1,16.3,4.1,39.9,9.7,7.7,14,13.6,0.4281,0.6,0.8595,0.7819
"Johnston",409.01,11817,0,9.52,31.93,0,0,1.67,6.5,42.84,0.03,35.2,"btwn_25_50",27.1664,13.3,14,3.5,34.4,9.4,6.3,13.9,10.8,0.6082,0,0.6171,0.4833
"Johnston",409.02,7895,0,9.52,31.95,12.39,0,0.79,4.83,19.37,2.15,30.7,"btwn_25_50",39.2043,15.4,18.4,8.6,32.1,9.5,6,14.2,9.6,0.7491,0,0.7832,0.6377
"Johnston",410.01,9273,0,9.62,32.68,0,0,4.98,7.06,9.53,22.88,52.2,"btwn_50_75",39.2362,18.6,9.2,5.2,34.7,9.8,6.1,14.1,10.8,0.502,0,0.7703,0.5098
"Johnston",410.02,8918,0,9.72,33.15,0,0,58.83,8.44,0,32.56,37.5,"btwn_25_50",32.9425,13.1,9.3,3,33.1,9.4,6.4,13.6,9.6,0.3381,0,0.6285,0.3347
"Johnston",411.01,8118,0,9.6,32.7,0,0,0,4.33,37.69,10.71,26.3,"btwn_25_50",16.6543,5.9,6.1,2.4,31.8,9.1,5.6,13.2,8.9,0.134,0,0.3017,0.0713
"Johnston",411.02,14095,0,9.73,34.23,0,0,0,7.11,55.15,2.71,26,"btwn_25_50",18.0844,8,4.3,7.9,30.8,9.2,5.9,13.3,9,0.1588,0,0.2563,0.0647
"Johnston",411.03,15881,0,9.6,33.24,0,0,0,6.11,16.96,0,23.7,"less_25",17.1824,8.4,3.4,5.6,28.2,9.1,5.3,13.5,8.1,0.0723,0,0.231,0.0344
"Johnston",412.01,4153,0,9.48,31.75,0.45,0,0,6.33,29.8,0.39,36,"btwn_25_50",45.3389,14.2,18.9,3.3,38,9.9,7.4,15.1,12.8,0.4724,0.4,0.8056,0.701
"Johnston",412.02,5241,0.33,9.43,31.38,0,0,0,5.39,47.37,2.77,38.3,"btwn_25_50",49.6271,23.1,31.8,5.8,37,10.7,6.4,18.1,13.9,0.3486,0.8,0.9613,0.8544
"Johnston",413,6502,0.33,9.36,30.73,0,0,0,2.75,28.39,0.38,17.3,"less_25",49.1051,16,21.5,9.3,38.3,11,6.5,18.2,14.3,0.1515,0.8,0.8587,0.7532
"Johnston",414,7159,0,9.49,32.02,0,0,12.59,7.39,55.55,4.84,42.2,"btwn_25_50",57.9659,15.4,21.1,4.8,39.8,10.4,7.5,15.9,13.8,0.4554,1,0.9313,0.9291
"Johnston",415.01,7603,0,9.53,32.72,0,0,0,5.28,33.58,1.79,18.6,"less_25",27.1053,5.7,13.5,1.9,30.2,9.6,5.6,15.2,9.1,0.2908,0,0.5211,0.2436
"Johnston",415.02,8365,0,9.68,33.58,0,0,0,4.67,19.92,0.97,25.1,"btwn_25_50",19.9545,8.3,8.3,1.6,29.5,9.1,5.6,13.6,8.6,0.1026,0,0.3555,0.0794
"Johnston",415.03,8363,0,9.59,33.3,0,0,0,4.5,18.82,0.6,24.5,"less_25",28.7337,10.4,17.6,2.5,32.5,9.8,6.1,15.6,10.4,0.1091,0.2,0.569,0.2816
"Jones",9201,3472,0,7.68,30.33,0,0,88.64,5.42,17.27,0.13,47.4,"btwn_25_50",45.0218,13.8,18,10.6,43.9,10.9,7.8,15.6,16.6,0.0293,1,0.9194,0.8033
"Jones",9202,2885,0,7.91,27.63,0,0,3.82,4.58,2.73,1.78,37.3,"btwn_25_50",57.3375,14.8,20.7,9.7,45.4,11.4,7.5,17,17.9,0.0541,1,0.916,0.811
"Jones",9203,3237,0,8.18,27.58,0,0,0.19,3.56,14.66,4.51,26.8,"btwn_25_50",50.7278,18.6,18.3,10.4,41.7,11,7.7,17,16,0.2028,1,0.9521,0.867
"Lee",301.01,5490,0,9.59,35.09,0,0,58.14,8.28,98.8,27.31,46.6,"btwn_25_50",39.2917,18.6,17,7.3,34,10,6.8,14.9,11.2,0.4435,0,0.9344,0.5636
"Lee",301.02,5486,0,9.57,35.07,0,0,30,7.72,78.17,27.21,20.7,"less_25",13.3284,5.2,5,0.8,33.1,8.6,8.2,11.2,9.6,0.5656,0.2,0.2662,0.3733
"Lee",302,3304,0,9.62,34.77,0,0,0,7.39,34.52,3.21,78.8,"greater_75",71.7933,18.1,29.2,5.1,38.9,11.9,4.8,21.4,17.7,0.5988,0.8,0.9878,0.9291
"Lee",303,3015,0,9.61,34.67,10.69,0,42.9,8.75,16.11,19.39,89.1,"greater_75",70.779,24.5,33.8,14.2,44.7,11.9,5.3,18.5,18.2,0.7465,0.8,0.9971,0.9655
"Lee",304.01,4011,0,9.67,34.89,14.57,0,0,6.22,75.98,11.92,74.5,"btwn_50_75",51.7826,20.6,27.7,4.6,37.1,10.7,5.7,16.9,14.3,0.8545,0.8,0.9644,0.9796
"Lee",304.02,7509,0,9.59,34.81,11.04,0,1.9,7.5,18.23,9.25,70.6,"btwn_50_75",56.8857,16.6,28.3,8.2,39,10.9,6.4,16.6,14.8,0.7153,0.8,0.9704,0.9527
"Lee",305.01,4736,0,9.58,34.33,0,0,0,5.83,20.96,0,24.3,"less_25",32.0657,8.6,6.4,13,37.1,8.7,9.7,11.2,12.3,0.3384,0.6,0.6566,0.6656
"Lee",305.02,2038,0,9.54,34.6,0,0,0,5.67,21.59,0.16,44.7,"btwn_25_50",48.4298,23.4,21,9.2,37.5,10.4,7,16.5,13.6,0.2371,0.8,0.902,0.7999
"Lee",305.03,7292,0,9.45,33.91,0,0,0,3.54,23.91,0,30.4,"btwn_25_50",45.6758,15.7,16.3,13.6,35,10.8,6.3,17.5,12.9,0.1581,0.8,0.8468,0.7515
"Lee",306.01,3141,0,9.55,34.7,4.24,0,0,4.17,40.17,5.88,15.8,"less_25",12.2891,6.3,3,2,31.6,8.7,7.1,11.3,9,0.753,0,0.1677,0.3065
"Lee",306.02,5058,0,9.45,34.02,0,0,0,4.28,8.5,0.03,17.9,"less_25",22.7758,9.6,9.5,3.5,35.8,9.7,7.5,14.1,11.5,0.128,0.4,0.4743,0.3563
"Lee",307.01,5007,0.33,9.7,34.74,0,0,0,5.08,42.48,10.56,27.3,"btwn_25_50",25.2705,7,13.5,3.7,33.4,9.8,6.5,14.6,10.7,0.8019,0,0.6708,0.6097
"Lee",307.02,4394,0,9.68,34.18,0,0,0,4.33,12.62,7.08,22.9,"less_25",33.9344,14.3,17.4,8.6,36,9.9,7.4,14.9,11.8,0.4145,0.2,0.8,0.5824
"Lenoir",101,4085,0,8.53,28.06,13.25,0,0,4.08,38.55,0,50.9,"btwn_50_75",52.1814,12.7,22.7,11.8,42.3,11.6,6.9,17.6,16.7,0.5461,0.8,0.9189,0.8977
"Lenoir",102,2452,0,8.52,28.98,0,0,0,7.11,38.39,0,94.8,"greater_75",60.0326,11.1,17.3,24.3,56.3,12.9,7.6,17,25,0.3869,1,0.9656,0.9204
"Lenoir",103,1437,0,8.55,29.58,0,0,0,8.42,100,0,99.2,"greater_75",87.3677,17.6,42.5,34.1,51.5,16.1,5.1,25.1,23.7,0.6586,0.8,0.9536,0.9348
"Lenoir",104,740,0,8.57,29.54,0,0,0,9.58,100,0,100,"greater_75",84.7297,18.5,29.6,20.6,57.9,13.5,6.6,19.1,25.4,0.4251,0.8,0.9704,0.8786
"Lenoir",105,3475,0,8.59,28.9,0,0,0,9,83.76,0,93.1,"greater_75",66.6567,11.3,22.7,19.4,53.5,13.4,6.6,18.8,23.1,0.1719,0.8,0.9949,0.8099
"Lenoir",106,3649,0,8.62,29.3,0,0,0,8.83,19.37,0,60,"btwn_50_75",36.4515,10.5,13.9,14,46.1,10,9.6,12.4,16.2,0.2375,0.6,0.8311,0.697
"Lenoir",107,2043,0,8.61,29.9,0,0,1.6,12.17,88.68,0,75.6,"greater_75",71.7811,9,32.7,9.4,52.6,12.9,7.8,19,22.7,0.3427,1,0.9959,0.9169
"Lenoir",108,5108,0,8.66,29.16,0,0,2.06,7.44,13.69,0,51.5,"btwn_50_75",23.9339,7.4,15.4,7,44.6,10.2,9,13.2,15.5,0.3098,0.6,0.8652,0.7403
"Lenoir",109,3225,0,8.69,28.73,0.72,0,0,4.56,11.96,0,62.1,"btwn_50_75",47.5801,7.8,20.7,11.3,43.9,11.1,7,15.9,16.2,0.5318,0.8,0.9709,0.9077
"Lenoir",110.01,4778,0,8.73,28.64,0,0,16.44,6.22,57.85,0,36.2,"btwn_25_50",31.8355,13.6,14.1,7.9,39.2,10.2,7.9,14.6,13.5,0.3185,0.6,0.814,0.7237
"Lenoir",110.02,3777,0,8.86,28.49,0,0,0,4.75,20.74,0,24.5,"less_25",28.4882,11.7,9.4,5.1,34.5,9.9,6.5,14.5,11.1,0.085,0,0.5625,0.1574
"Lenoir",111,5847,0,8.94,28.68,0,0,0,4.75,29.27,21.95,49.3,"btwn_25_50",52.7025,17.2,23.6,9.9,41.7,11.1,7.1,16.3,16,0.2365,0.8,0.9564,0.8188
"Lenoir",112,7464,0,8.58,28.41,0,0,0,4.21,8.63,0,27,"btwn_25_50",45.1321,18.7,23.9,10.7,37,10.4,6.8,16.9,12.8,0.0362,0.8,0.8978,0.7242
"Lenoir",113,4967,0,8.62,28.65,0,0,0,6,36.86,0,49.8,"btwn_25_50",52.0838,10,23.3,12.2,39.4,11.2,7.3,17.6,15.5,0.2527,0.8,0.9256,0.8137
"Lenoir",114,3709,0,8.44,28.07,0.37,0,0,3.29,21.99,2.07,16.8,"less_25",42.7878,8.7,18.6,5.9,37.3,10.2,7.3,16,12.5,0.5256,0.6,0.7041,0.7604
"Lincoln",701,5125,1,9.93,36.92,0,0,60.59,9.17,16.3,10.01,32.1,"btwn_25_50",42.7077,6.3,13.5,9.7,38.8,10.3,8,15.3,13.6,0.7624,0.6,0.8125,0.8729
"Lincoln",702.01,5051,1,9.93,36.45,0,0,0,7.78,83.59,24.21,42.3,"btwn_25_50",45.8833,13,20.6,5.1,33.2,9.9,5.9,16.3,11.2,0.8381,0.2,0.9267,0.8091
"Lincoln",702.02,3235,1,9.95,35.75,0,0,0,6.42,0.81,3.32,19.8,"less_25",20.9302,3.3,7.5,2.4,34.7,9.5,7.6,13.9,11.5,0.6186,0.2,0.257,0.3995
"Lincoln",703,4097,1,9.95,36.32,0,0,0,5.33,89.67,0.92,22.4,"less_25",41.033,8.2,20.2,10.4,38.4,10.2,8.7,15.6,14.1,0.6408,0.8,0.9105,0.9202
"Lincoln",704,5538,1,9.91,35.81,0,0,9.23,4.63,4.2,20.81,6.4,"less_25",34.4709,6.1,12.8,10.7,34.3,10.3,7.1,16.8,12.3,0.501,0.4,0.5206,0.5853
"Lincoln",705,4807,0.33,9.7,33.6,0,0,0,3.11,0,19.07,3.4,"less_25",33.6547,8.7,17.8,5.4,33.3,9.8,7.1,15,10.3,0.3591,0,0.4733,0.2554
"Lincoln",706,4113,0.33,9.63,32.55,0,0,0,3.83,0,0,8.3,"less_25",27.027,11.6,12.7,3.5,33.9,10,7,15.6,11.1,0.0959,0.2,0.4614,0.2139
"Lincoln",707,3685,0.33,9.83,34.96,0,0,1.32,4.58,0,0.06,9.7,"less_25",33.1338,7.4,18,3.5,33.2,9.8,7,15.1,10.4,0.3496,0,0.4018,0.2105
"Lincoln",708,6848,1,9.92,35.03,0,0,0.68,4.08,36.31,17.13,25.6,"btwn_25_50",46.3579,18.4,16.9,8.7,35.6,10.5,6.4,17,12.5,0.7002,0.8,0.7164,0.8843
"Lincoln",709.01,3246,1,9.93,33.95,0,0,0,2.75,0,3.2,2.3,"less_25",40.4505,5.4,6.4,7.3,31.3,9.6,6.5,15,10.2,0.1751,0,0.2915,0.0825
"Lincoln",709.02,6567,1,9.97,35.01,0,0,0,4.28,0,23.07,10.8,"less_25",24.4421,9.9,10,3,32.3,9.6,6.7,14.5,10,0.5239,0,0.33,0.2676
"Lincoln",710.01,5715,1,9.97,36.36,0,0,0,3.75,5.92,8.77,21.4,"less_25",35.0406,19.4,12.4,4.3,34.1,10,6.9,15.2,11,0.7074,0,0.5433,0.4981
"Lincoln",710.02,2676,1,10.01,35.65,0,0,0,2.92,0,12.54,14.6,"less_25",43.3857,9.5,24.2,4.2,37.9,10.7,7,16.7,13,0.4043,0.8,0.5921,0.7481
"Lincoln",711.01,6052,1,9.98,34.85,0,0,0,7.56,0,58.1,10,"less_25",30.4967,5.1,7,3.6,30.9,9.5,6.8,14.2,9.9,0.4377,0,0.2582,0.1818
"Lincoln",711.02,5841,1,10.04,36.63,0,0,0,8.25,0,23.7,11.8,"less_25",13.0971,3.6,6.5,4.8,29.9,8.9,7.1,12.4,8.6,0.4423,0,0.1047,0.1124
"Lincoln",712.01,1839,1.33,10.03,36.13,0,0,0,7,0,93.36,9.8,"less_25",16.9114,7.6,3.1,4.9,32.9,8.4,8.2,11,9.7,0.3833,0.2,0.131,0.191
"Lincoln",712.02,3311,1,10.01,35.06,0,0,0,5.58,0,94.59,5.6,"less_25",13.1396,4.5,4.9,5.3,32.6,8.5,7.9,11.1,9.4,0.5024,0.2,0.1157,0.2471
"Lincoln",712.03,5173,1,9.98,34.14,0,0,0,5.58,0,92.3,4.3,"less_25",9.163,2.2,2.9,0.8,28.9,8.4,7.2,10.8,8,0.5662,0,0.0463,0.1409
"McDowell",9701,5505,0,8.17,26,0,0,100,5.38,37.15,1.45,11.3,"less_25",30.8084,13.2,18.2,1.3,37.1,9.8,7.7,15.1,11.6,0.0721,0.4,0.6489,0.425
"McDowell",9702,4740,0,8.57,29.85,0,0,39.54,5.33,71.46,3.37,9.2,"less_25",39.7406,7.5,10.7,8.6,37.8,9.9,7.6,15.4,12.5,0.2096,0.6,0.683,0.6194
"McDowell",9703,3012,0,8.45,28.33,0,0,39.56,7.5,65.35,3.12,23.5,"less_25",32.4878,17,17.9,11.5,38.5,10,8.9,14.8,12.6,0.2182,0.6,0.8429,0.6938
"McDowell",9704,3045,0,8.53,29.71,0,0,0,9.67,100,10.26,32.7,"btwn_25_50",51.954,19.7,25.2,4.9,38.6,10.5,7.2,17.6,13.3,0.4831,0.8,0.8306,0.8556
"McDowell",9705,4101,0,8.53,28.61,0,0,0,8.22,98.5,16.15,28.5,"btwn_25_50",40.8768,9.4,15.5,8,40,10.3,8.1,15.8,13.5,0.3394,0.8,0.8706,0.8242
"McDowell",9706,3704,0,8.42,27.97,0,0,22.42,6.44,67.75,1.24,6,"less_25",23.9471,7,13.1,3.6,34.6,9.2,7.4,13.6,10,0.1816,0,0.3061,0.0896
"McDowell",9707,4410,0,8.14,25.07,0,0,98.08,3.72,26.09,0,8.2,"less_25",42.3771,10.4,13.3,1.3,39.3,9.9,8.2,15.1,12.7,0.1734,0.6,0.4961,0.5083
"McDowell",9708,4495,0,8.27,24.63,0,0,4.76,3.83,20.4,0.02,2,"less_25",41.2801,12.7,12.3,2.5,39.7,9.8,8.1,14.7,12.6,0.1824,0.6,0.5476,0.5401
"McDowell",9709.01,7063,0,8.74,30.46,0,0,7.44,4.42,30.88,3.25,10.1,"less_25",41.1978,12.1,19.1,9.3,37.1,9.9,6.9,16.3,12.3,0.1446,0.6,0.7946,0.6409
"McDowell",9709.02,5152,0,8.5,27.07,0,0,0,3.61,23.72,2.15,7.6,"less_25",41.4014,9.7,17.1,5.7,38.4,10.5,7.4,17.2,13.1,0.1196,0.8,0.7288,0.6887
"Macon",9701,2790,0.33,8.03,24.35,0,0,100,5,10.93,19.97,5.9,"less_25",31.2545,7.6,8.4,2.6,41.4,9.3,9.3,13.1,12.9,0.0174,0.6,0.3546,0.3382
"Macon",9702,3828,0.33,8.11,22.56,0,0,100,3.33,10.71,2.66,6.5,"less_25",51.8828,6.1,10.8,6.8,40.6,9.9,9,15,14.6,0.117,0.6,0.8144,0.6372
"Macon",9703.01,3969,0.33,8.02,25.87,0,0,100,7.67,58.31,44.64,17.6,"less_25",42.2009,16.8,15.4,5.6,39.2,10,8.2,15.6,13.4,0.4474,0.8,0.8846,0.8605
"Macon",9703.02,4292,0.33,8.05,24.58,0,0,100,6.94,28.39,29.63,23.3,"less_25",34.9856,17,13.9,2.7,41.2,9.4,9.9,13.4,13.8,0.2947,0.6,0.8266,0.719
"Macon",9704,4225,0.33,7.88,24.4,0,0,100,5.83,27.3,18.29,6.8,"less_25",36.6452,13.9,10,3.4,42.4,9.6,9.4,14,14,0.0981,0.6,0.5749,0.5101
"Macon",9705.01,1363,0.33,7.77,22.23,0,0,100,8.5,48.59,5.98,5.1,"less_25",23.6111,11.6,8.7,2.7,40.6,8.6,11.2,10.7,12.9,0.012,0.6,0.5159,0.4288
"Macon",9705.02,2128,0.33,7.77,23,0,0,100,8.33,15.28,1.87,4.9,"less_25",21.4998,9.8,8.1,2.2,41.5,8.7,10.9,10.9,12.9,0.0046,0.6,0.4703,0.3991
"Macon",9706,5601,0.33,7.9,24.29,0,0,100,5.87,33.82,2.79,10.6,"less_25",34.2439,15.3,8.6,12.3,39.8,9.5,9.3,13.8,13.8,0.0605,0.6,0.6535,0.5316
"Macon",9707,6617,0.33,8.01,23.45,0,0,100,5.93,22.18,0.91,9.8,"less_25",30.5136,14.7,10.8,0.9,37.8,9.6,8.5,14.2,12.4,0.0407,0.6,0.4897,0.4301
"Madison",101,2553,0.67,8.09,23.35,0,0,95.83,4.08,9.71,1.11,3.8,"less_25",45.6016,11.4,19.8,2.1,37.4,10.3,8.5,16.1,14.1,0.0205,0.8,0.7123,0.638
"Madison",102,2175,0.67,8.11,22.94,0,0,95.98,5.17,19.88,0.01,2.6,"less_25",46.5314,9.6,15.7,9.8,40.6,10.4,8.8,16.4,14.7,0.053,1,0.7974,0.7676
"Madison",104,1474,0.67,8.1,23.96,0,0,33.96,4,19.03,0,7.5,"less_25",46.8579,12.9,18.7,10.1,37.3,10.2,8,16,12.6,0.1171,0.8,0.7385,0.6918
"Madison",105,4250,0.67,8.12,24.87,0,0,14.39,7.06,21.17,2.99,4.3,"less_25",24.3158,13.1,15.1,0.8,35.2,9.6,8,14.4,11,0.1308,0.4,0.5037,0.3748
"Madison",106,7781,0.67,8.05,24.24,0,0,1.29,4.77,21.61,3.53,7.1,"less_25",32.1946,7.5,6.1,6.3,31.8,9.4,7.3,13.9,9.9,0.2178,0,0.4739,0.1798
"Madison",107,3266,0.67,7.95,22.91,0,0,26.5,3.33,54.24,4.71,8.5,"less_25",37.8445,5.5,14.9,3.1,36.4,9.9,8.1,15.2,12.6,0.059,0.6,0.5974,0.5013
"Martin",9701,4508,0,7.77,26.4,0,0,5.76,3.39,21.73,0,34.3,"btwn_25_50",42.4932,7,11.9,8,40.8,10.5,7.5,15.4,14.9,0.2046,0.8,0.6916,0.7089
"Martin",9702,3905,0,7.96,26.96,0,0,9.42,8.75,81.18,0,51.4,"btwn_50_75",45.6819,14.4,11.6,18.4,44.8,10.8,8.2,14.6,16.9,0.1419,0.8,0.9471,0.7823
"Martin",9703,3774,0,7.98,26.72,0,0,12.4,6.21,26.03,0,55.4,"btwn_50_75",43.1122,5,15.9,11.2,44.5,11.2,7.7,15.4,17,0.1168,0.8,0.8536,0.7386
"Martin",9704,2093,0,8.18,26.95,0,0,12.53,3.61,1.93,0,71.4,"btwn_50_75",43.956,9.7,28.1,14.6,50.2,12,8,16.7,20.7,0.0485,1,0.8833,0.7974
"Martin",9705,5306,0,8.01,26.4,0,0,0,3.71,22.61,0,28.9,"btwn_25_50",37.4477,10.5,15.6,11.6,40.7,10.5,7.3,15.9,14.1,0.2056,0.8,0.7458,0.7314
"Martin",9706,3263,0,8.2,26.78,0,0,0,5.28,50.43,0.12,69.9,"btwn_50_75",51.8859,14.4,23.1,9.1,51,12.2,7.9,16.7,21,0.6021,1,0.9376,0.9647
"Mecklenburg",1,5897,1.33,10.24,46.15,0,0,100,16.47,100,47.94,29.5,"btwn_25_50",10.6887,4.4,0.1,1.5,15.5,7.7,3.2,10.1,3.3,0.6708,0,0.0509,0.1951
"Mecklenburg",3,1115,1.33,10.25,43.03,0,0,100,16.83,100,43.74,30.9,"btwn_25_50",33.0045,3.4,6.1,6.2,35.4,9.5,5.9,11.7,11.2,0.5898,0.2,0.232,0.3678
"Mecklenburg",4,3490,1.33,10.25,45,0,0,100,18.58,100,50.89,22.1,"less_25",20.6017,4.5,2.7,2.5,23.6,8,4.4,9.7,6.3,0.6643,0,0.0603,0.1964
"Mecklenburg",5,5438,1.67,10.23,45.26,0,0,100,17.39,100,52.7,43.6,"btwn_25_50",23.4206,4.4,11.6,2.6,23,8.8,3.6,11.7,5.8,0.8201,0,0.3432,0.4493
"Mecklenburg",6,2962,1.33,10.24,44.03,0,0,100,16.25,100,43.74,54.7,"btwn_50_75",35.7043,3,6.5,2.8,23.1,8.6,2.9,12.3,5.8,0.6562,0,0.3621,0.3658
"Mecklenburg",7,1001,1.67,10.21,42.25,95.74,0,100,14.33,100,43.74,56.3,"btwn_50_75",38.8611,8.8,6,0.7,26.7,9.4,3.5,13,7.6,0.8704,0,0.2162,0.4057
"Mecklenburg",8,2975,1.67,10.23,42.27,63.77,0,100,14.58,100,43.74,85.7,"greater_75",64.2017,15.9,13.8,14.1,39.3,13,4.1,18.7,14,0.8755,0.8,0.8952,0.9711
"Mecklenburg",9,1825,1.67,10.22,42.42,100,0,100,14.75,88.24,43.74,62.1,"btwn_50_75",43.1233,20.1,20.8,6.8,44.7,11.8,5.8,15.4,16.5,0.8734,0.6,0.6333,0.8535
"Mecklenburg",10,3031,1.67,10.22,42.29,43.36,0,100,15.22,92.74,43.74,13.2,"less_25",9.6668,5,2.1,4.9,21.4,8.1,5,9.6,5,0.8744,0,0.0147,0.288
"Mecklenburg",11,2991,1.33,10.22,41.78,0,0,100,14.25,100,43.74,13.5,"less_25",15.1789,9.4,3.1,0.9,21,8.1,4.8,10.7,4.7,0.7036,0,0.0408,0.2066
"Mecklenburg",12,5055,1.67,10.2,41.55,2.65,0,100,13.22,28.51,43.74,45.1,"btwn_25_50",27.8502,16.7,18.1,2.9,26.3,8.7,5,12,7.5,0.7622,0,0.5146,0.5119
"Mecklenburg",13,4084,1.67,10.19,41.26,21.86,0,100,14.33,19.23,43.74,56.5,"btwn_50_75",41.1486,17.7,21.6,5.2,36.9,10.6,5.9,14.7,12.4,0.8512,0.6,0.7659,0.8845
"Mecklenburg",14,3243,1.67,10.19,40.76,71.14,0,100,15.75,95.28,43.74,41.1,"btwn_25_50",25.7169,11.6,11.2,4.6,24.9,9.3,4.1,13,6.8,0.8431,0,0.2442,0.4062
"Mecklenburg",15.04,6940,2.33,10.16,39.9,0,0,99.68,11.5,51.73,43.88,87.6,"greater_75",65.8258,22,34.2,9.7,39.5,12.1,5,17,13.9,0.7904,0.8,0.9656,0.9684
"Mecklenburg",15.05,3581,2.33,10.15,39.86,0,0,13.45,8.5,99.05,74.52,71.9,"btwn_50_75",43.0493,21.3,24.5,2.6,34.6,10,5.2,14.5,11.4,0.9179,0,0.789,0.7132
"Mecklenburg",15.07,5216,2.33,10.13,39.15,0,0,100,12.06,100,43.96,93.3,"greater_75",71.6123,31.4,33,8.3,38,12.3,4,19.8,15.4,0.5497,0.8,0.9354,0.9033
"Mecklenburg",15.08,6893,2.67,10.11,39.36,0,0,41.84,11.06,96.91,72.44,77,"greater_75",34.1071,12.9,15.1,11.4,34.4,10.1,5.3,13.1,10.6,0.5656,0,0.6823,0.4966
"Mecklenburg",15.09,3699,2.33,10.16,40.14,0,0,82.33,10.83,96.11,47.81,95.9,"greater_75",45.5604,21.4,16.5,8.3,45,11.6,5.9,14.2,15.9,0.9197,0.6,0.9533,0.9496
"Mecklenburg",15.1,3247,2.33,10.14,39.39,0,0,87.82,10.67,94.63,45,94.7,"greater_75",34.6782,14.5,16,6.1,42.1,10.8,6.1,13,14.7,0.8896,0.6,0.8177,0.909
"Mecklenburg",16.03,4366,2.33,10.16,41.14,0,0,89.4,8.42,1.13,44.01,60.9,"btwn_50_75",47.2591,21.4,18,2.1,40.5,10,8.3,13.8,13.7,0.5136,0.6,0.9125,0.8291
"Mecklenburg",16.05,1738,1.67,10.18,41.29,0,0,100,13,5.28,43.74,64,"btwn_50_75",46.8406,29.7,21.6,6.7,30.2,10.2,4.4,15.8,10.9,0.3377,0.2,0.7909,0.5392
"Mecklenburg",16.06,4569,2.33,10.16,40.98,0,0,100,13,33.91,43.93,77,"greater_75",53.0237,39.7,34.8,4.4,33.5,9.9,5.4,14.9,12,0.4382,0,0.774,0.4761
"Mecklenburg",16.07,3277,2.33,10.15,40.8,0,0,48.69,11.83,93.35,71.73,86.8,"greater_75",67.5726,38.6,32.5,7.9,37.1,11.2,6,16.9,12.6,0.4877,0.8,0.9593,0.8928
"Mecklenburg",16.08,4442,2.33,10.16,40.55,0,0,97.3,8.58,34.84,43.74,84.3,"greater_75",61.2787,25.5,29.6,11.3,37,11.3,4.8,17,14.1,0.6779,0.8,0.9681,0.9431
"Mecklenburg",16.09,3443,2.33,10.13,40.33,0,0,0,11,80.93,72.12,86.6,"greater_75",48.3728,19.5,22.2,7.4,33.7,10.5,4.8,15.3,11.3,0.6366,0.2,0.7632,0.6679
"Mecklenburg",17.01,4434,1.67,10.21,41.39,0,0,100,14.75,100,43.74,68.7,"btwn_50_75",63.622,17.4,25,3.8,30.6,10.7,3.9,17.1,10.9,0.6435,0.4,0.8705,0.7912
"Mecklenburg",17.02,5881,1.33,10.18,41.1,0,0,100,13.79,100,46.9,71.7,"btwn_50_75",61.3283,27.9,30.1,5.8,33.4,11.2,4.5,18.5,12.3,0.659,0.6,0.7649,0.8284
"Mecklenburg",18.01,1348,1.33,10.22,42.1,0,0,100,13.5,100,43.74,46.1,"btwn_25_50",44.7329,17.4,7.6,2.8,29,9.9,4.4,14.4,8.4,0.7275,0,0.5726,0.5242
"Mecklenburg",18.02,2990,1.33,10.19,41.45,0,0,100,14.17,99.99,58.32,35.2,"btwn_25_50",34.4147,9.7,5,1,29.2,9,5.4,12.4,8.1,0.7726,0,0.3369,0.4188
"Mecklenburg",19.1,5917,2,10.11,40.2,0,0,100,13.44,95.39,72.5,89.6,"greater_75",56.8617,30.9,36,8.2,33.7,10.7,4.2,16.5,11.8,0.4564,0.4,0.8632,0.7183
"Mecklenburg",19.11,5920,2,10.09,39.69,0,0,94.59,10.11,42.08,72.5,72.6,"btwn_50_75",36.3652,20.2,13.1,2.4,33.9,10.2,5.6,14,11.3,0.3232,0,0.6709,0.351
"Mecklenburg",19.12,8311,2.33,10.12,40.04,0,0,30.9,12.29,100,72.5,92.6,"greater_75",61.6773,26.5,35.6,10.6,34.8,11.4,4.3,17.1,12.2,0.6099,0.4,0.8897,0.7859
"Mecklenburg",19.14,3271,1.67,10.16,41.47,0,0,84.59,14.42,100,81.74,59.7,"btwn_50_75",49.0676,18.1,22.3,4.8,34.1,10.1,5.4,14.5,11,0.7469,0,0.7095,0.6022
"Mecklenburg",19.15,7190,1.67,10.12,39.96,0,0,100,13.04,100,72.5,86.8,"greater_75",50.7232,21.1,17.7,6.2,30.8,10.7,4.1,15.6,8.9,0.6637,0.4,0.8136,0.778
"Mecklenburg",19.16,4624,2.33,10.07,39.65,17.18,0,28.91,13.17,99.57,72.5,73.1,"btwn_50_75",40.5061,15.5,13,3.5,34.4,9.6,6,12.8,10.2,0.8038,0,0.5917,0.5727
"Mecklenburg",19.17,4620,2.33,10.04,38.87,0.97,0,0,9.92,66.77,72.15,70.6,"btwn_50_75",40.368,22.8,19.6,4.7,33.6,10.5,5.7,15.5,11.1,0.9445,0.4,0.8516,0.8787
"Mecklenburg",19.18,4450,2,10.15,41.25,0,0,100,10.5,100,68.5,80.8,"greater_75",46.8041,22.3,17.2,4.1,34.1,11,5.5,15,10.8,0.6256,0.2,0.8058,0.6815
"Mecklenburg",19.19,4354,1.67,10.14,40.83,0,0,100,9.44,99.94,72.73,74,"btwn_50_75",45.6076,17.5,17.3,5.8,36.1,10.8,5.3,15.6,12.4,0.5671,0.8,0.7901,0.8676
"Mecklenburg",19.2,5936,1.67,10.13,40.38,0,0,100,11.22,92.61,72.5,84,"greater_75",62.5,26.9,17.2,15.8,33.7,10.7,4.3,16.7,12.9,0.5053,0.6,0.7863,0.7832
"Mecklenburg",19.21,3017,2,10.1,39.88,0,0,100,13.67,74.18,72.5,76.6,"greater_75",47.1295,19.3,19,8.7,31.9,10.2,4.8,14.2,10.2,0.3823,0,0.8211,0.471
"Mecklenburg",19.22,4710,2.67,10.07,39.8,75.55,0,0,13.17,99.58,72.55,75.8,"greater_75",51.0828,18,10.9,12,37.1,10.7,5,14.9,12,0.978,0.4,0.7328,0.8547
"Mecklenburg",19.23,4594,2.33,10.09,40.01,30.52,0,27.87,7.08,100,72.5,80.7,"greater_75",39.3339,24.5,13.7,4.4,35.1,10.7,4.7,15.2,10.7,0.8893,0.4,0.6452,0.7984
"Mecklenburg",20.02,6209,1.33,10.19,41.1,0,0,12.51,13.67,2.34,86.45,20.5,"less_25",8.2158,6,4,4.8,29.5,7.9,8.2,8.7,7.3,0.6012,0.2,0.3102,0.4199
"Mecklenburg",20.03,6164,1.67,10.15,40.43,0,0,96.04,6.17,20.12,72.9,38.9,"btwn_25_50",23.127,12.8,15.8,3.1,34.2,9.2,8.1,11.4,10.3,0.6764,0.2,0.5524,0.5891
"Mecklenburg",20.04,5448,1.67,10.16,40.27,0,0,73.78,11.11,0,72.61,43.1,"btwn_25_50",15.3818,9.4,3.6,0,28.6,8.5,6.7,10,7.1,0.3942,0,0.2884,0.1751
"Mecklenburg",21,2786,1.67,10.2,41.51,0,0,97.91,9.5,33.21,85.21,45.1,"btwn_25_50",36.2756,14.5,6.4,4.6,32.6,9.3,6.9,12.5,9.9,0.8001,0,0.616,0.583
"Mecklenburg",22,5149,1.33,10.24,41.58,0,0,91.21,13.08,2.42,52.14,13.1,"less_25",13.2373,3.8,1.3,0.5,25.1,7.8,6.7,8.9,5.8,0.4907,0,0.1158,0.1385
"Mecklenburg",23,3431,1.33,10.24,41.72,0,0,100,15.67,80.93,43.77,97,"greater_75",81.3668,7.9,27.2,14,42.6,14.1,4.5,21.1,17.3,0.5982,0.8,0.9435,0.9178
"Mecklenburg",24,3484,1.33,10.24,42.53,0,0,100,14.56,96.47,43.74,14.8,"less_25",19.7869,11.5,2.9,3.5,22.1,8.4,4.9,11.4,5.4,0.6522,0,0.1556,0.2414
"Mecklenburg",25,1932,1.33,10.23,43.11,0,0,100,16.25,100,43.74,13.9,"less_25",14.4974,4,0.9,3,20.2,8.1,4.9,10.2,4.4,0.6734,0,0.0761,0.2096
"Mecklenburg",26,1067,1.33,10.25,42.71,0,0,100,15.83,100,43.74,49.7,"btwn_25_50",29.0534,9,7.2,11.6,27.3,9.6,4.7,12.9,7.9,0.5485,0,0.4218,0.337
"Mecklenburg",27.01,2447,1.33,10.25,42.12,0,0,100,13.89,37.64,43.74,6.5,"less_25",15.7689,3.5,2.8,2.5,32.5,8.3,8.9,9.1,8.5,0.496,0.2,0.0837,0.226
"Mecklenburg",27.02,6095,1.33,10.25,41.98,0,0,93.74,13.89,0,43.74,7.4,"less_25",6.972,1.6,0,3.6,22.9,8.1,6.3,9.5,5.3,0.2239,0,0.0956,0.0384
"Mecklenburg",28,4000,1.33,10.25,42.28,0,0,99.34,13.11,1.31,43.74,4.3,"less_25",6.7,2.1,0.3,1.7,28.7,7.6,8.6,7.6,6.8,0.427,0.2,0.0174,0.1559
"Mecklenburg",29.03,4209,1.33,10.21,40.79,0,0,11.8,13.06,0,85.49,14.5,"less_25",13.1385,0.4,0.3,1.2,27.2,7.9,7.4,8.6,6.7,0.2681,0,0.031,0.0334
"Mecklenburg",29.04,6778,1.33,10.17,40.64,0,0,60.96,10.87,0,77.68,17,"less_25",9.5139,2,2.4,0.8,28.5,7.7,8.1,8.6,6.8,0.3168,0.2,0.2618,0.2253
"Mecklenburg",29.05,3604,1.33,10.23,41.12,0,0,7.88,12.42,0,44.52,6.6,"less_25",6.8812,1.7,0.5,4.2,26.3,7.5,7.4,7.8,6.2,0.2663,0,0.0468,0.0367
"Mecklenburg",29.06,4806,1.33,10.22,41.52,0,0,52.81,14.39,0,43.83,13.2,"less_25",8.2515,2.6,2.6,1.7,26.6,7.9,7.3,9.2,6.4,0.4905,0,0.0716,0.1193
"Mecklenburg",30.06,4788,1.33,10.19,40.98,0,0,34.17,6.5,0,85.87,18.4,"less_25",8.6319,7.2,1.6,2.3,28.4,8.1,7.6,8.9,7,0.3794,0.2,0.0569,0.1522
"Mecklenburg",30.07,6951,1.33,10.16,40.49,0,0,71.65,7.93,0,76.45,13.5,"less_25",5.1647,1.9,2.5,2.6,30.6,7.8,8.5,8,7.4,0.2985,0.2,0.0526,0.1141
"Mecklenburg",30.08,5643,1.33,10.16,40.95,0,0,0,10.72,0,80.07,25.7,"btwn_25_50",18.9189,9,5.3,2.4,31.1,8.4,8.1,10.3,8.8,0.329,0.2,0.3215,0.2654
"Mecklenburg",30.11,6522,1.33,10.2,41.27,0,0,56.48,11.07,0,63.16,14.7,"less_25",6.9127,3.1,1.8,3.8,33.1,7.4,10.8,7.7,7.8,0.524,0.2,0.2306,0.3276
"Mecklenburg",30.12,4590,1.33,10.17,40.97,0,0,0,8.67,1.7,86.37,24.6,"less_25",19.2604,8.4,4.1,2,28.8,8.3,7.3,9.8,7.5,0.3935,0,0.3232,0.1924
"Mecklenburg",30.13,5054,1.33,10.14,40.36,0,0,55.39,7.83,0,72.13,9.6,"less_25",3.8188,2.3,3.3,1.7,28.4,8.1,7.4,9.2,7.2,0.3583,0,0.0046,0.0498
"Mecklenburg",30.15,4972,1.67,10.11,39.9,0,0,57.03,8.11,0,72.31,21.5,"less_25",8.6484,6.2,1.3,4.6,28.5,8,7.4,9.1,7.3,0.5026,0,0.1415,0.1557
"Mecklenburg",30.16,5164,1.67,10.1,40.36,0,0,0,11.56,0,68.44,35.7,"btwn_25_50",16.0147,4.6,1.9,3.3,22.8,8.2,5,10,5.6,0.442,0,0.1748,0.1431
"Mecklenburg",30.17,3929,1.33,10.12,40.24,0,0,61.42,11.17,0,70.65,11.7,"less_25",4.6535,1.3,1.1,4.2,30.9,8.1,7.9,9.1,8,0.2042,0.2,0.0458,0.0764
"Mecklenburg",30.18,2922,1.33,10.11,40.27,0,0,75.29,13.5,0,71.54,26.2,"btwn_25_50",7.7399,1.5,1.9,5,26.2,7.8,6.6,9.1,6.3,0.2333,0,0.0745,0.0356
"Mecklenburg",31.02,4444,1.33,10.23,42.27,0,0,100,13.44,59.31,43.73,48.7,"btwn_25_50",40.3326,14.8,11.6,3.6,32.1,8.9,7.1,11.9,9.7,0.8125,0,0.7784,0.6636
"Mecklenburg",31.03,4922,1.33,10.24,42.07,0,0,76.33,15.94,59.6,43.7,22.9,"less_25",33.2385,9.6,5.3,4.3,26,8.3,6.1,10.6,6.8,0.8108,0,0.2098,0.3672
"Mecklenburg",31.05,3797,1.33,10.2,41.8,0,0,94.16,12.17,43.54,44.09,10.9,"less_25",13.616,3.2,1.5,2.2,30,7.9,8.4,8.7,7.4,0.7674,0.2,0.0357,0.3567
"Mecklenburg",31.06,4360,1.33,10.21,42.84,0,0,100,14.75,99.87,43.74,53.7,"btwn_50_75",39.4434,16.4,14.6,4.8,27.9,9,5.2,12.8,8.1,0.8432,0,0.4948,0.5438
"Mecklenburg",31.08,3735,1.33,10.21,42.18,0,0,99.31,8.75,100,43.72,71.5,"btwn_50_75",54.9785,24.7,18.8,4.7,29.4,10.2,4.1,16.2,9.7,0.7716,0.2,0.6719,0.6864
"Mecklenburg",31.09,4503,1.33,10.19,42.06,0,0,60.04,10.83,100,43.74,88,"greater_75",55.9521,39.9,20.7,10,26.4,10.1,2.9,15.9,8.4,0.7536,0.2,0.9224,0.7775
"Mecklenburg",32.01,2829,1.33,10.25,43.05,0,0,100,14.08,97.8,43.93,51.2,"btwn_50_75",40.5797,17.8,5.5,1.5,29.2,8.6,5.3,12.8,8.8,0.7995,0,0.4569,0.5013
"Mecklenburg",32.03,2579,1.33,10.24,42.61,0,0,99.45,12.75,93.69,43.74,30.6,"btwn_25_50",28.1504,13.8,2.7,2.2,26.5,8.8,4.8,12.1,7.1,0.6824,0,0.1675,0.2651
"Mecklenburg",32.04,3578,1.33,10.25,42.27,0,0,96.34,14.17,5.72,43.74,23.7,"less_25",19.68,6.1,9.4,3.3,28.6,8.5,7.1,10.8,7.3,0.4393,0,0.3367,0.2238
"Mecklenburg",33,3538,1.33,10.26,42.82,0,0,100,13.39,33.7,44.35,19.2,"less_25",19.1916,6.8,5.7,1.8,24.2,8.5,5.3,11.3,6,0.6794,0,0.1137,0.2335
"Mecklenburg",34,5667,1.33,10.25,42.74,0,0,100,15,33.16,44.21,10.4,"less_25",8.9286,2.3,1.7,0.8,18.8,7.8,4.7,9.4,4.1,0.542,0,0.025,0.1213
"Mecklenburg",35,2615,1.33,10.25,42.96,0,0,100,13.67,94.21,43.86,10.8,"less_25",6.348,0.5,1.6,0.5,20.7,7.6,5.4,8.7,4.5,0.6502,0,0.0136,0.1656
"Mecklenburg",36,4053,1.33,10.24,44.22,0,0,100,13.5,100,53.7,66,"btwn_50_75",43.1407,10.6,11.7,4.5,41.8,11.2,5.6,13.8,13.8,0.7806,0.6,0.7405,0.8579
"Mecklenburg",37,3876,1.33,10.25,44.17,0,0,100,15.17,100,53.68,55.3,"btwn_50_75",49.0571,9.2,13.6,11.4,35.8,12,4.3,16.1,12.2,0.6911,0.6,0.5786,0.7749
"Mecklenburg",38.02,3543,1.33,10.25,42.85,0,0,98.92,12.78,100,50.53,97.1,"greater_75",60.5858,13.2,28,11.1,51.6,13.4,6.7,17.3,21.5,0.9243,0.8,0.9836,0.9925
"Mecklenburg",38.05,3196,1.33,10.25,43.21,31.83,0,95.97,13.67,70.37,41.73,70,"btwn_50_75",15.5194,10.4,5.5,2,18,6.8,2.9,9.3,4.4,0.9601,0,0.1669,0.4283
"Mecklenburg",38.06,9733,1.33,10.23,43.3,31.45,0,65.13,11.25,85.6,41.44,80.7,"greater_75",31.4292,16.1,12.7,4.6,30.6,9.5,4.3,12.5,9,0.8117,0,0.5689,0.565
"Mecklenburg",38.07,4826,1.33,10.23,43.45,0,0,99.19,16.17,100,41.46,92.6,"greater_75",54.819,28.9,28.3,11.1,37.8,11.1,4.5,16.2,14.1,0.7295,0.8,0.9412,0.9489
"Mecklenburg",38.08,6353,1.33,10.22,43.27,0,0,97.34,10.83,100,41.52,94.5,"greater_75",58.9485,42.5,39.1,5.3,25.9,10.3,2.7,18.1,9.5,0.7163,0.2,0.9025,0.7566
"Mecklenburg",39.02,4725,1.33,10.25,43.41,0,0,100,13,91.44,51.68,93.7,"greater_75",61.545,20.7,22.8,11.9,45.8,13.1,5.4,17.1,16.7,0.9467,0.8,0.9807,0.9946
"Mecklenburg",39.03,2211,1.33,10.26,46.11,0,0,82.04,12.42,100,41.53,94.5,"greater_75",86.2053,12.9,28.1,10.9,39.7,14,3.8,21.8,15,0.9695,0.8,0.9489,0.9936
"Mecklenburg",40,4691,1.33,10.24,43.38,8.41,0,69.74,14.88,100,44.31,84.2,"greater_75",49.0301,15.5,28.1,14,45.8,12.2,6.2,16.6,17,0.9941,0.8,0.9681,0.9973
"Mecklenburg",41,4106,1.33,10.24,44.35,0,0,100,14.33,100,53.72,60,"btwn_50_75",39.2353,14,6.2,7.6,34.3,10.4,4.6,13.5,11,0.8571,0.2,0.3387,0.5729
"Mecklenburg",42,3249,1.33,10.24,42.57,86.81,0,100,14.33,94.8,53.72,82.8,"greater_75",59.526,14.2,26.5,6.4,46.7,13.4,5.3,19.4,18.6,0.9684,0.8,0.8353,0.977
"Mecklenburg",43.02,5460,1.33,10.21,42.32,93.85,0,98.89,12.5,95.77,40.93,92,"greater_75",58.4968,18.1,17.4,11.4,44,11.9,5.6,16.6,16.6,0.9772,0.8,0.9677,0.9959
"Mecklenburg",43.03,2911,1,10.21,43.07,0,0,5.51,7.17,51.58,16.04,77.8,"greater_75",44.6582,22.9,18.6,8.6,38.4,10.7,5.9,14.6,13.2,0.9206,0.6,0.792,0.9103
"Mecklenburg",43.04,4737,1,10.21,42.61,35.17,0,28.55,10.58,12.17,13.89,92.5,"greater_75",43.7473,13.3,22.4,2.5,35,11.3,4.6,15.6,11.8,0.9538,0.6,0.7049,0.8959
"Mecklenburg",43.05,6658,1,10.22,43.46,8.94,0,90.3,10.58,79.95,23.15,90.1,"greater_75",45.0736,27.8,22,6.5,37.4,10.8,4.5,14.8,10.9,0.9698,0.4,0.9168,0.9037
"Mecklenburg",44,4097,1.67,10.2,40.99,81.5,0,50.74,9.25,43.71,51.22,84.3,"greater_75",51.3229,25,26.3,10.4,37.3,11.6,4.7,15.5,12.2,0.9603,0.6,0.7754,0.9163
"Mecklenburg",45,2724,1.67,10.23,43.21,69.31,0,100,13.44,92.72,53.72,87.4,"greater_75",64.5742,18.8,20.9,16.5,45.6,13.1,5,18.9,18.1,0.9745,0.8,0.868,0.9834
"Mecklenburg",46,2668,1.67,10.21,42.75,23.38,0,100,13.25,98.43,53.72,99,"greater_75",59.8032,17.9,20.1,7.9,52.3,13,7.3,16.4,22.2,0.979,0.8,0.9753,0.9966
"Mecklenburg",47,1789,1.67,10.23,46.38,0,0,100,17,95.44,53.72,76.2,"greater_75",67.2956,10.5,23,5.7,31.5,13.6,3.1,20.4,10.1,0.8852,0.4,0.8913,0.8734
"Mecklenburg",48,3233,1.67,10.22,43.51,0,0,100,12.67,100,53.72,96.8,"greater_75",60.1485,16.7,20.7,10.3,51.4,12.7,7.1,16.2,21.6,0.9218,0.8,0.9467,0.9876
"Mecklenburg",49,669,1.67,10.23,45.16,0,0,100,14.67,100,53.72,91.6,"greater_75",67.7225,16.9,14,11.1,44.8,13.9,5.1,19.3,19.9,0.8856,0.8,0.912,0.9759
"Mecklenburg",50,2155,1.67,10.22,43.49,0,0,100,11.83,100,53.72,86.1,"greater_75",50.4408,8.4,11.7,4.6,45.1,12.2,5.7,14.7,15.3,0.8774,0.6,0.6605,0.862
"Mecklenburg",51,2247,1.67,10.21,43.23,2.26,0,100,10.42,100,53.61,93.4,"greater_75",73.1323,28,21.4,13,49,12.7,5.8,17.5,20.8,0.9756,0.8,0.985,0.9971
"Mecklenburg",52,1825,1.67,10.22,43.08,75.36,0,100,13.39,100,44.46,92.4,"greater_75",67.2877,22,21.4,17.8,48.8,13.6,5.2,19.6,20.3,0.942,0.8,0.9015,0.9836
"Mecklenburg",53.01,4247,1.67,10.2,40.55,47.95,0,100,14.58,100,43.85,89.7,"greater_75",66.6824,24.3,30.4,4.2,37.2,11.1,4.1,16.9,12.5,0.8807,0.8,0.9469,0.9811
"Mecklenburg",53.05,4279,2,10.19,40.01,0,0,93.19,11.67,100,45.81,98.1,"greater_75",46.0154,21.5,17.1,7.8,44.5,11.8,5.7,15.7,17.6,0.8998,0.8,0.8814,0.9734
"Mecklenburg",53.06,2135,2,10.18,40.4,0,0,99.64,12.75,100,44.24,83.6,"greater_75",58.1733,32.7,38.3,5,41.4,12.4,4.9,18.5,16.5,0.8966,0.8,0.8671,0.9697
"Mecklenburg",53.07,4184,2,10.19,39.68,0,0,36.97,12.42,100,72.97,92.9,"greater_75",65.3232,24,25.2,3.6,35.4,11.8,3.7,18.9,13.1,0.767,0.8,0.9008,0.9482
"Mecklenburg",53.08,2717,2.33,10.17,39.93,0,0,16.63,14.17,100,48.28,91.4,"greater_75",72.0878,38.1,42.7,7.5,29.6,10.6,2.8,18.7,11.1,0.9274,0.4,0.8952,0.8862
"Mecklenburg",54.01,6183,1.67,10.2,41.09,20.02,0,82.08,12.33,91.9,53.4,94.3,"greater_75",42.1172,15.6,10.2,9.8,43.1,11.8,6,14.8,15.8,0.9095,0.6,0.7918,0.9074
"Mecklenburg",54.03,4590,1.67,10.19,40.41,0,0,100,9,60.17,54.45,87.7,"greater_75",34.0168,20.4,14.4,3.6,37.1,11,5.1,15,12.4,0.7636,0.6,0.7325,0.8505
"Mecklenburg",54.04,4877,1.67,10.2,40.6,0,0,97.28,6.25,76.31,53.67,88.3,"greater_75",32.9096,11,12.5,4.8,39.2,11.2,5.4,14.1,13,0.8966,0.6,0.5304,0.8293
"Mecklenburg",55.08,4156,1.67,10.14,40.3,0,0,0,8.42,92.65,29.09,43.9,"btwn_25_50",10.8147,9.7,1.3,4,27,8.6,5.4,10.2,6.9,0.8564,0,0.0551,0.3008
"Mecklenburg",55.09,6855,2,10.14,37.54,0,0,3.47,7.61,90.13,64.72,69.3,"btwn_50_75",19.4894,6.4,6.9,1.3,26.5,8.8,4.2,10.9,6.4,0.6789,0,0.1899,0.2761
"Mecklenburg",55.1,5509,2,10.17,40.49,0,0,22.85,11,90.26,38.01,85.2,"greater_75",41.2667,22.2,19.8,3.6,30,10.8,3.6,15.9,8.8,0.8473,0.4,0.7267,0.8124
"Mecklenburg",55.11,4292,2,10.16,39.98,0,0,0,13.89,100,72.77,73.9,"btwn_50_75",29.7591,12.1,2.9,3.5,23.9,9.3,4.3,12,6,0.6946,0,0.3849,0.4017
"Mecklenburg",55.12,4759,2,10.18,39.82,0,0,33.41,6.11,32.04,74.61,82,"greater_75",34.356,12.4,8.9,4,34.2,10.4,4.8,13.6,10.6,0.6504,0.2,0.4949,0.5478
"Mecklenburg",55.13,4413,2,10.14,38.2,0,0,32.4,7.94,67.09,74.64,67.1,"btwn_50_75",18.9214,7.9,9,4,29.5,9.1,5.4,11,8.2,0.3761,0,0.2936,0.1688
"Mecklenburg",55.14,6751,2.33,10.15,39.24,0,0,19.38,9.5,88.18,74.64,58.9,"btwn_50_75",20.2509,9.4,3,4.9,27.5,9.1,5.2,11.3,7.6,0.5163,0,0.3492,0.274
"Mecklenburg",55.15,2488,1.67,10.1,36.67,0,0,0,9.33,0,18.46,36.7,"btwn_25_50",13.2822,3.7,5.1,2.7,29.4,8.5,7,10,7.7,0.1738,0,0.1495,0.0392
"Mecklenburg",55.16,2122,2,10.11,36.82,0,0,0,6,3.04,18.46,42.1,"btwn_25_50",9.0009,4.9,1,3.4,26.1,8.2,5.5,9.8,6.6,0.2816,0,0.039,0.0386
"Mecklenburg",55.17,3971,1.67,10.11,37.07,0,0,47.17,8.5,76.89,21.4,37.7,"btwn_25_50",7.0008,2.8,2.6,3.6,26.3,8.5,5.7,10.1,6.7,0.2437,0,0.0975,0.0437
"Mecklenburg",55.18,5359,2,10.12,37.63,0,0,100,8.67,81.82,73.25,66.2,"btwn_50_75",9.4607,10.3,5.1,4.2,26.3,8.4,4.9,10.2,7,0.3886,0,0.2177,0.1384
"Mecklenburg",55.19,5333,2,10.11,37.46,0,0,35.82,5.25,86.33,66.4,57.9,"btwn_50_75",22.8764,8.6,4.2,4.6,24.9,9,4.6,11.7,6.7,0.8437,0,0.3164,0.4475
"Mecklenburg",55.2,5003,2.33,10.12,39.08,0,0,90.18,7.83,91.8,74.63,79.6,"greater_75",15.4731,5,5.3,1.7,28.5,8.3,4.5,10,8.4,0.6874,0,0.2271,0.3024
"Mecklenburg",55.21,7195,2.33,10.1,39.7,0,0,1.55,10.06,100,74.44,68.5,"btwn_50_75",27.9778,7.9,3.1,2.1,22.7,9.4,3.2,12.8,5.9,0.9363,0,0.2457,0.4593
"Mecklenburg",55.22,4765,2.33,10.16,39.52,0,0,0,10.39,100,74.64,69.9,"btwn_50_75",20.0819,10.6,9.5,0,22.1,8.4,3.1,10.9,5.3,0.6524,0,0.2642,0.3039
"Mecklenburg",55.23,5843,2.67,10.14,39.99,0,0,2.76,11.89,94.15,74.64,68.5,"btwn_50_75",28.0295,5.5,2.9,4.4,19.8,8.5,3.3,11.8,5,0.7298,0,0.4222,0.4427
"Mecklenburg",55.24,9612,2.67,10.18,39.6,0,0,15.33,11.5,86.67,72.38,83.5,"greater_75",26.1749,12,4.8,3.2,27.4,9.1,4.1,11.7,7.5,0.731,0,0.4177,0.4408
"Mecklenburg",56.04,5819,2.67,10.12,39.41,0,0,0,13.33,100,74.64,42.8,"btwn_25_50",63.5876,3.8,2.6,12.8,14.6,11.8,1.2,21.7,3.2,0.7593,0.4,0.4326,0.6639
"Mecklenburg",56.05,6529,2.67,10.12,39.46,0,0,0.67,12.56,100,73.71,69.6,"btwn_50_75",48.5174,13.5,5.8,4.7,22.6,10,2.8,15.3,5.9,0.7245,0,0.538,0.5046
"Mecklenburg",56.09,3320,2.67,10.1,41.14,0,0,0,11.33,100,74.63,69.3,"btwn_50_75",82.858,12.2,9.2,4.1,17.9,10.7,1.6,20,5.2,0.6548,0.4,0.746,0.7499
"Mecklenburg",56.1,3043,2.67,10.09,40.19,0,0,0,6.92,100,74.42,61.9,"btwn_50_75",41.538,19.1,3.8,6.4,28.3,10.1,3.8,14.3,8.2,0.7809,0,0.4129,0.4656
"Mecklenburg",56.11,2914,2.67,10.08,39.65,0,0,0,5.83,99.42,74.62,79.2,"greater_75",20.8648,8.6,5,5.6,26.7,9.2,3.9,12.1,7,0.8772,0,0.3673,0.4946
"Mecklenburg",56.12,5188,2.67,10.1,39.53,0,0,16.25,6.5,94.83,63.15,71.4,"btwn_50_75",27.839,15.5,7.1,4.7,28.2,9.4,4.1,11.9,7.7,0.6357,0,0.3442,0.3428
"Mecklenburg",56.13,3260,2.67,10.1,39.3,0,0,92.6,14.83,81.26,63.16,84.8,"greater_75",12.8355,12.9,4.9,7,26.9,9.1,4.1,11.4,6.9,0.401,0,0.2949,0.1818
"Mecklenburg",56.14,8460,3,10.08,39.03,0,0,0.41,5.06,93.77,62.82,73.5,"btwn_50_75",15.6265,2.9,3,1.2,27.2,9.5,4,12.2,7.5,0.7656,0,0.0414,0.241
"Mecklenburg",56.15,2200,3,10.05,38.62,0,0,5.42,6.5,82.69,63.04,76.3,"greater_75",17.1364,7,7.7,5.6,31,8.9,5.8,10.6,8.6,0.6018,0,0.268,0.2767
"Mecklenburg",56.16,1657,3,10.09,38.95,0,0,88,6,43.24,72,74.5,"btwn_50_75",48.7319,18.3,26.8,12.1,31.5,10.5,4.9,15.2,10.2,0.4693,0.2,0.7729,0.595
"Mecklenburg",56.17,1864,3,10.08,39.01,3.96,0,8.16,3.67,13.21,72.83,71.8,"btwn_50_75",30.1502,9.2,14.7,5.2,36,9.8,5.4,12.1,10.9,0.8198,0.2,0.4977,0.631
"Mecklenburg",56.18,3616,3,10.05,38.18,0,0,3.96,5.25,75.18,72.71,60.3,"btwn_50_75",25.8002,14,8.2,4.1,30,9.4,5.5,11.6,9,0.4766,0,0.3126,0.2312
"Mecklenburg",56.19,4880,3,10.02,38.21,0,0,0,7.67,74.78,72.83,73.7,"btwn_50_75",25.2459,14.3,5.8,9.1,28.1,9.6,4.5,12.4,7.9,0.4701,0,0.3492,0.2479
"Mecklenburg",56.2,10828,3,10.03,38.59,25.34,0,0,8,62.25,72.21,71.9,"btwn_50_75",43.4859,11.1,12.5,6.5,29.9,10.1,4.9,13.8,9.5,0.9589,0,0.6582,0.6756
"Mecklenburg",56.21,4105,2.33,9.95,37.91,0,0,0,5.28,90.94,71.69,53.7,"btwn_50_75",16.419,5.5,4.8,6.8,27.9,9.2,5.1,11.5,7.7,0.8095,0,0.1761,0.3457
"Mecklenburg",57.06,7675,1.67,9.97,38.4,0,0,53.81,8.04,58.75,14.79,38.1,"btwn_25_50",28.6515,10.6,10,3.9,33.2,9.5,6.7,13.3,10.5,0.598,0,0.4855,0.4041
"Mecklenburg",57.09,4344,1.33,10.02,39.12,0,0,0,9.83,83.16,0.4,23.3,"less_25",17.8588,8.7,5.1,1.3,32.5,8.5,7.8,10.4,9.2,0.5399,0.2,0.2517,0.3492
"Mecklenburg",57.1,4877,2.33,10.07,38.79,0,0,38.31,11,0,72.38,63.7,"btwn_50_75",40.3173,16.2,8.2,4.1,31.6,9.8,5.4,13.5,9.4,0.2159,0,0.6461,0.272
"Mecklenburg",57.11,6175,2.33,10.02,38.37,0,0,51.08,9.94,0,0.93,16,"less_25",12.8896,6.7,2.8,3,36.7,8.7,9.2,10.5,10.8,0.1521,0.4,0.1597,0.1898
"Mecklenburg",57.12,4268,0.67,9.98,38.61,0,0,0,7.67,86.64,57.87,12.8,"less_25",13.8004,8.5,3.7,3.1,30.2,8.7,7.1,10.9,8,0.6377,0,0.0564,0.1809
"Mecklenburg",57.13,4551,1,9.97,38.29,0,0,0.25,7.25,50.17,62.59,20,"less_25",13.953,5.6,2.9,3.5,31.6,8.4,7.8,10,8.6,0.3744,0.2,0.1801,0.2123
"Mecklenburg",57.14,5562,1,9.91,37.31,0,0,34.8,6.67,74.01,44.92,19.9,"less_25",9.6009,3.2,5.7,1.8,30.8,8.6,7.2,10.4,8,0.5966,0,0.0334,0.1492
"Mecklenburg",57.15,2633,0.67,9.85,35.97,0,0,0,3.83,19.31,22.89,20.7,"less_25",22.6738,9.5,8.3,1.4,31.4,9.3,6.9,12.9,9.4,0.6055,0,0.185,0.2318
"Mecklenburg",57.16,4950,2,10.08,39.09,0,0,100,8.42,39.97,70.73,55.8,"btwn_50_75",24.251,12.3,9.6,2,26.8,9.2,4.5,12.4,7.4,0.2863,0,0.2756,0.1192
"Mecklenburg",57.17,6677,2,10.06,39.3,0,0,70.61,7.83,65.05,3.72,54.5,"btwn_50_75",30.4782,19.9,6.7,1.9,28.7,9.8,5,13.6,8.8,0.4365,0,0.3474,0.228
"Mecklenburg",58.11,4575,1.67,10.11,40.03,0,0,98.4,8.42,3.5,72.5,28.1,"btwn_25_50",10.9945,7.4,4.8,4,29.8,8.5,7.4,10.2,7.9,0.6234,0,0.1461,0.2207
"Mecklenburg",58.12,7032,1.67,10.07,40.1,0,0,33.45,13.83,72.93,18.23,42.7,"btwn_25_50",26.7776,7.2,1.3,4,25.5,8.8,5,11.4,6.6,0.5883,0,0.1978,0.2294
"Mecklenburg",58.15,3943,1.33,10.1,40.07,0,0,0,10,4.13,2.88,22.6,"less_25",22.5463,9.6,5.3,2.9,29.7,8.7,7.4,10.9,8.6,0.2585,0,0.232,0.0907
"Mecklenburg",58.16,4577,1.33,10.08,39.66,0,0,0,11.92,98.23,1.89,28.5,"btwn_25_50",6.9696,3,2.8,3.9,29.3,8.2,7.2,9.4,7.7,0.3141,0,0.0358,0.0458
"Mecklenburg",58.17,4508,1,10.06,39.82,0,0,0,9.67,57.73,4.03,17.2,"less_25",9.3132,2.5,2.7,1.8,28.9,8,7.3,9.1,7.2,0.2996,0,0.0371,0.0422
"Mecklenburg",58.23,9214,0.67,10,39.39,0,0,75.6,8.42,85.66,26.18,27,"btwn_25_50",9.9957,6.6,4.1,1.5,27,8,6.4,9.5,6.8,0.2392,0,0.1619,0.0602
"Mecklenburg",58.24,4195,1.33,10.17,42.91,0,0,37.03,11.67,83.77,41.53,78.2,"greater_75",42.1192,25.9,23,6.1,29.2,9.8,4.1,14.3,9.6,0.8252,0,0.7704,0.6659
"Mecklenburg",58.25,5301,1,10.13,41.77,0,0,0,8.67,30.87,49.63,55.6,"btwn_50_75",40.2399,11,5.1,0.6,31.6,9,7.4,11.6,9.3,0.6945,0,0.7707,0.6064
"Mecklenburg",58.26,3106,1.67,10.13,41.94,0,0,0,14.25,100,73.15,40,"btwn_25_50",33.0972,14.6,9,3.4,28.5,9.3,5.3,13.2,8.6,0.7548,0,0.2427,0.3531
"Mecklenburg",58.27,2843,1.33,10.19,42.15,0,0,0,14.33,100,43.74,73.9,"btwn_50_75",37.6011,11.7,5.1,7.1,31,10.3,4.6,14.4,9.6,0.7997,0,0.3787,0.4571
"Mecklenburg",58.28,3945,1.33,10.18,41.71,0,0,0,11.44,72.42,51.1,14.2,"less_25",10.7731,5.2,3.3,2.9,26.9,8.3,6.8,9.8,6.7,0.688,0,0.0316,0.1939
"Mecklenburg",58.29,2077,1.33,10.15,42.11,0,0,0,17.25,96.41,61.91,67.4,"btwn_50_75",40.8763,15.5,2.7,5.1,28.4,8.6,6.2,11.7,7.7,0.6897,0,0.5918,0.5144
"Mecklenburg",58.3,3923,1.67,10.13,40.53,0,0,0,9.5,91.46,78.37,27.5,"btwn_25_50",25.685,11,3.2,2.4,28.7,9,5.9,12.3,8.6,0.5628,0,0.1491,0.1898
"Mecklenburg",58.31,4706,1.67,10.13,40.63,0,0,0,15.22,33.73,51.49,26.1,"btwn_25_50",23.844,10.6,0.7,2.9,22.5,8.5,5,11,5.8,0.3046,0,0.1756,0.087
"Mecklenburg",58.32,3279,1.67,10.08,40.22,0,0,0,12,0,0.87,19.7,"less_25",9.8807,6.9,0.8,1.2,25.2,8.1,6.1,9.2,6.4,0.2495,0,0.062,0.0364
"Mecklenburg",58.33,5289,1.33,10.06,39.91,0,0,88.16,8.67,10.2,0.54,14.2,"less_25",8.3466,3.2,4.2,4,34.3,7.7,10.6,8,8.5,0.3643,0.2,0.3917,0.3285
"Mecklenburg",58.34,4929,0.67,10.02,40.03,0,0,64.46,8.42,96.2,0.29,33.2,"btwn_25_50",22.8444,6.1,8,3.9,26.9,8.7,5.7,11.1,7.1,0.6078,0,0.3496,0.3293
"Mecklenburg",58.35,2930,0.67,10,39.97,0,0,76.22,5.17,95.97,18.43,13.6,"less_25",16.5579,6.2,4.3,5.8,28.6,8.7,6.7,10.8,8.1,0.6502,0,0.1985,0.2643
"Mecklenburg",58.36,3638,1.33,10.07,40.32,0,0,0,6.75,12.25,69.33,39.5,"btwn_25_50",29.7966,9.4,9,4,27.3,8.8,5.1,12.2,8.1,0.4017,0,0.2771,0.1732
"Mecklenburg",58.37,8125,1.33,10.07,40.49,0,0,0,8.54,98.87,50.79,41.6,"btwn_25_50",14.7077,4.6,6.5,3,22,7.7,4.8,9.4,5.4,0.4501,0,0.1601,0.14
"Mecklenburg",58.38,9261,0.67,10,39.91,0,0,0,9.39,93.83,21.62,53.5,"btwn_50_75",9.529,4.7,2.2,2,21.5,7.9,4.6,9.7,5.4,0.3221,0,0.0971,0.0659
"Mecklenburg",58.39,2681,1.67,10.11,40.16,0,0,0,15.5,100,40.82,26.1,"btwn_25_50",17.4794,8.6,2.9,7,24.3,8.4,5.3,10.6,6.4,0.3469,0,0.179,0.1038
"Mecklenburg",58.4,2289,1.33,10.07,40.37,0,0,0,7.17,100,71.27,17.2,"less_25",3.1018,4.7,5.9,2.3,25.4,8,6.7,9.2,6.3,0.5167,0,0.0666,0.1281
"Mecklenburg",58.41,6810,1,10.05,39.66,0,0,0,10.22,90.89,70.23,37.9,"btwn_25_50",6.7401,3.1,2.7,5.7,25.1,7.9,5.9,9,6.2,0.4162,0,0.1275,0.1111
"Mecklenburg",58.42,6591,0.67,10.03,38.67,0,0,0,8.72,60.43,39.45,29.2,"btwn_25_50",13.6517,1.4,6.7,5.8,27.7,8.2,7.1,9.7,7.6,0.3077,0,0.2924,0.1355
"Mecklenburg",58.43,3218,0.67,10.02,38.57,0,0,0,9.58,3.52,39.78,38.5,"btwn_25_50",9.6644,1.6,1.8,6.1,24.2,8.1,5.6,9.8,6.3,0.2208,0,0.1397,0.049
"Mecklenburg",58.44,9246,0.67,10,38.72,0,0,0,9.42,21.82,39.47,36.7,"btwn_25_50",8.0792,3,1,2.7,22.4,7.8,5,9.2,5.7,0.2459,0,0.0809,0.04
"Mecklenburg",58.45,4443,0.67,10.02,38.94,0,0,0,8.08,80.13,39.36,53.3,"btwn_50_75",11.3212,4,1.6,3.2,20,7.6,4.4,9.3,5.1,0.3473,0,0.119,0.0823
"Mecklenburg",58.46,4046,0.67,9.99,38.81,0,0,0,7.5,10.16,39.51,19,"less_25",3.0648,0.8,2,5.3,26.5,7.8,6.5,8.6,6.5,0.2668,0,0.0177,0.0305
"Mecklenburg",58.47,4874,1,10.04,40.19,0,0,33.15,9.94,60.23,9.74,25.5,"btwn_25_50",7.9811,3,2.6,1.4,28.3,8,7.2,8.8,7.2,0.2583,0,0.0554,0.0368
"Mecklenburg",58.48,5710,1,10.03,39.56,0,0,66.43,5.78,87.17,0.49,19.3,"less_25",3.345,3.4,3.7,1.2,26.1,8.1,6.4,9.2,6.6,0.2967,0,0.0082,0.0348
"Mecklenburg",59.06,4898,1,10.22,43.4,19.63,0,1.11,7.83,70.16,59.47,53.9,"btwn_50_75",40.0327,19.5,19.8,5.9,34.3,9.9,6.2,15,11.7,0.9896,0,0.8163,0.7518
"Mecklenburg",59.07,7055,1,10.19,52.17,0,0,10.57,6.67,33.38,72.56,61.8,"btwn_50_75",14.6945,6,5.5,7.2,22.9,8.1,4.3,10.4,5.9,0.7602,0,0.2501,0.3607
"Mecklenburg",59.08,1590,1,10.11,45.4,0,0,86.39,4.33,0,44.01,23,"less_25",11.9289,4.3,3.2,0.8,31.2,8.2,7.5,9.6,7.8,0.3647,0.2,0.0325,0.1342
"Mecklenburg",59.09,10393,1,10.17,84.67,0,0,32.67,7.75,4.47,69.53,67.3,"btwn_50_75",20.7544,11.6,9.9,2.8,27.2,8.8,4.3,11.7,7.2,0.7978,0,0.2862,0.4044
"Mecklenburg",59.1,6185,1,10.14,48.41,0,0,99.12,8.5,0,11.83,70,"btwn_50_75",27.308,11.6,9.3,4.2,24.1,9.1,3.8,12.4,6.5,0.2156,0,0.4692,0.1761
"Mecklenburg",59.11,7181,0.67,10.04,42.9,0,0,31.91,6.42,0,28.79,41.2,"btwn_25_50",12.5052,5.3,6.6,7.8,29.3,8.7,6.1,10.9,8.2,0.1773,0,0.1312,0.0357
"Mecklenburg",59.12,6821,1,10.23,44.12,17.87,0,1.37,11.33,67.04,36.74,65.8,"btwn_50_75",18.6745,10,10.9,5.9,27.6,9.1,4.3,12.3,7.9,0.958,0,0.4278,0.5677
"Mecklenburg",59.13,6559,1,10.21,50.56,0,0,0,9.06,58.51,9.96,70.5,"btwn_50_75",22.9789,15.9,13.1,3.9,29.3,9.1,4.9,12.1,8.8,0.8717,0,0.5226,0.572
"Mecklenburg",59.14,7685,1,10.19,52.8,0,0,0.46,11.06,0.01,6.29,60.6,"btwn_50_75",19.1802,13.9,6.6,3.8,25.4,8.8,4.3,11.4,6.6,0.7495,0,0.5073,0.5015
"Mecklenburg",59.15,2494,1,10.21,46.7,0,0,0.08,17.67,100,39.84,74.6,"btwn_50_75",20.4262,8.6,4.1,6.6,18.3,8.9,2.7,11.6,4,0.8734,0,0.228,0.4143
"Mecklenburg",59.16,3029,1.33,10.21,46.72,0,0,81.41,12.33,100,41.44,90.1,"greater_75",55.86,17.3,12,4.2,38.3,11.4,4.5,16.3,14.2,0.8915,0.8,0.8561,0.9664
"Mecklenburg",59.17,6281,1,10.18,47.24,0,0,0,9.58,0,2.39,57.1,"btwn_50_75",19.053,11.3,11.5,5.6,25.7,9.1,4.7,12.3,7.4,0.6977,0,0.2359,0.3141
"Mecklenburg",59.18,4067,1,10.14,44.84,0,0,10.01,8.67,0,2.39,59.2,"btwn_50_75",24.6127,10.9,6.5,8,24.4,8.7,4.1,11.9,6.8,0.269,0,0.4817,0.2102
"Mecklenburg",60.05,3380,1,10.17,41.45,20.44,0,42.29,7.83,65.84,43.05,63.1,"btwn_50_75",36.3018,8,11.3,15.1,30.3,9.5,5.5,13,8.6,0.972,0,0.5362,0.6268
"Mecklenburg",60.06,8228,1,10.2,41.91,0.29,0,0,8.22,80.31,12.68,78.4,"greater_75",44.9198,14.3,19.9,6,40,11.2,5.9,16.6,14.5,0.986,0.8,0.7677,0.9678
"Mecklenburg",60.07,8324,1,10.13,39.44,11.41,0,0,7.72,9.78,21.79,62.7,"btwn_50_75",14.4762,3.5,4.7,9.1,26.1,9,4.4,11.4,6.4,0.9524,0,0.1404,0.4095
"Mecklenburg",60.08,4314,1,10.16,40,17.35,0,33.74,9.5,65.42,7.85,61.3,"btwn_50_75",29.0682,4.4,9.7,2.1,30,9.6,5.3,12.5,8.6,0.9297,0,0.1893,0.424
"Mecklenburg",60.09,3984,1,10.17,40.55,1.53,0,15.28,4.92,83.16,0.15,69.5,"btwn_50_75",28.2129,9.4,12.5,10.7,30.9,9.7,6,12.5,8.6,0.9803,0,0.598,0.6579
"Mecklenburg",60.1,7342,1,10.18,40.68,15.57,0,38.53,9.17,26.53,4.5,76.3,"greater_75",41.8738,16.8,22.2,6.5,35.4,11.1,5.6,15.4,11.3,0.8725,0.4,0.7503,0.8281
"Mecklenburg",61.03,3627,1.33,10.14,39.3,0,0,44.62,7.92,54.61,20.05,43.6,"btwn_25_50",19.2446,7,4.1,5,29.3,9.1,5.7,11.2,7.7,0.3883,0,0.2657,0.1607
"Mecklenburg",61.04,8897,1.33,10.17,40.34,3.52,0,25.9,8,30.74,0.06,64.1,"btwn_50_75",36.3923,12.4,10.5,6.5,32.2,10.1,5.4,13.5,9.4,0.7924,0,0.6231,0.5828
"Mecklenburg",61.05,3132,1.33,10.14,39.33,0,0,57.25,5.83,94.4,12.87,67.2,"btwn_50_75",18.4227,12.9,7.4,5.7,28.1,9.5,5,12.4,7.8,0.313,0,0.4298,0.2058
"Mecklenburg",61.06,5143,1.33,10.14,39.82,0,0,0,8.5,100,0.54,70.4,"btwn_50_75",30.5035,10.8,5.9,0.5,27.1,9.5,4.9,12,7.4,0.5755,0,0.196,0.2217
"Mecklenburg",61.07,6144,1.33,10.14,39.75,0,0,23.94,13.17,95.45,0,77.6,"greater_75",20.8449,12.8,2.4,3.6,24.1,9.2,3.7,11.8,6.2,0.5649,0,0.2578,0.2499
"Mecklenburg",61.08,4529,1.33,10.16,39.53,0,0,85.36,5.25,35.07,0.36,80.5,"greater_75",26.1207,14.2,7.1,5.4,30.9,10,4.4,12.5,8.5,0.3382,0,0.5524,0.2887
"Mecklenburg",61.09,4150,1.33,10.17,39.64,0,0,81.19,6.83,99.78,0.42,84.8,"greater_75",43.5588,13.1,19.2,14.6,41.3,11,5.6,14.3,15.1,0.8251,0.6,0.81,0.8896
"Mecklenburg",62.03,5168,1,10.05,39.19,0,0,18.35,8.28,35.5,82.57,14,"less_25",16.2732,5,2.2,2.8,30.2,8.3,7.3,10.1,8,0.4391,0,0.0422,0.0874
"Mecklenburg",62.04,7828,1,10.06,38.59,0,0,46.74,9.92,3.02,93.17,10.7,"less_25",9.7351,5.6,1.1,3.5,29.8,8.1,7.7,9.2,7.8,0.4383,0.2,0.0179,0.162
"Mecklenburg",62.08,3190,1,10.06,38.93,0,0,93.96,15,100,45.19,15,"less_25",9.4114,12.1,1.5,2.4,20,8,4.7,10.5,4.6,0.2357,0,0.0262,0.0262
"Mecklenburg",62.09,5145,1,10.07,39.12,0,0,30.25,14.89,94.77,44.25,17.8,"less_25",15.1798,11,2.6,3.7,22.3,8.5,4.8,11.4,5.4,0.2167,0,0.1791,0.0587
"Mecklenburg",62.1,4498,1,10.08,38.53,0,0,63.1,6.92,8.79,43.76,14.9,"less_25",10.916,4.8,2.2,3.8,25.2,8,6.1,9.6,6.2,0.4059,0,0.0738,0.0868
"Mecklenburg",62.11,6216,1,10.09,38.67,0,0,16.49,10.92,73.75,36.97,22.1,"less_25",9.229,1.5,0.5,4,22.7,8.1,5.4,9.5,5.6,0.5189,0,0.031,0.1137
"Mecklenburg",62.12,3661,1,10.1,39.23,0,0,34.01,14.67,92.47,36.97,41.5,"btwn_25_50",12.2782,4,1.9,4,22.5,8.2,5.1,10.5,5.4,0.4503,0,0.237,0.1774
"Mecklenburg",62.13,6749,1,10.09,38.65,0,0,57.78,5.83,2.04,24.5,23.6,"less_25",9.3051,4.7,2.2,1.4,24.8,8.5,5.4,10.7,6.3,0.3537,0,0.0349,0.0567
"Mecklenburg",62.14,4027,1,10.1,38.85,1.78,0,16.31,6.25,7.65,36.97,13.9,"less_25",18.4577,8.4,2.1,2,25.6,8.7,5.7,11.2,6.7,0.5735,0,0.0911,0.1661
"Mecklenburg",62.15,5220,1.33,10.12,38.93,32.82,0,18.33,10.08,48.02,25.18,44.9,"btwn_25_50",29.8536,11.9,10,4.9,26.4,8.9,5.5,11.8,7.2,0.6806,0,0.5518,0.4874
"Mecklenburg",63.02,8558,1.33,10.12,37.72,0,0,40.61,9.11,31.82,20.4,30.6,"btwn_25_50",9.314,4.6,2.5,1,29.2,8.2,6.8,9.6,7.3,0.4472,0,0.1561,0.1369
"Mecklenburg",63.03,6270,1,10.09,39.21,0,0,100,12.58,94.85,36.97,22.4,"less_25",21.3078,6.3,7,4.7,24.1,8.5,5.2,11.1,6.3,0.4625,0,0.4064,0.2762
"Mecklenburg",63.04,7047,1,10.08,37.67,0,0,32.9,7.28,1.78,18.95,19.2,"less_25",9.9333,7.6,4.6,5.7,25.5,8.4,5.8,10.6,6.6,0.3357,0,0.1583,0.0919
"Mecklenburg",64.03,4985,1,10.05,38.85,0.22,0,0.49,12.67,22.61,68.49,23.8,"less_25",25.09,5.9,4.5,4.5,25.6,8.9,6.3,11.5,6.6,0.7279,0,0.2205,0.3234
"Mecklenburg",64.04,6184,1,10.05,36.89,0,0,24.77,8.67,0,39.08,10.9,"less_25",8.6028,3,1.6,2.2,26.4,7.8,7,8.4,6.4,0.1758,0,0.0237,0.0154
"Mecklenburg",64.05,5142,1,10.05,38.89,0,0,28.12,9.83,28.08,67.47,17.3,"less_25",12.1466,5.5,5.2,0.9,23.8,8.2,5.6,10.4,6,0.5435,0,0.2533,0.2356
"Mecklenburg",64.06,6252,1,10.06,39.21,0,0,53.3,12.39,90.02,37.37,36.5,"btwn_25_50",31.238,6.9,5.2,5.6,25.1,8.5,5.4,11.5,6.5,0.5509,0,0.4539,0.3576
"Mecklenburg",64.07,4007,1,10.08,39.21,0,0,52.81,10.33,70.04,36.89,19.8,"less_25",14.9488,4.4,3.7,6.5,22.2,8.5,4.8,11.3,5.7,0.5377,0,0.0541,0.1317
"Mecklenburg",9801,0,1,10.26,NA,0,0,10.16,4.5,81.52,39.78,0,"less_25",0,NA,NA,NA,NA,NA,NA,NA,NA,NA,NA,NA,NA
"Mecklenburg",9802,0,1,10.2,40.67,0,0,21.31,5.33,82.5,27.27,0,"less_25",0,NA,NA,NA,NA,NA,NA,NA,NA,NA,NA,NA,NA
"Mecklenburg",9803,28,1.33,10.25,NA,0,0,100,13.5,100,43.74,53.6,"btwn_50_75",0,0,0,0,NA,NA,NA,NA,NA,NA,NA,6e-04,NA
"Mitchell",9501,2463,0.67,7.91,21.46,0,0,100,3.11,0,20.07,3.5,"less_25",27.446,15.1,17,5.3,38.9,9.8,9,14.4,12.9,0.0436,0.6,0.5109,0.4442
"Mitchell",9502,3601,0.67,7.83,21.55,0,0,100,4.58,0.01,9.41,4.2,"less_25",35.6168,11.4,16.4,5,38.7,10,8.8,15.1,13.5,0.0448,0.6,0.7373,0.566
"Mitchell",9503,4249,0,7.9,22.78,0,0,100,6.33,22.15,6.26,14.1,"less_25",41.7456,15.4,19.2,3.6,37.7,10.4,7.9,16.5,13.4,0.0574,1,0.8297,0.7816
"Mitchell",9504,4691,0,7.98,22.99,0,0,100,8,42.52,8.53,7.7,"less_25",27.3004,6.9,8.7,1.2,36.5,9,9,12.6,11.5,0.073,0.4,0.3955,0.276
"Montgomery",9601,6421,0,8.98,33.91,0,0,34.56,5.47,61.35,11.24,42.7,"btwn_25_50",44.0363,14.7,31.5,2.9,36.1,10.1,7.2,15.7,12.8,0.4789,0.6,0.8379,0.7921
"Montgomery",9602,7028,0,9.05,34.68,0,0,71.27,5.61,1.84,0,31.6,"btwn_25_50",42.3058,10.9,15.3,3.1,37.4,10.6,6.8,16.2,12.9,0.1328,0.8,0.7939,0.7212
"Montgomery",9603,3723,0,9.16,34.43,0,0,100,4,1.1,36.9,10.9,"less_25",26.0543,5.8,10.6,1,38.4,9.2,9,12.6,12.6,0.2181,0.6,0.3446,0.4489
"Montgomery",9604.01,2320,0,8.96,38.06,0,0,10.01,5.75,0,4.09,62,"btwn_50_75",40.1381,8,19.7,12,48.3,11.6,7.8,16.1,18.9,0.3761,1,0.8213,0.8791
"Montgomery",9604.02,2691,0,8.97,37.25,0,0,76.82,3.58,0,22.02,26.6,"btwn_25_50",36.9379,7.7,20.8,3.6,45,10.8,8.2,16.2,17.6,0.2904,1,0.5663,0.77
"Montgomery",9605,5069,0,8.76,33.62,0,0,62.24,4.08,20,5.17,49.2,"btwn_25_50",61.9001,24.9,25.2,5.1,40.6,10.9,6.7,17.4,16.4,0.1406,0.8,0.9527,0.7837
"Moore",9501,3042,0,9.24,33.7,0,0,0,2.22,0,0,16.6,"less_25",35.2071,6.9,16.9,3.5,39.5,10.3,8,15.8,13,0.1105,0.8,0.4363,0.5486
"Moore",9502,8237,0,9.1,33.97,0,0,0,4.77,1.33,3.35,34.3,"btwn_25_50",51.9814,16.1,28.1,6.7,37.8,10.4,7.2,16.9,13.2,0.415,0.8,0.8738,0.8482
"Moore",9503.01,6555,0,8.98,33.22,0,0,0,4.83,0.02,0.09,20.8,"less_25",25.5365,4.5,5.9,3.3,39.5,9.3,9,12.4,12,0.1671,0.4,0.2491,0.2461
"Moore",9503.02,5014,0,8.89,33.12,0,0,11.08,4.72,0.31,0,18.8,"less_25",19.6882,3.4,6.8,3.4,38.7,8.7,9.6,10.6,11.2,0.0938,0.4,0.3619,0.2687
"Moore",9504.01,3578,0,9.1,33.96,0,0,19.26,5.17,0,0,6.3,"less_25",27.0389,12.4,10.3,1.8,37.2,9.9,8.2,14.4,11.8,0.0284,0.4,0.5736,0.3561
"Moore",9504.02,5016,0,9.27,33.88,0,0,3.72,5,0,0,25.9,"btwn_25_50",29.2966,18.5,10.3,4.7,38.7,10.3,7.2,15.2,12.8,0.035,0.4,0.7335,0.4518
"Moore",9505.01,6988,0,9.32,34.36,0,0,0,4.71,15.17,0,25.4,"btwn_25_50",26.2441,7.4,9.3,5.3,34.6,9.7,6.9,14.3,10.8,0.119,0,0.5266,0.1564
"Moore",9505.02,9026,0,9.23,34.54,0,0,1.7,5.96,21.97,0,15.4,"less_25",29.9612,10.4,9.5,5.7,36.8,9,8.5,12.1,10.8,0.2481,0.4,0.5991,0.4962
"Moore",9506.01,3831,0,9,38.08,0,0,23.11,6.58,0,0,5.3,"less_25",9.0836,1.7,3.7,3.7,42.7,7.7,12.6,7.8,11.6,0.0659,0.4,0.1128,0.126
"Moore",9506.02,6956,0,9.08,47.93,0,0,25.17,7.44,0,0,22,"less_25",20.2699,3.6,6,5.3,39.4,8.8,9.3,10.9,11.5,0.1426,0.4,0.4749,0.3652
"Moore",9507.01,5019,0,9.02,35.69,0,0,7.19,6.22,0,0,15.5,"less_25",16.0191,5,3.4,1.2,42.1,8.1,11.7,9,12,0.077,0.4,0.1745,0.1594
"Moore",9507.02,2773,0,9.05,36.43,0,0,9.3,7.67,5.24,0,13.2,"less_25",20.2182,7.8,3.4,1.4,45.5,7.6,14.2,7.7,12.4,0.3556,0.6,0.3295,0.5162
"Moore",9508.01,5440,0,9.09,35.79,0,0,16.96,8.17,48.35,0,49.7,"btwn_25_50",45.6245,14.6,10.1,10.8,43.8,10.4,8.5,12.7,14.6,0.1615,0.8,0.8785,0.7639
"Moore",9508.02,3717,0,9.15,36.35,0,0,35.28,5.17,47.02,0,6.4,"less_25",20.0962,4.4,7.9,2.8,44.8,8.2,12.9,9.5,12.7,0.3876,0.6,0.4124,0.575
"Moore",9509,2528,0,9.11,35.95,0,0,93.7,10.39,100,0,17.8,"less_25",25.5934,23,4.8,8.8,34.5,8.8,7.7,11.9,9.7,0.3122,0.2,0.6892,0.4699
"Moore",9510,5453,0,9.14,35.14,0,0,47.91,5.78,25.76,0,12,"less_25",14.0914,6.1,6.5,3.3,36.9,8.3,9.9,10,10,0.3395,0.4,0.4936,0.4878
"Moore",9511,8854,0,9.06,35.42,0,0,29.16,7.87,65.93,0,33.5,"btwn_25_50",30.8569,6.5,8.7,4.1,35.4,9.6,7.3,13.2,10.7,0.4434,0.2,0.616,0.503
"Moore",9512,5267,0,8.97,35.03,0,0,71.21,4.56,25.62,0,39.5,"btwn_25_50",37.5931,11.4,9.5,5.4,38.9,10.6,6.7,16.1,13.2,0.2677,0.8,0.6943,0.7354
"Nash",102,4146,0,9.12,31.77,0,0,58.82,13.8,75.03,0.1,80.9,"greater_75",62.6404,14.4,23.8,6.7,50.2,13.2,6.5,19.1,21.4,0.2422,0.8,0.9561,0.8205
"Nash",103,5843,0,9.12,31.66,0,0,12.11,13.28,53.35,0.07,62,"btwn_50_75",40.0412,5.3,15.3,5.4,43.4,10.8,7.7,14.4,15.4,0.2932,0.8,0.7855,0.7784
"Nash",104,2784,0,9.07,32.44,0,0,99.59,15.67,68.68,0.49,85.7,"greater_75",60.0144,14.7,30.7,12.1,48.6,13.1,6.2,19.3,20.8,0.508,0.8,0.97,0.9013
"Nash",105.02,7005,0,9.06,31.9,0,0,30.2,14.07,86.89,16.93,67.4,"btwn_50_75",28.8473,7.1,8.2,9.3,42,9.8,8.1,12.9,13,0.4712,0.6,0.6962,0.7376
"Nash",105.03,2557,0,9.04,32,0,0,0,14,88.39,27.95,42.1,"btwn_25_50",22.7874,5.1,12.2,3.1,39.9,10.1,7.8,13.5,13.8,0.4445,0.6,0.5277,0.6551
"Nash",105.04,5530,0,9.11,31.78,0,0,0,10.46,54.47,1.25,44.1,"btwn_25_50",28.2312,4.9,15.2,1.6,38.4,10.2,7.8,13.7,13.5,0.3994,0.6,0.7906,0.7456
"Nash",106.01,2682,0,9.01,31.33,0,0,99.44,5.33,7.77,0,50.3,"btwn_50_75",33.4595,12.6,16.3,4.6,38.3,10,6.7,13.8,12.7,0.0392,0.4,0.8018,0.4928
"Nash",106.02,6209,0,8.99,31.26,50.12,0,30.59,10.29,75.58,0.05,64.5,"btwn_50_75",36.3205,7.5,7.5,4.1,33.6,10.1,5,14.2,10,0.5826,0,0.7068,0.5184
"Nash",107,2948,0,8.86,31.06,2.58,0,2.14,4.61,59.71,0.03,65.1,"btwn_50_75",29.3174,15.1,18.3,4.4,44.1,10.9,7.5,14.4,16.7,0.6543,0.8,0.8836,0.9167
"Nash",108,7411,0,8.92,30.65,0,0,0,4.21,20.06,2.04,24.3,"less_25",24.0861,6.9,9.6,7,35.9,9.6,6.9,13.3,11.5,0.2228,0.2,0.5276,0.3247
"Nash",109,5511,0,8.93,29.44,0,0,0,3.17,0,0.03,50,"btwn_25_50",36.0189,13.1,18.8,10.7,42.7,11.1,6.5,16.2,15.9,0.0803,0.8,0.7826,0.6946
"Nash",110,4902,0,9.18,30.54,0,0,0,6.39,43.21,0.87,53.9,"btwn_50_75",47.3276,15.1,19.7,4.5,44,11,7.7,15.7,17.4,0.2546,1,0.8656,0.8575
"Nash",111.01,6501,0,9.1,31.16,0,0,0,5.67,68.53,6.14,40.1,"btwn_25_50",26.4395,4.6,7.4,7.1,34.6,9.6,6.6,13,10.7,0.476,0,0.4312,0.2982
"Nash",111.02,7448,0,9.12,30.53,0,0,0,5.8,48.55,6.84,49.3,"btwn_25_50",32.5812,7.5,7.9,9.2,39.9,9.8,6.9,13.9,13.5,0.2892,0.4,0.7008,0.57
"Nash",112,6502,0,9.18,30.71,0,0,0,5.67,38.6,3.45,32.6,"btwn_25_50",24.0388,6.9,10.3,3.9,36.2,9.4,7.5,12.9,11.3,0.5991,0.4,0.4513,0.5993
"Nash",113,5170,0,9.23,30.36,0,0,0,3.5,15.71,0.92,44,"btwn_25_50",39.8477,12.9,20.6,6.6,34.9,9.7,6.2,15,11.8,0.0841,0.2,0.8597,0.4377
"Nash",114,3880,0,9.33,30.6,0,0,0,5.83,45.68,4.51,37.2,"btwn_25_50",34.9883,9.4,18.7,6.4,35.6,10.2,6.3,15.7,12.4,0.2564,0.6,0.8068,0.6947
"Nash",115,7001,0,9.35,31.12,0,0,0,3.9,35.56,1.9,42,"btwn_25_50",50.309,19.1,20.8,4.8,37.6,10.7,6.5,16.9,14.2,0.239,0.8,0.9219,0.8075
"New Hanover",101,2400,0,7.44,31.8,48.24,0,86.38,14.33,93.88,31.68,64.1,"btwn_50_75",64.7305,17.6,10.5,5.6,42.9,11.6,5.6,17.6,16.9,0.5818,0.8,0.8718,0.8946
"New Hanover",102,3370,0,7.41,32.01,21.49,0,94.53,16.44,99.49,20.02,45,"btwn_25_50",46.1148,14.5,8.7,9.1,37.4,10.6,6,14.9,13.2,0.5259,0.6,0.753,0.7785
"New Hanover",103,6506,0,7.41,31.97,58.79,0,1.45,12.83,91.96,20.02,55.6,"btwn_50_75",57.2112,15.2,10.8,8.5,36.3,11.2,5.5,17.5,13.5,0.9606,0.8,0.9036,0.9869
"New Hanover",104,3206,0,7.4,31.7,5.7,0,10.7,10.44,86.54,25.13,15,"less_25",20.0873,4,1.7,3.8,27.9,8.5,6.6,11.2,7.7,0.6199,0,0.183,0.2387
"New Hanover",105.01,4072,0,7.36,28.13,0,0,5.62,14.06,100,20.02,40.2,"btwn_25_50",64.6857,27.3,4.8,2.8,30.6,10.8,4,19.4,10.8,0.4387,0.4,0.6325,0.609
"New Hanover",105.02,9303,0,7.38,29.67,0,0,32.41,15.63,82.57,25.25,30.6,"btwn_25_50",60.3618,9.8,5.7,5,25.7,10.5,4.1,18.6,7.7,0.0806,0.4,0.6234,0.4156
"New Hanover",106,4216,0,7.37,29.5,0,0,96.28,12.67,99.76,61.77,15.5,"less_25",24.0275,8.3,1.9,0.7,36.1,7.9,10.7,9.4,9.5,0.2218,0.4,0.3358,0.3294
"New Hanover",107,4579,0,7.39,30.54,9.06,0,87.96,14.58,100,53.14,50.8,"btwn_50_75",56.8113,11.5,13.3,5.9,38.2,10.2,7.7,15.2,13.3,0.6817,0.6,0.909,0.8773
"New Hanover",108,2653,0,7.4,30.69,56.66,0,31.07,16.5,70.99,47.09,61.7,"btwn_50_75",70.8632,26.4,20.3,6.6,35.9,11.2,5.2,19.8,13.6,0.7564,0.8,0.989,0.9658
"New Hanover",109,2270,0,7.43,31.27,0,0,97.02,14.58,97.84,54.05,17.6,"less_25",28.3562,22.4,8.6,2.2,29.4,9.2,5.9,14.2,8.2,0.6187,0,0.3754,0.351
"New Hanover",110,2353,0,7.42,31.12,0,0,100,16.5,100,53.45,47.5,"btwn_25_50",73.2682,10.1,16.6,19.3,45,12.9,7,21.1,18.6,0.4087,0.8,0.9554,0.8698
"New Hanover",111,2656,0,7.42,31.55,0,0,100,17,100,44.27,88.3,"greater_75",71.1596,12.7,24.3,17.2,51.6,13.8,6.1,20.8,23.3,0.3519,0.8,0.9481,0.8515
"New Hanover",112,2378,0,7.44,31.84,0,0,100,16.22,100,39.98,51.1,"btwn_50_75",47.6975,14.1,9.9,7.1,35.7,10.6,5.5,16,13,0.344,0.8,0.6647,0.7528
"New Hanover",113,1852,0,7.45,31.91,0,0,85.82,16.33,100,43.79,23.2,"less_25",43.9739,10.3,8.5,3.7,35.9,9.9,6.6,15.1,12.3,0.3466,0.4,0.8043,0.6459
"New Hanover",114,1715,0,7.46,31.6,31.14,0,7.16,14.33,100,14.53,73.2,"btwn_50_75",58.8921,10.5,20.2,3.9,43.8,12,5.7,17,16.5,0.9425,0.8,0.8385,0.9733
"New Hanover",115,7863,0,7.51,31.93,1.36,0,25.73,7.08,62,3.06,28.4,"btwn_25_50",50.9118,17.5,12.3,9.1,36.3,9.9,6.6,15.2,12.2,0.903,0.2,0.8439,0.8027
"New Hanover",116.03,7842,0,7.41,31.93,0,0,51.6,11.13,84.5,6.86,22.6,"less_25",30.7236,6.7,7,4,33.4,9.4,6.5,14.1,10,0.5353,0,0.5523,0.4064
"New Hanover",116.05,5575,0,7.37,28.51,0,0,0,13,100,20.02,30.9,"btwn_25_50",39.3543,6.5,6.4,0.7,23.7,9.7,4.4,15.8,7.4,0.6487,0.2,0.2951,0.4377
"New Hanover",116.06,4715,0,7.34,27.86,0,0,0,10.42,70.09,20.02,26,"btwn_25_50",31.7063,17.4,13.2,1.5,30.7,9.6,6.1,14.6,9.6,0.5021,0,0.5121,0.363
"New Hanover",116.07,12839,0,7.31,27.42,0,0,0,9.83,36.26,23.66,24.2,"less_25",32.5103,9.3,7,3.7,25.4,9.3,4.9,15.1,7.5,0.0265,0,0.393,0.0661
"New Hanover",116.08,6549,0,7.34,28.8,0,0,0.88,4.61,48.44,1.92,19.3,"less_25",20.5595,7.2,8.2,2.7,31.9,9.1,6.5,12.7,9.5,0.6864,0,0.2109,0.2923
"New Hanover",117.01,4895,0,7.31,27.73,0,0,0,12,70.31,63.42,16.4,"less_25",20.8376,10.3,7.9,2.9,32.8,8.3,8.5,11.1,9.3,0.3036,0.2,0.5051,0.3595
"New Hanover",117.03,4499,0,7.26,26.8,0,0,0,8.25,34.47,71.62,4.2,"less_25",16.9149,1.1,0.7,0.7,37,7.8,10.6,8.5,10.4,0.0894,0.4,0.0528,0.1103
"New Hanover",117.05,9669,0,7.26,26.84,0,0,0,6.79,0,71.62,5.8,"less_25",21.5534,5.1,3,3,30.5,8.6,7.2,11.7,8.7,0.0376,0,0.1815,0.0184
"New Hanover",118,2599,0,7.21,26.15,0,0,0,7.44,9.2,73.47,4.7,"less_25",16.9268,2.3,2.2,2.8,24.3,7.9,6.4,10.6,6.3,0.1248,0,0.1496,0.0286
"New Hanover",119.02,5809,0,7.3,26.39,0,0,49.54,15.21,100,68.93,13.1,"less_25",60.5268,12.9,10.4,4.6,28.7,10,5.7,17.9,9.3,0.0451,0.2,0.7101,0.3279
"New Hanover",119.03,9353,0,7.33,27.94,0,0,2.36,14.23,97.52,70.08,16.9,"less_25",56.1747,6.9,14.5,15.2,19.1,11.2,2.8,21.6,5.3,0.3222,0.4,0.7399,0.6049
"New Hanover",119.04,2929,0,7.29,27.45,0,0,0,12,100,71.62,10.7,"less_25",20.46,7.4,0.5,9.8,28,8.4,7.3,11.8,8,0.2408,0,0.3114,0.1146
"New Hanover",120.01,7344,0,7.27,25.05,0,0,21.15,9.13,77.04,71.62,20.5,"less_25",28.1182,6.7,7.2,1,32.1,8.9,7.6,12.6,10.1,0.089,0.2,0.4195,0.188
"New Hanover",120.04,3633,0,7.25,24.49,0,0,0.52,7.08,2.89,71.62,6.5,"less_25",7.4319,4.3,2.3,3.8,31.6,8.1,8.3,10,8.4,0.0351,0.2,0.0807,0.0373
"New Hanover",120.06,4413,0,7.34,26.99,0,0,33.43,10.25,79.13,63.13,14.7,"less_25",24.7224,6.6,4.2,3.5,33.6,8.3,9.3,10.4,9.4,0.1599,0.2,0.3322,0.18
"New Hanover",120.07,4887,0,7.35,28.23,29.67,0,0.21,12.75,96.47,39.65,15.7,"less_25",40.4342,12.1,5.7,4.2,32.6,8.7,8.8,11.8,9.3,0.537,0.2,0.5048,0.4932
"New Hanover",120.08,6091,0,7.3,25.03,0,0,0,10.5,79.78,49.08,24,"less_25",28.5118,7.7,4.3,9.2,26.8,9.1,5.9,13.4,7.5,0.0441,0,0.6155,0.1638
"New Hanover",120.09,7819,0,7.29,25.15,0,0,20.65,8.5,26.95,71.4,16.6,"less_25",13.5056,5.2,3.9,4,31.1,8.4,7.8,10.7,8.9,0.0307,0.2,0.1103,0.0435
"New Hanover",120.1,5356,0,7.27,24.58,0,0,0,6.5,2.78,70.26,13.1,"less_25",13.7776,7.9,4.4,2.7,31.3,8.6,7.7,11.5,8.9,0.0534,0.2,0.1502,0.061
"New Hanover",121.01,9161,0,7.32,27.39,15,0,0,9,47.33,47.73,24.7,"less_25",35.7377,12.6,9,2,30.8,9.3,6.4,14.2,9.6,0.6058,0,0.5848,0.4638
"New Hanover",121.03,4670,0,7.24,24.47,0,0,0,7.67,44.82,66.86,6.3,"less_25",12.0069,4.2,1.6,3.9,31.8,8.2,7.9,10.6,8.8,0.0522,0.2,0.099,0.0461
"New Hanover",121.04,6567,0,7.2,24.4,0,0,6.64,7.83,79.96,84.94,12,"less_25",24.6798,4.8,5.2,6.9,34.4,8.9,8,12.3,10.1,0.0514,0.2,0.4214,0.1703
"New Hanover",121.05,12015,0,7.21,24.65,0,0,17.27,6.72,49.29,45.33,19.5,"less_25",20.4161,16.3,3.5,8,33.3,8.9,7.4,12.4,9.5,0.0317,0,0.3878,0.066
"New Hanover",122.01,2920,0,7.13,23.63,0,0,67.86,10.39,94.7,66.24,4.2,"less_25",28.1937,11.7,6.4,0.8,33.3,8.8,7.3,12.5,9.6,0.0205,0,0.3275,0.0454
"New Hanover",122.02,3345,0,7.12,23.33,0,0,89.55,10.78,51.04,0.43,5.1,"less_25",20.9865,10.5,2.8,3.3,30.2,8.4,7.2,11.4,7.8,0.0058,0,0.1519,0.0103
"New Hanover",122.03,2124,0,7.06,22.12,0,0,48.73,7,70.16,10.84,3.2,"less_25",17.7024,7.3,4,3.9,37,8.4,9.6,10.6,10.7,0.0222,0.4,0.1878,0.1399
"New Hanover",123,8928,0,7.21,26.34,0,0,0,6.83,19.83,78.36,9.5,"less_25",10.3828,3.2,2.5,5.4,35.7,7.7,10.4,8.8,9.5,0.0886,0.4,0.2139,0.1853
"New Hanover",9801,0,0,7.42,NA,7.18,0,0,7.67,61.28,15.8,0,"less_25",0,NA,NA,NA,NA,NA,NA,NA,NA,NA,NA,NA,NA
"New Hanover",9901,0,NA,NA,NA,NA,0,NA,1,NA,NA,0,"less_25",0,NA,NA,NA,NA,NA,NA,NA,NA,NA,NA,NA,NA
"Northampton",9201,4392,0,8.31,28.5,0,0,0,3.42,22.01,5.22,39.7,"btwn_25_50",39.8948,15.3,17.9,3.6,43.9,11.3,7.8,16.3,17.5,0.3572,1,0.6713,0.83
"Northampton",9202,3742,0,8.29,28.66,0,0,0,4.03,24.49,0,62.4,"btwn_50_75",42.6785,8.9,12.7,8.8,48.5,11.3,8,15.3,18.6,0.3575,0.8,0.9617,0.8573
"Northampton",9203,6073,0,8.52,29.75,0,0,0,3.64,27.99,6.8,78.7,"greater_75",50.2398,14.4,19.3,5.4,50.6,11.9,7.4,16.4,20.9,0.3707,0.8,0.9395,0.8545
"Northampton",9204.01,4405,0,8.64,31.87,0,0,0,5.44,13.67,1.96,67.4,"btwn_50_75",50.3459,17.5,31,8.8,47.7,12,7.2,16.7,18.5,0.1607,0.8,0.9768,0.7993
"Northampton",9204.02,1334,0,8.59,29.9,0,0,0,4,0,6.48,29.2,"btwn_25_50",27.4363,6,9.8,3.9,48.8,9.9,10.6,12,17.7,0.0325,0.6,0.5245,0.4456
"Onslow",1.02,9567,0,7.4,29.39,0,0,43.73,7.5,41.81,72.21,12.8,"less_25",31.0702,11.5,8.1,5.4,32.1,9.5,6.9,14.5,9.8,0.2218,0,0.6444,0.2744
"Onslow",1.03,5720,0,7.73,31.32,0,0,81.14,3.08,12.19,3.22,29,"btwn_25_50",29.7577,8.1,8.5,1.5,31.8,10.2,5.9,16.7,10.7,0.0374,0.2,0.3691,0.1385
"Onslow",2.01,12151,0,8.04,27.66,0,0,8.73,5.33,31.14,0.03,36.3,"btwn_25_50",36.2861,6,4.4,10.4,32.3,9.6,6,15.2,9.7,0.0937,0,0.5354,0.1488
"Onslow",2.02,10795,0,7.86,27.84,0,0,12.4,4.63,35.81,0.01,29.1,"btwn_25_50",30.8799,7,8.2,12.5,27.7,9.6,5,15.2,8.2,0.2008,0,0.6437,0.2621
"Onslow",3.01,6007,0,7.86,27.82,0,0,0,3.11,0,1.11,24,"less_25",48.8097,12.1,22.8,5.8,31.4,10.3,5.7,17,10,0.2092,0.2,0.6731,0.4034
"Onslow",3.02,9904,0,7.63,30.99,0,0,17.09,3.42,9.97,2.24,23.8,"less_25",43.3509,10.5,14.2,10.7,28.4,10.2,4.8,17.4,8.7,0.024,0.2,0.7181,0.3194
"Onslow",4.01,6849,0,7.39,26,0,0,30.96,6.67,24.7,19.61,11.8,"less_25",20.0467,10.6,5,3.4,29.3,9.2,6.3,14.2,8.7,0.0881,0,0.3009,0.0568
"Onslow",4.02,7699,0,7.28,23.31,0,0,6.51,6.06,0,76.67,18,"less_25",30.5234,10.6,6.3,12.2,33.7,9.2,7.2,13.8,10.2,0.0134,0,0.4395,0.0776
"Onslow",4.03,1180,0,7.2,22.63,0,0,0,4.83,0,62.37,6.1,"less_25",24.9153,14.9,2,7.2,31.7,8.6,7.4,12.4,9.5,0.0216,0,0.4344,0.0785
"Onslow",5,1518,0,7.44,29.04,0.68,0,2.86,4.33,12.17,45.29,44.7,"btwn_25_50",53.3333,46.7,0,0,10.7,7.4,0.8,17,1.6,0.585,0.2,0.2885,0.3982
"Onslow",6,10751,0,7.48,29.41,0,0,0,6.71,0,1.56,42.4,"btwn_25_50",27.2727,0,0,29.4,8.8,6.9,0.7,14.2,1.1,0.0303,0,0.2581,0.0312
"Onslow",7,7246,0,7.59,32.4,16.18,0,0,3.5,13.28,10.54,28.4,"btwn_25_50",47.8535,0.4,0.2,10.7,19.8,9.2,2.5,16.3,4.2,0.7881,0.2,0.4185,0.5783
"Onslow",8,1370,0,7.6,33.88,74.48,0,0,6.67,100,40.21,25.3,"btwn_25_50",61.978,2.4,1.7,9.8,10.5,10.2,1,19.2,1.4,0.9241,0.2,0.3931,0.631
"Onslow",9,6870,0,7.67,31.22,0,0,0,4.97,83.15,37.05,33,"btwn_25_50",62.6226,3.1,5.7,19.9,13.3,9.8,1.2,20.2,2.5,0.3568,0.2,0.6365,0.4653
"Onslow",10,5490,0,7.67,29.92,0,0,7.11,5.17,52.02,18.69,44.4,"btwn_25_50",67.0157,0,0,20.7,12.5,8.5,0.9,18.7,2.1,0.0678,0.2,0.349,0.1431
"Onslow",11.01,5204,0,7.76,29.03,0,0,0,5.11,63.5,1.29,32.9,"btwn_25_50",35.2827,9.3,8.7,8.6,28.4,9.7,5.1,15.7,8.5,0.0631,0.2,0.6604,0.3082
"Onslow",11.02,3923,0,7.71,30.11,0,0,55.45,7.25,77.76,17.3,39.6,"btwn_25_50",46.7845,19.7,19.1,12.8,28.7,10.3,4.4,17.8,9.4,0.0478,0.2,0.9053,0.4433
"Onslow",12,11757,0,7.8,29.31,0,0,24.46,5.4,0.63,0.01,37.9,"btwn_25_50",32.801,7.8,6.8,8,27.9,9.4,4.8,14.3,8.1,0.0367,0,0.5794,0.1428
"Onslow",13,17451,0,7.74,30.96,0,0,80.81,8.04,35.76,7.67,45.7,"btwn_25_50",42.2706,4.4,5.7,11.7,26.1,9.9,4.4,16.5,8,0.0403,0.2,0.5852,0.2515
"Onslow",14,4342,0,7.75,30.96,0,0,0,5.63,0,17.81,23.1,"less_25",26.2322,4.7,4.6,3.5,34.1,8.9,8,12.6,10,0.1209,0.2,0.314,0.1515
"Onslow",15,2863,0,7.74,31.58,0,0,0,7.42,0,34.82,60.5,"btwn_50_75",56.6337,18.5,17.4,17.6,27.7,11.2,3.9,19.7,9.2,0.1678,0.4,0.8474,0.5826
"Onslow",17,2146,0,7.73,31.71,0,0,0,9.5,33.13,34.82,51.9,"btwn_50_75",37.2787,17.6,11.5,3.1,28.7,10.2,5.2,16.5,9.2,0.2397,0.2,0.6532,0.4096
"Onslow",18,1883,0,7.72,31.03,0,0,0,9.5,76.12,34.82,38.6,"btwn_25_50",43.2648,14.7,10.1,16.9,32.2,10,5.5,16.6,10.8,0.2223,0.2,0.8695,0.5196
"Onslow",21,6433,0,7.68,31.79,0,0,8.2,7.17,49.37,19.36,43.2,"btwn_25_50",30.3223,7.9,7.7,4.7,32,9.8,5.5,15.2,10.2,0.2957,0,0.6276,0.308
"Onslow",22.01,4573,0,7.67,31.81,0,0,0,8.5,41.25,40.54,44.1,"btwn_25_50",29.6443,10.6,8.9,9.4,26.2,9.6,4.6,15.2,8.1,0.3072,0,0.6793,0.346
"Onslow",22.02,4251,0,7.66,31.47,0,0,0,7.25,100,40.57,59.8,"btwn_50_75",48.9494,7.3,6.2,8.5,28.1,10.7,4,18.5,9.4,0.476,0.4,0.7629,0.6845
"Onslow",23,3984,0,7.63,33.03,0,0,0,4.58,0,0,39.1,"btwn_25_50",39.7429,4.7,9.5,9.5,27.4,9.7,4.6,15.5,8.1,0.0292,0.2,0.6968,0.3095
"Onslow",24,7151,0,7.6,33.42,2.31,0,0,5.4,32.82,15.63,41.4,"btwn_25_50",53.5582,3.5,9.5,5.4,27.8,10.5,3.9,18.1,9.1,0.7523,0.4,0.7678,0.7933
"Onslow",25,3448,0,7.52,32.53,0,0,0,4.83,59.6,38.32,29,"btwn_25_50",48.0278,15.4,14,15.7,30.4,10.7,4.7,18.9,9.9,0.3477,0.4,0.8503,0.6673
"Onslow",26,3069,0,7.7,33.39,0,0,0.08,8.54,100,37.47,75.8,"greater_75",57.2857,15.3,20.1,5,39.9,12.1,5.6,19.2,15.4,0.5544,0.8,0.9832,0.9166
"Onslow",28,9474,0,7.34,29.13,0,0,10.51,4.73,7.66,81.98,18.5,"less_25",34.7412,9.6,8.9,3.6,25.5,9.5,4.7,16,7.5,0.2054,0.2,0.5119,0.3044
"Onslow",9901,0,NA,NA,NA,NA,0,NA,1,NA,NA,0,"less_25",0,NA,NA,NA,NA,NA,NA,NA,NA,NA,NA,NA,NA
"Orange",107.01,2274,0,9.67,33.74,0,0,38.65,5.83,0,8.17,33.1,"btwn_25_50",21.5919,4.6,3.5,1.7,35.3,9.1,7.6,10.4,11.1,0.0537,0.4,0.2167,0.1691
"Orange",107.03,5935,0,9.75,37.14,0,0,86.06,13.83,0.15,30.63,41.6,"btwn_25_50",51.2216,14,7.6,4,22.9,9.3,3.6,14.5,7.2,0.2634,0,0.6096,0.2784
"Orange",107.04,5415,0,9.71,35.96,0,0,3.43,10,12.11,14.56,30,"btwn_25_50",23.8781,4.8,5.7,4.3,20.3,8.6,4.4,11.4,5.4,0.1516,0,0.2428,0.0583
"Orange",107.05,5090,0,9.75,38.1,0,0,100,14.58,7.86,39.81,29.9,"btwn_25_50",36.6601,11.2,6.7,5.3,22.1,8.8,4.4,12,6.2,0.273,0,0.4863,0.2151
"Orange",107.06,3503,0,9.73,35.21,0,0,56.76,10.25,0,56.79,17.8,"less_25",9.2571,3,0.4,3,25.9,8.1,6.6,9,7.2,0.1195,0,0.0472,0.0114
"Orange",108.01,5268,0,9.31,30.82,0,0,0,3.28,0,5.47,30.6,"btwn_25_50",21.0767,7.1,9,2.9,35.1,9.7,7,12.7,10.9,0.06,0.2,0.4385,0.1832
"Orange",108.02,4880,0,9.36,31.68,0,0,0,3.25,0.02,0.03,12.8,"less_25",16.7456,5.3,6.5,4.1,33.3,9.1,7.3,12,9.6,0.0718,0,0.2645,0.0421
"Orange",109.01,5773,0,9.53,33.32,0,0,56.2,4.28,17.84,1.37,29.1,"btwn_25_50",33.6567,11.7,16.5,6.5,34.5,10,7.3,13.6,11.5,0.0998,0,0.5663,0.167
"Orange",109.02,6039,0,9.64,34.63,0,0,32.76,7.08,80.05,2.63,41.3,"btwn_25_50",30.4928,11.8,10.5,5.7,30.5,9.4,6.2,13.1,9.3,0.2885,0,0.6629,0.3254
"Orange",110,7931,0,9.52,33.26,0,0,82.48,10.57,93.63,0,20.6,"less_25",18.0683,4.8,7.1,2.6,33,8.9,7.5,10.7,9.2,0.4582,0.2,0.3799,0.3771
"Orange",111.01,8057,0,9.44,34.02,0,0,25.18,5.37,43.79,1.45,42.1,"btwn_25_50",30.2346,13.4,17.7,3.1,34.2,10.3,6.4,14.4,11.5,0.4455,0,0.601,0.3825
"Orange",111.02,6543,0,9.52,33.82,0,0,7.12,4.94,36.89,2.26,31.1,"btwn_25_50",31.0355,7.5,10,5.3,29.8,9.7,6.3,13.4,9.2,0.4262,0,0.6753,0.4144
"Orange",112.02,8178,0,9.63,34.01,0,0,1.97,5.83,15.33,15.88,27.8,"btwn_25_50",8.5229,8.3,5.8,2.4,28.1,8.6,6.5,10.2,8.1,0.1578,0,0.2495,0.0622
"Orange",112.03,6469,0,9.54,32.7,0,0,0,4.28,0,8.78,15.9,"less_25",16.4686,6.9,6.7,1.6,32.2,9.1,7.5,11.5,9.8,0.1162,0.2,0.2516,0.1216
"Orange",112.04,3204,0,9.76,35.9,0,0,85.08,5.33,36.57,1.94,20.6,"less_25",12.5078,8.2,7.2,2.4,32.9,8.5,8,10,9.4,0.1748,0.2,0.269,0.1556
"Orange",112.05,8483,0,9.78,37.27,0,0,38.91,14,92.95,24.73,50.1,"btwn_50_75",17.855,4.5,4.3,4.2,25.4,7.4,5.9,8.8,7.4,0.1761,0,0.4643,0.1542
"Orange",113,3146,0,9.8,40.22,2.98,0,100,15.17,0,57.7,33.4,"btwn_25_50",76.0966,7.3,9.9,3.2,22.2,11.9,2.7,21.6,7.5,0.5635,0.4,0.4762,0.594
"Orange",114,3818,0,9.83,38.74,70.83,0,88.99,14,26.27,57.7,23.3,"less_25",46.3289,5.9,0.3,1.6,20.6,10.6,3.7,17.4,6.2,0.512,0.4,0.3692,0.5142
"Orange",115,1957,0,9.87,38.2,9.57,0,100,14.5,97.19,44.84,23.7,"less_25",23.5082,5.8,3.8,3.9,26.9,8.2,6.9,10.2,7.5,0.4696,0,0.2434,0.1904
"Orange",116.01,2423,0,9.83,36.36,0,0,100,16.75,31.25,43.53,29.5,"btwn_25_50",11.5385,2.4,0,4,8.6,11.4,0.8,21.3,1.4,0.4041,0.4,0.0292,0.2561
"Orange",116.02,6722,0,9.85,38.69,0,0,99.92,15.83,100,30.65,35.9,"btwn_25_50",65.0499,2.6,1.3,1.8,9.5,11.1,0.9,19.7,1.8,0.3114,0.4,0.4611,0.4541
"Orange",117,5337,0,9.82,48.04,0,0,100,15.75,84.06,33.79,24,"less_25",56.9227,2.7,1.1,2.3,16.2,10.5,2.4,18.5,4.5,0.4244,0.4,0.2178,0.3798
"Orange",118,3169,0,9.77,37.26,16.56,0,53.86,8.33,0,57.7,26.3,"btwn_25_50",43.0735,10.1,2.8,2.8,21.9,9.7,4.3,13.6,6.2,0.5334,0,0.3866,0.3061
"Orange",119.01,5034,0,9.79,37.7,41.86,0,56.47,9.78,41.99,57.53,42.7,"btwn_25_50",25.8641,7.1,9,3.6,26.3,8.7,5.7,11.4,8.4,0.4373,0,0.5032,0.3184
"Orange",119.02,3965,0,9.83,37.94,39.05,0,73.72,13.67,96.37,57.62,29.1,"btwn_25_50",21.9924,5.3,3.1,3.8,27.4,7.9,7.1,8.9,7.6,0.3927,0,0.2915,0.1757
"Orange",121,8055,0,9.89,38.03,5.21,0,45.06,14.58,97.32,52.58,35,"btwn_25_50",28.6146,4.8,4,5.7,28.7,8.7,6.9,11.1,8.7,0.371,0,0.4492,0.2485
"Orange",122.01,2814,0,9.87,37.26,0,0,22.84,4.42,58.38,30.65,19.9,"less_25",18.8869,4.2,2.3,1.9,30.7,8.8,7.4,10.6,9.3,0.2921,0,0.1374,0.0691
"Orange",122.02,5354,0,9.79,37.64,0,0,41.31,12.39,96.34,30.52,25,"less_25",23.5712,3.3,7,1.2,22.9,8.3,5.2,10.6,6.6,0.2644,0,0.2086,0.0845
"Pamlico",9501.01,3344,0,7.57,27.27,0,0,2.78,5,0,12.84,20.2,"less_25",44.4976,10.4,7.4,3,37.5,10.3,7.4,16,13.2,0.0133,0.6,0.6828,0.5222
"Pamlico",9501.02,3546,0,7.3,24.97,0,0,16.18,5.04,0,14.77,43,"btwn_25_50",47.9462,15.8,17.8,7.2,44.1,10.6,7.4,16.1,16.5,0.039,0.8,0.9453,0.7437
"Pamlico",9502.01,3574,0,7.35,24.92,0,0,0,4.92,0,0.97,24,"less_25",33.5758,7.6,12.2,6.1,42.3,9.7,9.4,13,14.7,0.0464,0.6,0.5962,0.4936
"Pamlico",9502.02,2237,0,7.18,23.14,0,0,0,6.5,0,7.03,9.7,"less_25",17.1812,8,9.3,4,43.8,9.1,10.6,11.3,14.2,0.0063,0.6,0.3125,0.3054
"Pasquotank",9601,1491,0.33,7.46,25.08,0,0,76.33,10.83,100,8.03,66,"btwn_50_75",57.1223,23.7,21.5,7.3,42.6,12.1,6.5,18.6,17.5,0.5678,0.8,0.9804,0.9194
"Pasquotank",9602,4523,0.33,7.44,25.51,8.15,0,0.01,9.08,42.24,9.99,59.9,"btwn_50_75",42.9697,14.9,9.1,15.8,29.5,11.3,4.9,16.4,10,0.5692,0.4,0.8138,0.7432
"Pasquotank",9603,2412,0.33,7.47,24.67,0,0,14.28,11.92,74.54,8.03,84.2,"greater_75",88.3914,13.6,24.5,9.9,47.6,14.9,5.9,22.7,22.5,0.1297,0.8,0.9912,0.7936
"Pasquotank",9604,4180,0.33,7.47,24.97,0,0,80.53,11.27,98.56,8.03,65,"btwn_50_75",40.3823,17,14.7,9.7,38.3,10.9,6.8,15.8,13.7,0.5311,0.8,0.9197,0.8938
"Pasquotank",9605.01,3459,0.33,7.53,24.35,0,0,16.53,6.33,83.71,2.05,19,"less_25",27.9159,13.2,11.9,8,36,9.8,7.7,14.1,12.1,0.3076,0.4,0.7804,0.6169
"Pasquotank",9605.02,4871,0.33,7.52,24.52,0,0,3.5,6.5,68.19,7,40.7,"btwn_25_50",23.2379,10.8,14.7,3.1,32.9,9.3,6.3,13.5,10.4,0.2689,0,0.6807,0.3243
"Pasquotank",9605.03,2942,0.33,7.61,24.56,0,0,14.54,2.5,27.93,1.85,35.8,"btwn_25_50",43.8991,6.4,17.1,7,37.3,11,6.5,16.1,14,0.1188,0.8,0.6901,0.672
"Pasquotank",9606,6960,0.33,7.5,24.57,0,0,0.53,7.75,46.26,50.27,40.2,"btwn_25_50",22.2092,8.5,9,1.5,34.5,9.8,6.9,13.6,11.3,0.3436,0,0.4496,0.2336
"Pasquotank",9607.01,5635,0.33,7.4,26.19,12.49,0,0,6.67,0.61,24.9,42.4,"btwn_25_50",38.4947,9.5,10,7.9,36.1,10.2,6.9,14.2,12.4,0.5254,0.4,0.6876,0.6737
"Pasquotank",9607.02,3041,0.33,7.33,22.75,0,0,0,2.58,0,16.11,18.6,"less_25",25.8468,11.1,12,2,36.1,9.8,7.7,14,12.4,0.1017,0.6,0.448,0.4414
"Pender",9201.01,409,0,7.18,24.3,0,0,18.48,7.08,0,93.67,0,"less_25",19.5599,6.6,4.3,6.6,38.7,8.3,10.2,9.8,11.1,0.0485,0.4,0.1447,0.1322
"Pender",9201.02,1171,0,7.18,23.33,0,0,29.61,9.33,0,79.65,14.7,"less_25",21.2639,3.4,7.1,3.7,30.2,8.6,7,11.9,8.8,0.0076,0,0.2958,0.0345
"Pender",9201.03,5420,0,7.25,26.69,0,0,29.5,6.83,30.2,88.64,8.2,"less_25",19.7786,6.7,6.8,5,35.2,9.3,7.6,13.3,11,0.0412,0.4,0.3318,0.2224
"Pender",9202.01,7243,0,7.23,26.6,0,0,51.13,7.25,49.63,98.8,10.4,"less_25",14.2593,5.1,10.8,2.9,31.8,8.8,7.8,11.8,9.1,0.0384,0.2,0.378,0.1429
"Pender",9202.02,8873,0,7.22,25.1,0,0,0,6.83,52.16,95.3,5.3,"less_25",15.2117,8.1,0.8,8.6,35.8,8.5,9.1,10.7,10.8,0.137,0.4,0.1538,0.1794
"Pender",9202.03,5035,0,7.35,27.23,0,0,53.98,6.83,11.65,9.03,14.1,"less_25",20.0279,7.1,5.7,4.2,32.3,9.5,6.6,13.7,10,0.0056,0,0.3168,0.039
"Pender",9202.04,2608,0,7.62,28.52,0,0,85.55,4.25,3.29,4.36,46,"btwn_25_50",33.5258,7.3,11.3,3.2,40.6,10.2,7.1,14.3,13.6,0.0094,0.4,0.6159,0.3697
"Pender",9203,4368,0,8.08,29.66,0,0,0.62,2.89,27.72,6.22,34.3,"btwn_25_50",50.8906,13.5,18.9,19,39.9,10.8,7.4,16.5,15.5,0.3082,0.8,0.9401,0.8359
"Pender",9204.01,2667,0,7.7,29.49,0,0,0,7.83,23.89,15.46,53.1,"btwn_50_75",56.2618,18.6,22.2,14.4,41.6,11.6,6.5,17.7,15.8,0.0724,0.8,0.9846,0.7701
"Pender",9204.02,3290,0,7.86,28.86,0,0,0,6.67,10.96,21.9,34.2,"btwn_25_50",30.7317,7.8,17.1,7.6,38.2,10,6.4,15.7,13.7,0.0815,0.6,0.7532,0.5918
"Pender",9204.03,3605,0,7.69,30.12,0,0,39.22,5.25,47.63,20.49,32.7,"btwn_25_50",30.9468,9.5,12.2,5.7,40.1,10,7.9,14.2,13.5,0.0785,0.6,0.7802,0.6033
"Pender",9205.01,4971,0,7.97,29.05,0,0,1.75,3.61,19.79,0,50,"btwn_25_50",44.7596,14.9,22.1,9.7,42.8,10.7,7.2,14.8,15.2,0.0288,0.6,0.8504,0.613
"Pender",9205.02,1811,0,7.74,29.59,0.42,0,29.18,3.33,20.32,3.46,12,"less_25",51.4649,19.3,23.5,14.5,42.1,10.8,7.5,16.6,15.5,0.3821,1,0.7609,0.8635
"Pender",9206.01,3762,0,7.63,30.1,0,0,0.35,6,19.99,8.14,54.5,"btwn_50_75",56.3021,17.6,26.9,10.4,35.6,10.5,6.2,16.8,13,0.0553,0.8,0.9252,0.7423
"Pender",9206.02,5166,0,7.52,31.37,0,0,21.67,5.11,29.7,0.07,25.8,"btwn_25_50",30.9246,12.1,11.9,4.7,33.4,9.7,6.2,14.6,10.6,0.1886,0,0.6317,0.2485
"Pender",9901,0,NA,NA,NA,NA,0,NA,1,NA,NA,0,"less_25",0,NA,NA,NA,NA,NA,NA,NA,NA,NA,NA,NA,NA
"Perquimans",9201,6423,0.33,7.57,23.77,0,0,0,3.25,10.75,5.08,28.3,"btwn_25_50",31.371,8.7,14.4,3.3,38.3,10.4,7.7,14.8,13.9,0.1866,0.8,0.6745,0.6938
"Perquimans",9202.01,2948,0.33,7.6,24.53,0,0,0,6.22,17.12,0,32.3,"btwn_25_50",36.8053,18.5,13.4,12.4,43.5,10.9,8.2,15.8,16.2,0.0982,1,0.9658,0.8404
"Perquimans",9202.02,4059,0.33,7.48,23.14,0,0,0,3.83,16.69,6.73,23.5,"less_25",33.1084,10.5,11,9.2,45,9.8,10,12.7,15.7,0.1196,0.6,0.5569,0.5118
"Person",9201,6712,0,9.13,31.4,0,0,0,3.42,20.11,11.64,30.2,"btwn_25_50",35.5802,5.3,13,4,39.3,10.4,7.2,15.2,13.9,0.5604,0.6,0.6216,0.7429
"Person",9202,6554,0,9.15,31.8,0,0,0.2,4.29,13.06,5.67,21.4,"less_25",23.8007,3.5,8.3,1.2,38.1,9.9,7.7,14,13.3,0.3598,0.6,0.4426,0.5763
"Person",9203,5487,0,9.18,33.06,0,0,61.16,7.5,67.44,10.72,60.1,"btwn_50_75",50.6662,13.9,21.7,9.3,46.6,12,7.8,18.4,18.9,0.7549,1,0.9616,0.9934
"Person",9204,2875,0,9.19,31.71,0,0,6.35,8.94,79.08,6.72,65.1,"btwn_50_75",45.2522,9.7,13.5,7.6,43,11.1,7.8,15.3,16.4,0.4119,0.8,0.9581,0.8715
"Person",9205,6946,0,9.25,31.16,0,0,0,4.46,29.02,0.84,19.2,"less_25",24.256,5.2,12.3,4.1,34.6,9.9,6.9,14.5,11.4,0.3664,0,0.3342,0.1843
"Person",9206.01,5789,0,9.2,30.75,0,0,0,5.04,24.28,1.03,35.9,"btwn_25_50",41.8879,17.3,15.7,11.1,39.7,10.6,7.4,15.8,14.2,0.1857,0.8,0.8672,0.7686
"Person",9206.02,4982,0,9.24,31.19,0,0,0,5.08,11.99,0.49,24.1,"less_25",30.0406,9,11.3,11.5,34.4,9.6,7,13.9,11.2,0.2575,0,0.5046,0.2166
"Pitt",1,6499,0,8.49,30.46,0,0,0,9.67,34.44,30.01,34.7,"btwn_25_50",75.1691,11,18,7.9,25.4,12.3,2.8,23.2,9.3,0.7369,0.4,0.8089,0.8023
"Pitt",2.01,4314,0,8.46,29.87,0,0,0,7.21,66.9,18.62,29.9,"btwn_25_50",62.7885,6.4,9,12.8,24.5,10.7,4.9,19.5,7.8,0.2344,0.4,0.6296,0.5052
"Pitt",2.02,3009,0,8.46,29.76,0,0,0,8.42,100,76.56,32.9,"btwn_25_50",49.3472,17.5,4.5,5,29.1,10.1,5.6,16.1,9.6,0.4052,0.2,0.3109,0.3036
"Pitt",3.01,2940,0,8.46,29.92,0,0,0,8.5,74.91,13.73,24.6,"less_25",25.6323,8.6,5.5,3.5,27.8,8.3,6.9,10.3,7.7,0.2258,0,0.315,0.1096
"Pitt",3.02,9012,0,8.43,29.78,0,0,0,7.25,64.46,0.1,39.2,"btwn_25_50",52.9722,13.5,4.6,10.1,25.6,10.3,4.8,16.2,8.2,0.1488,0.2,0.6545,0.3569
"Pitt",4,7183,0,8.48,30.42,0,0,0,10.29,86.14,74.97,28.3,"btwn_25_50",35.3604,4.2,0,24.3,13.7,10.7,2.2,18.8,3.4,0.5232,0.4,0.3804,0.5265
"Pitt",5.01,6414,0,8.5,30.05,0,0,0,9.94,78.69,22.79,48.5,"btwn_25_50",25.5905,3.5,4.5,3.5,32.5,9.3,6.6,11.8,10.1,0.4031,0,0.3514,0.2123
"Pitt",5.02,7964,0,8.47,29.94,0,0,0,9.89,56.01,6.16,34.5,"btwn_25_50",51.3938,6.6,3.8,8.5,22.2,10.9,3.6,18.6,6.8,0.2145,0.4,0.5324,0.4395
"Pitt",6.01,8471,0,8.54,29.09,0,0,0,6.42,34.46,24.38,72.2,"btwn_50_75",55.4232,13,13.3,9.4,32.5,10.9,5.4,16.1,10.8,0.6301,0.4,0.9099,0.8002
"Pitt",6.02,6043,0,8.54,29.62,0,0,0,8.33,75.79,78.82,69,"btwn_50_75",46.1602,14.9,7,10.4,32.6,11.2,4.5,17.1,11,0.3637,0.4,0.7073,0.609
"Pitt",6.03,10647,0,8.54,29.03,0,0,0,7.96,85.81,26.17,53,"btwn_50_75",43.7212,8.9,3.4,6.4,28.4,9.9,4.8,14.4,9.2,0.2409,0,0.5632,0.2395
"Pitt",7.01,3248,0,8.51,29.63,0,0,0,9.17,0,2.95,75.5,"greater_75",66.6564,9.6,18.5,14.9,45.9,12.9,5.7,18.5,20.4,0.6134,0.8,0.8699,0.9028
"Pitt",7.02,2910,0,8.51,30.26,0,0,0,11.83,24.61,65.94,90,"greater_75",65.6454,7.8,16.3,23.8,50.3,13.2,5.6,19.5,21,0.6488,0.8,0.9768,0.9379
"Pitt",8,3270,0,8.47,29.88,17.97,0,0,7.75,52.09,0,81.7,"greater_75",61.674,11.8,19.3,10.5,41.4,11.6,5.2,17.5,16.1,0.8574,0.8,0.9885,0.9841
"Pitt",9,8102,0,8.25,28.06,1.89,0,0,4.72,31.91,12.47,56,"btwn_50_75",52.1519,17.6,21.2,4,32.6,11.7,5,19.8,12.6,0.662,0.6,0.829,0.8489
"Pitt",10.01,2137,0,8.28,28.57,0,0,0,4.5,1.7,0.01,32.6,"btwn_25_50",32.0075,4.5,6.4,5.4,25.9,10.2,4.4,16.1,8,0.064,0.2,0.3363,0.1356
"Pitt",10.02,6217,0,8.3,28.18,0,0,0,5.17,0,0,32.2,"btwn_25_50",17.1304,6.8,7.4,1.9,29.3,9,6,12.6,8.8,0.0502,0,0.2934,0.0443
"Pitt",10.03,5851,0,8.39,28.9,0,0,0,5.5,0,0.67,16.8,"less_25",18.199,6.6,3.7,5.6,29.5,8.8,6.7,11.8,8.8,0.0512,0,0.1948,0.0233
"Pitt",11,5236,0,8.18,26.94,0,0,0,3.94,0,4.88,27.3,"btwn_25_50",27.0626,17.1,10.7,10.3,34.2,9.7,6.8,14.2,11.2,0.046,0,0.7329,0.2255
"Pitt",12,6454,0,8.24,28.27,0,0,0,3.5,0,9.99,27.7,"btwn_25_50",34.7227,5.8,16.8,2.8,28.8,10,5.5,15.8,9.7,0.0499,0.2,0.6824,0.3133
"Pitt",13.01,4089,0,8.54,28.39,0,0,0,9.5,71.48,30.69,47.7,"btwn_25_50",18.7576,4.3,8.1,6.6,29.2,9.5,5.5,13.1,8.7,0.1687,0,0.5232,0.18
"Pitt",13.02,5701,0,8.5,29.01,0,0,0,7.42,59.82,17.82,45.3,"btwn_25_50",16.1862,5.2,5.4,2.7,30.5,9.3,6.1,12.5,9.5,0.238,0,0.3502,0.1301
"Pitt",13.03,8006,0,8.46,29.2,0,0,0,6.06,0,1.64,34.8,"btwn_25_50",15.0512,8,7,3.8,24.1,8.8,5,12.3,6.9,0.0714,0,0.3752,0.0752
"Pitt",14.01,4644,0,8.52,28.45,0.97,0,0,6.96,97.13,26.48,47.1,"btwn_25_50",41.4204,11.4,17.6,14,42.3,10.9,7.9,15.4,15.7,0.5381,0.8,0.9427,0.902
"Pitt",14.02,2647,0,8.4,28.54,0,0,0,5.42,7.64,16.27,43.3,"btwn_25_50",48.1157,3.8,9.2,11.8,40,10.5,7,15.1,14.1,0.1865,0.6,0.767,0.6467
"Pitt",15,3328,0,8.35,28.74,0,0,0,6.08,14.06,0.71,39.9,"btwn_25_50",47.6004,9.1,17.2,11.6,40.6,10.8,7.4,15.9,15.2,0.1462,0.8,0.8557,0.7504
"Pitt",16,8859,0,8.62,28.33,5.16,0,0,4.46,55.98,20.25,42.3,"btwn_25_50",33.909,6.7,10.8,5.8,30.3,10.1,5.5,14.9,10.3,0.5416,0,0.5489,0.4081
"Pitt",17,4644,0,8.63,28.52,0,0,0,6.83,41.65,7.92,41,"btwn_25_50",39.6533,15.2,13.5,12.1,33.9,9.9,6.5,13.6,11.1,0.4407,0,0.8113,0.4988
"Pitt",18,6599,0,8.78,28.44,0,0,0,7.5,98.47,13.02,49,"btwn_25_50",42.5697,5.8,11.1,4.9,40.6,10.8,7.4,15.1,15.4,0.4978,0.6,0.728,0.7592
"Pitt",19,2485,0,8.74,28.28,0,0,0,4.06,21.71,4.31,38.6,"btwn_25_50",44.3058,14,15.3,16.2,41.8,10.8,7.6,16,16.1,0.1155,1,0.8689,0.8158
"Pitt",20.01,6324,0,8.54,28.21,0,0,0,3.83,30.38,5.24,78.1,"greater_75",61.2162,29.6,26.6,16.3,39.2,11.9,4.9,19,15.7,0.4789,0.8,0.9395,0.8849
"Pitt",20.02,5186,0,8.4,27.97,0.17,0,0,4.7,25.38,9.27,53.7,"btwn_50_75",39.5488,12.6,19.3,10.2,40.5,10.7,7.1,14.8,14.6,0.501,0.6,0.8256,0.7956
"Polk",9201.01,3422,0.33,9.09,32.89,0,0,0,3.5,23.63,1.87,25.8,"btwn_25_50",28.0538,10.9,14,2.5,37.1,9.5,7.8,13.3,11.2,0.1395,0.4,0.4653,0.3576
"Polk",9201.03,3162,0,8.95,31.75,0,0,0.02,4.17,22.98,10.34,11.5,"less_25",31.5856,8.7,10.4,7.5,38.4,9.2,8.9,12.5,12,0.1254,0.4,0.6852,0.4753
"Polk",9201.04,3214,0,8.78,31.5,0,0,0.95,6.75,71.69,2.72,14,"less_25",30.3389,10.5,11.8,4.6,42.8,8.6,12.2,10.7,13,0.172,0.6,0.8018,0.6558
"Polk",9202,4833,0,8.61,28.96,0,0,39.28,5.33,9.49,0.03,16,"less_25",41.9408,9.5,7,6.5,35.3,9.7,7.7,14.5,12.2,0.0348,0.4,0.6505,0.4051
"Polk",9203.01,1102,0,8.71,30.05,0,0,8.4,6.17,97.04,0.11,12.3,"less_25",44.3739,19.2,12.5,4.9,41.2,9.5,10.5,12.8,14.4,0.2183,0.6,0.7995,0.6759
"Polk",9203.03,1960,0,8.57,28.33,0,0,28.77,7,99.92,0,4.3,"less_25",31.5276,11.3,6.1,4.4,41.2,9.1,10.4,11.7,13.4,0.2114,0.6,0.5292,0.5453
"Polk",9203.04,2864,0,8.67,28.19,0,0,0,7.08,64.33,1.48,9.2,"less_25",25.306,7.1,4.7,4.7,42.5,8.5,11.6,9.7,13.1,0.2851,0.6,0.5475,0.5908
"Randolph",301,4695,0,9.48,34.56,0,0,42.89,10.44,100,2.03,43.4,"btwn_25_50",56.4394,20.8,26.7,5.8,35.8,10.6,6.4,17.5,13.6,0.578,0.8,0.977,0.921
"Randolph",302.01,3317,0,9.52,34.94,0,0,64.22,11.89,100,10.75,31,"btwn_25_50",38.0766,14.3,11.7,3.2,36.7,9.6,8.3,13.8,12.3,0.4734,0.6,0.6361,0.7141
"Randolph",302.02,4694,0,9.46,33.66,0,0,3.59,7.11,98.16,0.03,31.6,"btwn_25_50",42.1622,15.3,18,5,38.5,9.9,8.1,15.3,14.1,0.3603,0.6,0.9052,0.7732
"Randolph",303.01,6291,0,9.58,35.47,0,0,48.88,6.28,66.81,22.63,48,"btwn_25_50",48.8354,21.8,26.4,6.3,34.3,10.4,5.7,17.8,13,0.5399,0.6,0.9151,0.8379
"Randolph",303.02,2735,0,9.55,34.71,0,0,50.27,6.83,73.67,21.12,59.7,"btwn_50_75",54.1461,23.9,29,12.6,41.4,11.5,7.8,17.2,17.7,0.3709,1,0.9994,0.9248
"Randolph",304,4256,0,9.58,37.56,0,0,79.58,8.78,100,17.38,56,"btwn_50_75",65.6908,15.5,28.9,2.6,35.8,10.5,6.7,17.5,13.9,0.623,0.8,0.9772,0.9321
"Randolph",305.02,4306,0,9.57,34.88,0,0,18.38,5.28,65.98,4.34,16.5,"less_25",29.5964,9.5,11.8,0.7,35.7,9.1,8.5,12.1,11.4,0.5721,0.4,0.4558,0.5885
"Randolph",305.03,5499,0,9.67,34.17,0,0,0,4.17,34.75,2.44,8.7,"less_25",33.9316,14.8,15.7,2,34.1,9.8,6.8,15.3,10.8,0.2893,0,0.6178,0.2981
"Randolph",305.04,5972,0.33,9.66,33.49,0,0,0,3.08,22.19,4.3,1.5,"less_25",30.6615,11.7,14.1,1.2,33,9.9,6.8,15.2,10.6,0.1822,0,0.3036,0.0888
"Randolph",306,7531,0,9.47,33.21,0,0,25.18,6.94,67.44,1.21,18.4,"less_25",36.5556,14.6,16.1,4.8,35.9,10.1,7.6,15.6,12.5,0.4167,0.8,0.7016,0.7927
"Randolph",307,6503,0,9.33,32.82,0,0,54.43,3.28,14.46,5.09,5.1,"less_25",41.0643,11.1,16.1,11.4,33.4,10.1,7,16.3,11.7,0.1775,0.2,0.6927,0.3961
"Randolph",308.01,7326,0,9.47,32.97,0,0,0,3.83,36.1,5.44,19.4,"less_25",30.4366,16.7,18.2,7.8,32.9,9.6,6.8,14.7,10.4,0.1784,0,0.6832,0.2718
"Randolph",308.02,6319,0,9.27,32.88,0,0,0,3.89,24.77,0,13.2,"less_25",26.0134,6.3,16.5,2.2,35.7,10.2,7.2,15.7,12.1,0.0831,0.4,0.4154,0.2931
"Randolph",309,4009,0,9.33,32.48,0,0,0,2.83,0,5.7,9.4,"less_25",43.0088,14.7,14.2,7.4,39.7,10.4,7.6,16.3,13.7,0.1384,1,0.5994,0.7257
"Randolph",310,7449,0,9.49,33.15,0,0,0,5.17,33.57,10.77,31.5,"btwn_25_50",47.4864,17.4,26.9,7,37.9,10.4,7.5,15.7,13.3,0.2988,1,0.9528,0.8941
"Randolph",311,6360,0,9.58,32.6,0,0,0,3.97,13.06,13.27,23.2,"less_25",56.3988,17.6,32.1,2.9,35.4,10.7,7.2,17.3,12.9,0.3646,0.8,0.8031,0.8102
"Randolph",312,4940,0,9.53,32.58,0,0,0,5.46,42.85,11.26,29.9,"btwn_25_50",49.2713,15.7,19.1,8.2,39.1,10.6,7.7,16.1,14.7,0.5886,1,0.9286,0.9598
"Randolph",313.03,4369,0.67,9.77,34.42,0,0,0,3.92,26.91,0.82,1.2,"less_25",29.1142,10,16.4,3.9,36,10.2,7.5,15.8,12.3,0.5395,0.8,0.4175,0.7335
"Randolph",313.04,4971,0.33,9.78,34.59,0,0,0,4.33,58.4,13.44,16.7,"less_25",39.7103,14.9,24.7,2.4,36.2,10.3,7.2,16.1,12.2,0.4817,0.4,0.7008,0.66
"Randolph",313.05,3683,0.33,9.72,34.08,0,0,0,5.33,79.76,3.09,11.5,"less_25",41.325,12.6,20.6,2.6,33.6,10.3,6.9,16.1,12.1,0.2482,0.2,0.6417,0.4077
"Randolph",313.06,6919,0,9.61,32.68,0,0,0,3.06,3.92,7.54,7.5,"less_25",26.897,14.1,11,3.9,32.5,9.5,6.9,14.2,10.2,0.21,0,0.4156,0.1474
"Randolph",314,8349,0,9.66,39,0,0,0,7,75.91,6.81,24,"less_25",38.0418,7.8,16.4,3.4,34.2,10.2,6.4,16.4,11.3,0.6278,0.2,0.6457,0.6102
"Randolph",315.01,5631,0.67,9.81,34.7,0,0,0.01,4.79,29.21,0.01,5.2,"less_25",36.1186,9,11,4,34.1,9.9,7.1,15,11.3,0.2868,0,0.4065,0.1805
"Randolph",315.03,3217,0.67,9.85,37.07,0,0,0,8.92,100,20.6,25.7,"btwn_25_50",39.816,16.8,16.9,4.7,34.1,10.3,7.6,15.6,11.7,0.6688,0.4,0.7587,0.7597
"Randolph",315.04,5078,0.67,9.83,36.41,0,0,0,6.67,99.87,20.45,18.6,"less_25",22.3119,7.5,12,3.9,32.6,9.2,7.5,13.1,10.2,0.6361,0.2,0.2189,0.3874
"Randolph",315.05,3272,0.67,9.81,35.44,0,0,0,4.89,23.25,0.15,11.3,"less_25",28.6031,7,13.1,4.8,34.8,9.3,8.1,13.3,11.1,0.5087,0.2,0.5782,0.5173
"Randolph",316.01,4120,0.67,9.84,36.92,22.51,0,8.73,4.78,62.77,4.32,20.7,"less_25",45.6311,13.6,20.9,5.6,36.3,10.3,7.3,16.2,13.1,0.9259,0.6,0.82,0.9188
"Randolph",316.02,1307,0.67,9.86,38.41,0.55,0,0,7.5,84.56,20.56,30.6,"btwn_25_50",53.0628,13.2,18.3,9.8,37.9,10.7,7.2,17.5,14.7,0.9556,0.8,0.9142,0.9878
"Richmond",9701,4315,0,8.9,34.01,0,0,81.71,4,21.44,3.71,54.1,"btwn_50_75",44.2446,17.6,23.8,2.1,38.2,10.8,5.6,17.5,13.5,0.1107,0.8,0.7768,0.7052
"Richmond",9702,5095,0,8.82,34.11,0,0,19.9,4.5,18.93,8.69,38,"btwn_25_50",36.1488,12.7,23.9,4.9,41.4,10.7,7.3,16,14.8,0.1085,0.8,0.8203,0.7221
"Richmond",9703,4027,0,8.91,35.49,0,0,0,5.83,60.1,0.61,26.2,"btwn_25_50",53.6756,13,19.2,17.4,39.3,10.8,7.2,16.5,14.3,0.3122,0.8,0.8423,0.8053
"Richmond",9704,3862,0,8.93,35.63,0,0,27.75,5.88,74.74,0,38.7,"btwn_25_50",36.1471,4.5,12,3.3,40.4,10.4,7.6,15.1,14,0.3866,0.8,0.5275,0.7161
"Richmond",9705,2406,0,8.93,36.44,0,0,56.95,8.78,100,0,51.5,"btwn_50_75",56.4391,6.8,9.9,7.1,42.4,11.1,7.2,16.1,16,0.6219,0.8,0.8351,0.8955
"Richmond",9706,4054,0,8.95,36.04,0,0,44.3,7.5,71.16,0,54.1,"btwn_50_75",65.3796,12.7,21.9,14.1,43.5,12.3,7,19.3,18,0.4233,0.8,0.9993,0.8862
"Richmond",9707,2778,0,8.95,36.74,0,0,1.24,6.04,74.76,0,31.2,"btwn_25_50",59.2391,17.8,24,13.7,40.9,11.4,7.1,19.3,16.2,0.8382,0.8,0.9742,0.9784
"Richmond",9708,4589,0,8.96,36.33,0,0,0,4.23,48.74,12.16,46.8,"btwn_25_50",50.2288,9.5,16.7,5.5,38.8,11.1,6.7,17.1,14.4,0.7388,0.8,0.8074,0.9189
"Richmond",9709,4929,0,8.97,34.72,0,0,0,6.77,60.86,27.19,31,"btwn_25_50",43.0343,11.4,14.4,4.8,37.7,10.2,7.8,15.1,13,0.6875,0.6,0.776,0.8402
"Richmond",9710,4516,0,8.94,34.16,0,0,20.25,7.17,41.35,3.55,55.4,"btwn_50_75",50.2897,12.7,18.6,10.7,44,11.7,6.6,17.3,17.4,0.224,0.8,0.9311,0.8055
"Richmond",9711,4426,0,8.97,34.23,0,0,42.85,5.22,32.19,15.56,45.8,"btwn_25_50",56.4575,10.3,23.3,16.1,43.7,12.1,6.9,18.8,18,0.2331,0.8,0.878,0.79
"Robeson",9601.01,4123,0,9.06,32.01,0.05,0,3.97,3.17,15,0,67,"btwn_50_75",68.0678,14.2,30.8,7.3,36.9,11.8,5.2,20.2,14.1,0.5457,0.8,0.9394,0.9033
"Robeson",9601.02,5099,0,9.08,32.53,9.73,0,8.96,6.17,61.37,0,57.7,"btwn_50_75",46.6693,13.7,24.5,9.3,40.3,11.2,6.8,17.5,14.7,0.6526,0.8,0.9683,0.9369
"Robeson",9602.01,4940,0,9.18,33.04,0,0,0.79,3.83,14.18,0,58.5,"btwn_50_75",51.7611,15.4,23.2,7.6,40.9,11.9,6.1,18.7,14.6,0.3823,0.8,0.8718,0.8377
"Robeson",9602.02,4379,0,9.12,31.79,0,0,0,3.33,1.68,0,92.1,"greater_75",65.4529,20.9,37.1,7.7,38.1,13.7,5.3,22.9,17.2,0.3495,0.8,0.9729,0.8583
"Robeson",9603,6428,0,9.11,32.03,0,0,15.46,7.08,0,6.02,80.8,"greater_75",59.0959,14.7,24.6,5.5,45.3,13,6.5,20.2,19,0.0867,0.8,0.9683,0.7695
"Robeson",9604.01,7197,0,9.09,33.2,0,0,1.04,3.42,3.87,0.28,96.1,"greater_75",42.6428,18.1,16.5,4.1,38.9,14,6.3,20.6,16.2,0.3621,0.8,0.7039,0.7734
"Robeson",9604.02,4044,0,9.08,31.72,0,0,0.04,2.67,0,0.08,90.6,"greater_75",54.5274,16.8,20.5,6.1,39.6,13.3,6.6,19.4,16.5,0.1571,0.8,0.9135,0.7751
"Robeson",9605.01,3517,0,9.06,31.65,0,0,0,4.5,0,2.81,94.8,"greater_75",48.2168,11.9,17.5,7.1,41,14.2,6.9,20.7,18,0.1859,0.8,0.8608,0.7662
"Robeson",9605.02,4683,0,9.04,31.69,0,0,37.77,8.94,0,3.67,81.2,"greater_75",59.7645,11.1,16.9,8.2,29.5,13.5,4.2,22.4,11.2,0.3256,0.4,0.8549,0.659
"Robeson",9605.03,1838,0,9.01,32.19,0,0,7.33,7.33,7.38,4.55,88.1,"greater_75",46.179,10.3,20.5,6.4,39.9,13.4,7.2,18.9,16.8,0.3278,0.8,0.8239,0.8042
"Robeson",9606,6794,0,9.02,31.64,0,0,6.91,4.22,5.8,0,90.3,"greater_75",51.9429,13.9,20.2,8.5,38.4,14,5.9,22.2,17.1,0.5247,0.8,0.8399,0.8699
"Robeson",9607.01,6120,0,9.04,32.05,0,0,8.31,4.22,30.61,0,84.3,"greater_75",48.7252,14.5,27.5,5.9,38.7,12.6,6.5,19.3,16,0.0896,0.8,0.9166,0.7519
"Robeson",9607.02,3265,0,8.99,32.04,0,0,7.06,4.33,20.74,0,74.1,"btwn_50_75",50.5538,19.9,26.4,5,38.6,13.5,6.2,21.1,16,0.3188,0.8,0.9398,0.839
"Robeson",9608.01,3352,0,8.94,33.14,0,0,48.72,5.96,80.56,0.3,86.1,"greater_75",74.6601,14.5,29,13.8,47.2,13.7,4.9,23.4,19.7,0.7882,0.8,0.9882,0.9722
"Robeson",9608.02,1475,0,8.88,32.74,0,0,22.34,5,1.74,0,90.6,"greater_75",65.4237,9.9,21,8.7,50.7,13.5,6.5,19.3,21,0.6582,0.8,0.9586,0.9359
"Robeson",9609,2082,0,8.94,37.8,0,0,62.76,7.92,100,0,42.6,"btwn_25_50",35.975,15.6,9.3,3.1,39.7,9.4,8.4,13.3,12.3,0.6977,0.6,0.6511,0.8033
"Robeson",9610,1991,0,8.91,33.78,0,0,9.29,11.06,30.77,0,55.4,"btwn_50_75",56.9486,12.1,17.3,6.6,41.4,11.5,6.6,18.2,15.4,0.6216,0.8,0.9391,0.9223
"Robeson",9611,2237,0,8.86,33.43,0,0,19.03,9.5,0,0,74.7,"btwn_50_75",72.5972,26.2,42.3,7.3,42.4,13.6,5.9,23.6,16.9,0.4546,0.8,0.9942,0.8932
"Robeson",9612,3236,0,8.9,33.77,0,0,0,9.33,0.14,0,49.1,"btwn_25_50",54.8251,11,19.5,8.1,43.7,11.7,7.8,17.4,15.7,0.5686,1,0.9519,0.9604
"Robeson",9613.01,4840,0,8.93,32.11,0,0,8.4,5.25,30.1,0.08,46.2,"btwn_25_50",33.2824,4.5,9.9,1.2,41,9.6,8.6,12.6,12.5,0.1265,0.6,0.5803,0.5281
"Robeson",9613.02,5617,0,8.91,33.66,0,0,0,7.67,15.03,0,68.1,"btwn_50_75",53.7818,13.5,20.8,8.8,39.4,12.2,6.1,19.2,14.4,0.3959,0.8,0.9582,0.8668
"Robeson",9614,4060,0,8.91,30.95,0,0,0,3.58,3.51,0.09,51.4,"btwn_50_75",43.67,11.7,19.3,3.6,39,11.3,6.3,17.6,13.6,0.091,0.8,0.6723,0.6513
"Robeson",9615,5041,0,8.75,31.06,0,0,23.74,2.25,0.01,28.58,45.9,"btwn_25_50",41.6218,14.2,19.5,4.9,37.6,11.4,6.4,17.7,12.5,0.1399,0.8,0.8214,0.7352
"Robeson",9616.01,4313,0,8.76,31.59,0,0,56.55,3.25,37.06,0.11,58.9,"btwn_50_75",57.6457,13.3,28.3,3.9,39.7,12.3,6.2,20.1,13.7,0.129,0.8,0.8305,0.7345
"Robeson",9616.02,4030,0,8.65,31.32,0,0,18.25,2.78,13.52,15.23,55.7,"btwn_50_75",54.089,12.3,19.9,3.8,42.5,11.7,7.3,17.7,15.6,0.1312,0.8,0.7969,0.7217
"Robeson",9617,5035,0,8.8,31.55,0,0,9.88,5.75,0,0.16,70.6,"btwn_50_75",56.372,10,23.7,4.5,48.4,12.8,7.8,18.3,19.6,0.0825,1,0.9024,0.8159
"Robeson",9618.01,5687,0,9,32.07,0,0,0.87,4.08,40.5,0.39,94.6,"greater_75",58.8952,13,28.8,11.4,43.7,15.3,6.5,24.1,20.8,0.3378,0.8,0.9045,0.8343
"Robeson",9618.02,5418,0,8.93,32.09,0,0,0,2.71,49.61,0.32,88.1,"greater_75",51.0496,14.3,19.4,6.8,42.9,13.7,6.7,20.2,17.9,0.3766,0.8,0.8527,0.8303
"Robeson",9619,4939,0,8.85,31.93,0,0,0,4.27,26.53,12.61,79.7,"greater_75",63.8793,14.9,25.3,6.3,47.9,13.2,7.3,19.8,20.5,0.1701,0.8,0.9633,0.7979
"Robeson",9620.01,3506,0,9.07,33.79,0,0,29.47,5.67,80.42,0.15,88.5,"greater_75",66.1424,13.1,24.6,15.7,47.8,14,6.8,20.8,20.1,0.3268,0.8,0.9303,0.8386
"Robeson",9620.02,3310,0,9.01,32.31,0,0,0,2.25,27.15,0,88.5,"greater_75",58.6384,18.4,24.7,9,45.7,14.8,6.6,22.9,20.1,0.0791,0.8,0.8865,0.7371
"Rockingham",401.01,3877,0,9.05,31.16,0,0,0,3.44,4.33,4.69,28.4,"btwn_25_50",41.7658,7.9,14.1,3.1,38.6,10.3,7.7,15.7,13.6,0.2264,0.8,0.6506,0.7007
"Rockingham",401.02,2680,0,9.09,31.68,0,0,0,3.33,61.71,0.01,36.9,"btwn_25_50",41.5939,12.6,11.6,5.2,39.3,9.8,7.2,14.3,12.4,0.2926,0.4,0.5679,0.5036
"Rockingham",402,3754,0,8.98,31.32,9.56,0,0,4.39,0,12.37,35.1,"btwn_25_50",54.4752,16,21.6,7.3,41.4,10.9,7.2,17.1,14.1,0.7356,0.8,0.9499,0.9527
"Rockingham",403,3649,0,8.98,31.32,0,0,0,9.61,0,11.4,27.5,"btwn_25_50",33.2579,8.4,11.5,4.1,41,9.6,9.7,13.1,13.6,0.4755,0.6,0.7371,0.7542
"Rockingham",404,6087,0,8.92,31.52,0,0,0,6.08,0,24.63,34.6,"btwn_25_50",61.7263,15.4,19.3,7.2,42,11.7,7.2,19.2,15.9,0.4873,0.8,0.9179,0.8814
"Rockingham",405.01,3541,0,8.89,31,0,0,0,4.89,0,10.1,32.7,"btwn_25_50",51.4423,8.8,20.3,16.2,43.8,11.6,7.8,18.4,17.6,0.1752,1,0.9417,0.8567
"Rockingham",405.02,2937,0,8.94,31.61,0,0,0,7.06,0,10.04,31,"btwn_25_50",40.7294,6.9,13.2,2.5,39.9,10.3,8.1,15,13.9,0.2484,0.6,0.6319,0.6136
"Rockingham",406.01,4058,0,8.79,30.86,0,0,17.61,4.17,27.36,8.41,16.7,"less_25",31.7785,9.5,14.9,4.7,38,10.2,7.6,15.3,13.2,0.197,0.6,0.6275,0.5869
"Rockingham",406.02,4364,0,8.91,31.48,0,0,8.65,5.72,20.61,4.78,16.8,"less_25",28.5911,8.2,14.7,4.4,38.3,9.6,7.3,14.2,12.2,0.526,0.2,0.5239,0.4976
"Rockingham",407,4454,0,8.74,31.06,0,0,39.8,3.92,16.94,1.53,17.4,"less_25",36.0575,7.2,20.3,4.5,39.9,10.3,8,15.9,13.6,0.3136,0.8,0.6652,0.7417
"Rockingham",408,1583,0,8.89,32.03,0,0,84.47,9.33,82,0,37.7,"btwn_25_50",49.084,8.8,13,4.5,42.7,10.3,7.9,14.1,14.6,0.5233,0.6,0.5012,0.6786
"Rockingham",409,2631,0,8.87,31.62,0,0,94.23,7.72,63.26,0.75,21.5,"less_25",48.1613,10,20.3,11.8,39.8,10.7,8.2,16.9,14.6,0.5108,1,0.9284,0.9414
"Rockingham",410.01,5898,0.33,9.01,32.98,0,0,0.47,4.63,30.16,23.58,20.1,"less_25",26.704,9.6,17.5,1.4,33.6,9.9,6.8,15.5,11.1,0.44,0.2,0.5256,0.4504
"Rockingham",410.02,5700,0.33,9.07,32.03,0,0,3.49,4.33,22.58,14.65,12.9,"less_25",31.1544,9.2,13.9,5.5,34.5,9.4,7.6,13.8,11.1,0.1943,0.2,0.6057,0.3549
"Rockingham",411,6785,0,9.06,31.7,0,0,0,4.08,0.16,4.23,16,"less_25",24.9484,5.6,14,4.7,37.5,9.6,7.8,13.6,12.2,0.566,0.4,0.4979,0.6057
"Rockingham",412,4841,0.33,9.15,33.1,0,0,14.61,7.79,86.59,3.07,59.7,"btwn_50_75",55.1573,10.9,23,7.5,45.1,12,6.7,17.5,18,0.4792,0.8,0.8871,0.8705
"Rockingham",413,6150,0.33,9.2,32.1,1.71,0,0,3.67,24.19,5.48,47.3,"btwn_25_50",52.2612,16.3,22.2,4.5,41.8,11.2,6.8,17.4,16.2,0.6619,0.8,0.8998,0.9225
"Rockingham",414,2953,0.33,9.19,33.51,28.6,0,26.26,6.5,89.28,43.9,37.2,"btwn_25_50",52.8948,17.1,23.5,13.9,43.8,11.8,7.2,18.1,16.8,0.9041,0.8,0.9696,0.9883
"Rockingham",415,7188,0.33,9.19,32.95,0.09,0,62.13,7.71,80.66,31.56,28.9,"btwn_25_50",42.684,8.9,16.5,6.6,39.6,10.1,8.7,14.3,13.9,0.8785,0.6,0.8443,0.913
"Rockingham",416.01,3333,0.33,9.13,32.41,0,0,0,4.5,12.28,19.48,19,"less_25",25.0915,8.8,19.8,7.6,35.4,9.7,7.2,14.6,11.2,0.6324,0.2,0.5751,0.5788
"Rockingham",416.02,4614,0.33,9.23,31.94,0,0,21.04,4,41.98,33.3,13.5,"less_25",33.5934,8.6,16,5.8,34.6,9.6,7.1,14.2,10.8,0.4723,0,0.5177,0.3482
"Rowan",502.01,4236,1,9.85,37.83,0,0,6.64,8.5,70.42,30.9,40.9,"btwn_25_50",43.6399,11.6,11.9,9.4,45.4,10.9,8.2,15.2,16,0.755,0.8,0.8751,0.9392
"Rowan",502.02,5346,1,9.87,39.05,0,0,0,9,94.11,31.1,47.5,"btwn_25_50",47.5053,9.9,12.3,6.8,41.3,10.9,8.2,15.3,14.8,0.8933,0.8,0.8972,0.9748
"Rowan",503,3526,1,9.88,41.3,0,0,6.45,9.67,100,33.82,43.2,"btwn_25_50",39.9886,13,11.4,6.7,40.4,10.6,6.6,15,13.5,0.984,0.6,0.8682,0.9444
"Rowan",504,2870,1,9.88,38.4,0,0,29.24,9.75,99.88,34.74,89.3,"greater_75",65.7757,12.8,13.4,20.7,36.4,12.6,4,19,12.7,0.8834,0.8,0.8975,0.9733
"Rowan",505,3704,1,9.87,37.14,0,0,79.34,8.67,57.09,34.74,40.7,"btwn_25_50",26.1453,5.2,9.7,13.5,35.7,9.5,7.6,12.7,10.7,0.8127,0.4,0.5638,0.7408
"Rowan",507,3222,1,9.85,36.85,0,0,53.69,7.63,82.22,37.16,47.7,"btwn_25_50",46.4923,13.8,20.5,11.8,41.1,11.3,7.2,16.7,14.9,0.8219,0.8,0.8895,0.9583
"Rowan",508,2633,1,9.85,36.92,0,0,36.56,5.25,81.78,33.46,77.3,"greater_75",51.0065,17.4,21.5,12.5,47.8,12.2,6.8,16.3,17.8,0.8574,0.8,0.9331,0.9748
"Rowan",509.01,4706,0.67,9.75,34.27,0,0,16.4,3.56,9.17,42.11,10.9,"less_25",37.5,11.2,13.9,2.4,36.6,9.7,7.8,14,11.8,0.5903,0.4,0.5241,0.6296
"Rowan",509.03,5977,0.67,9.74,34.28,0,0,8.11,4.5,18.69,19.03,11.3,"less_25",28.6599,4.7,10.8,5.5,34.9,9.9,7.1,14.4,10.9,0.4077,0.2,0.3363,0.3206
"Rowan",509.04,2451,0.67,9.57,33.8,0,0.52,1.68,3.33,11.23,30.24,3.6,"less_25",51.4749,8.9,21.1,7.1,36.4,10.7,7.5,17,12.8,0.7581,1,0.6821,0.9417
"Rowan",510.01,7759,0.67,9.7,34.67,0,12.36,0,5.71,40.28,10.38,7.8,"less_25",34.0173,11.1,15.8,5.5,32.9,10,7,15.2,10,0.727,0,0.6227,0.55
"Rowan",510.02,5810,1,9.82,35.54,0,0,0,5.83,69.58,27.5,9,"less_25",34.4279,8.4,7.8,4.4,34,9.5,7.2,13.9,10.2,0.6407,0,0.476,0.4227
"Rowan",511.01,5905,1,9.84,35.85,0,0,0,4.46,1.1,13.29,1.8,"less_25",31.9221,11.1,13.9,3,34.6,10.1,7.1,15.2,10.7,0.4363,0,0.3737,0.2425
"Rowan",511.02,3452,1,9.89,38.91,0,0,0,5.33,63.51,28.34,14.3,"less_25",32.838,6.4,17.4,10.9,37.8,10.6,7.4,16.6,12.9,0.9801,0.8,0.646,0.9381
"Rowan",512.01,5942,1,9.92,39.2,0,0,0,4.61,29.27,20.51,39.3,"btwn_25_50",34.8653,9,19,5.8,32.1,9.1,5.6,13.8,9.1,0.9667,0,0.7614,0.7217
"Rowan",512.02,3445,1,9.9,35.87,0,0,0,4.75,34.78,18.72,37.2,"btwn_25_50",43.6284,13.5,16.9,5.7,37.7,10.4,7,15.7,13.1,0.8862,0.8,0.7608,0.9433
"Rowan",512.04,3687,1,9.9,41.42,0,0,0,7.08,52.04,20.61,42,"btwn_25_50",46.2298,15.9,15,3.9,32.8,9.6,6.8,13.9,10.4,0.977,0,0.8372,0.7549
"Rowan",513.01,2199,1,9.85,34.95,0,0,27.84,4.5,59.14,25.69,28.1,"btwn_25_50",28.422,6.7,13.2,3.9,36.7,9.7,7.4,13.7,11,0.5801,0.2,0.567,0.5487
"Rowan",513.02,4604,1,9.83,35.8,0,0,32.79,4.72,35.36,34.52,23.4,"less_25",31.212,13.6,8.7,7.9,39.9,9.7,8.3,13,13,0.4794,0.6,0.5382,0.6758
"Rowan",513.03,5850,1,9.87,36.44,0,0,0,5.23,98.51,33.42,46.7,"btwn_25_50",44.0775,15.9,11,7,41.3,10.3,8.2,13.9,13.6,0.8082,0.6,0.8517,0.8962
"Rowan",514,8273,1,9.94,37.63,0,0,38.73,8.13,72.84,2.84,30.5,"btwn_25_50",35.189,13,15.2,6.2,35.7,10,7.4,14.9,11.4,0.495,0.2,0.7577,0.6004
"Rowan",515.01,3951,1,9.99,37.1,0,0,96.11,11.39,61.89,0.06,46.5,"btwn_25_50",48.1576,19.3,23.8,9.2,35.7,10.6,6.8,16.8,12.4,0.4899,0.8,0.9277,0.8847
"Rowan",515.02,3440,1,10.01,36.34,0,0,7.96,5.83,0,25.71,9.3,"less_25",46.6745,10.6,19,11.7,38.1,10.4,7.9,16.2,13.1,0.3574,1,0.7396,0.8507
"Rowan",516,6784,1,9.97,36.72,0,0,62.19,8.43,51.71,8.61,36.6,"btwn_25_50",34.6403,14.2,14.3,10.1,36.8,10.2,7.4,15,12.2,0.4941,0.2,0.7575,0.5998
"Rowan",517,8022,1,9.95,37,0,0,22.65,7.6,56.13,14.37,13.1,"less_25",36.9448,13.8,13.8,7.1,36.4,10.2,7,15.9,11.7,0.5343,0.4,0.6939,0.6802
"Rowan",518.01,4870,1,10,35.8,0,0,0,4.39,0,47.58,13.4,"less_25",38.6816,15.3,20.2,4.4,34.8,10.2,7,15.9,11.3,0.2967,0.2,0.647,0.4377
"Rowan",518.02,4625,1,9.96,35.54,0,0,0,4.75,0,6.94,14.2,"less_25",26.3067,13.1,12.9,2,32.7,9.4,7,13.9,9.8,0.1895,0,0.4924,0.1748
"Rowan",519.01,4505,1,9.9,34.61,0,0,0,4.75,14.63,2.13,21.9,"less_25",29.6733,7.7,14.5,6.9,36.6,9.9,7.2,15,11.6,0.6316,0.2,0.5346,0.5581
"Rowan",519.02,6131,0.33,9.74,33.34,0,0,0,4,13.41,22.9,23.1,"less_25",32.246,12.5,10,7.9,36.4,9.9,6.9,14.1,11.3,0.5815,0.2,0.5493,0.5404
"Rowan",520,2371,1,9.88,38.5,0,0,92.65,10.67,100,33.77,53.6,"btwn_50_75",44.2369,14,14,12.2,39.6,10.7,5.9,15.6,12.8,0.9112,0.8,0.8703,0.9735
"Rutherford",9601,7420,0,9.05,31.78,0,0,24.63,4.25,14.29,5.51,9.6,"less_25",47.4266,8.3,15.9,4.7,38,10.2,8.1,15.6,13.3,0.2322,0.8,0.666,0.7096
"Rutherford",9602,7052,0,8.73,29.86,0,0,0,4.29,28.58,9.46,10.5,"less_25",36.0011,11.6,16,5,38.7,10.2,8.1,14.8,13.5,0.3359,0.6,0.5469,0.6147
"Rutherford",9603,2772,0,8.45,26.49,0,0,0,6.29,32.12,2.45,7.5,"less_25",30.0145,8.4,7.2,8.6,40.7,8.8,10.3,10.6,13.1,0.0331,0.6,0.3934,0.3704
"Rutherford",9604,3685,0,9.12,35.09,0,0,0,5.08,53.49,15.87,9.9,"less_25",31.1269,5,11.3,5,36.1,9.6,7.9,13.7,11.6,0.4192,0.4,0.4663,0.5164
"Rutherford",9605,7282,0,9.04,34.07,0,0,0,7.38,73.89,17.89,13.3,"less_25",39.5821,10.9,12.6,9.3,36.1,9.9,8.5,14,12.7,0.5217,0.6,0.87,0.8183
"Rutherford",9606,3821,0,9.15,35.18,0,0,0,8.22,56.11,25.4,34.6,"btwn_25_50",49.6774,16.8,22.3,10,40,10.7,7.1,16.2,14.4,0.4915,0.8,0.923,0.8838
"Rutherford",9607,4027,0,9.27,35.75,0,0,29.39,6.1,2.67,4.75,27.6,"btwn_25_50",42.5612,7.1,11.6,3.3,37,10.2,7.7,14.7,13.3,0.4745,0.6,0.7631,0.7632
"Rutherford",9608,4649,0,9.32,36.72,0,0,1.49,8.67,91.86,0,39.2,"btwn_25_50",59.7366,18.7,15.2,18.4,43.4,11.9,7.5,18.4,17.1,0.7064,1,0.9792,0.9899
"Rutherford",9609,5725,0.33,9.37,36.76,0,0,0,7.29,48.96,0,21.4,"less_25",53.718,16.1,20.2,5.8,38.5,10.6,7.9,16.2,14.1,0.4733,1,0.9392,0.9349
"Rutherford",9610,6521,0,9.38,34.67,0,0,0,4.23,14.46,13.39,11.8,"less_25",44.302,12.2,14.7,7.7,37.1,10.6,7.5,16.8,13.3,0.4709,1,0.7634,0.8894
"Rutherford",9611.01,5768,0.33,9.5,35.64,0,0,15.26,5.79,25.06,0,17.1,"less_25",38.3174,12.2,21.9,3.4,37.2,10.8,7.2,17.4,13.7,0.5293,0.8,0.6737,0.822
"Rutherford",9611.02,3248,0.33,9.55,36.08,0,0,0,3.75,34.47,0,17.2,"less_25",47.1473,9.5,17.2,10.3,37.6,10.5,7.4,17,13.4,0.6141,0.8,0.7596,0.8726
"Rutherford",9612,4629,0.33,9.38,35.8,0,0,0,4.28,26.84,0.02,7.2,"less_25",35.3111,11,21.7,6.6,36.6,10.3,8.1,15.8,13.2,0.3644,0.8,0.6767,0.7642
"Sampson",9701,7110,0,9.13,29.28,0,0,0.85,3.67,33.05,3.9,62,"btwn_50_75",59.6904,16.2,18.7,14.2,39.5,10.9,6.5,16.9,15.9,0.3156,0.8,0.9832,0.8512
"Sampson",9702,6796,0,9.28,30.49,0,0,2.82,4.5,48.07,0.84,39.7,"btwn_25_50",45.6928,13.9,18.6,9.6,35.5,10.3,7.1,15.6,13.7,0.2105,0.6,0.9266,0.7254
"Sampson",9703.01,6071,0,9.41,31.11,0,0,0.95,4.33,40.26,0,27.1,"btwn_25_50",35.472,16.7,13.3,3.6,32.8,10.2,6.4,15.9,12.3,0.0765,0.4,0.7485,0.4831
"Sampson",9703.02,5350,0,9.27,30.93,0,0,0,3.67,16.55,0,34.1,"btwn_25_50",32.8037,15.8,18.1,5.4,35.8,10.5,6.8,16.2,13.7,0.0701,0.8,0.7685,0.6844
"Sampson",9704,4570,0,9.06,31.42,0,0,0,5.67,38.75,0,28.6,"btwn_25_50",32.1773,10.8,17.2,2.7,39.4,10.7,7.5,16,14.8,0.1284,1,0.6944,0.7581
"Sampson",9705,5949,0,9.12,31.08,0,0,0,4.75,18.06,0,43.7,"btwn_25_50",41.1844,17.3,19.5,2.4,41.7,11.5,6.9,17.7,16.9,0.2078,0.8,0.8504,0.7706
"Sampson",9706,4681,0,9.11,31.52,0,0,0,8.21,86.99,0,56,"btwn_50_75",53.0498,9.9,19.1,9.2,42,10.9,7.3,15.7,16.7,0.4259,0.8,0.988,0.8837
"Sampson",9707,7316,0,9.08,30.92,0,0,0,8.47,45.83,0,48.2,"btwn_25_50",44.3199,17.7,25.2,8.1,41.4,11.4,7.3,16.7,16.8,0.355,0.8,0.984,0.8623
"Sampson",9708,6944,0,8.92,30.44,0,0,0,6.33,48.3,0,68.9,"btwn_50_75",51.9436,25.2,31.5,5.4,41.9,11.5,7.4,17.3,17.8,0.4815,0.8,0.9908,0.8996
"Sampson",9709,3538,0,8.72,29.93,0,0,0,3.17,10.17,0,57.3,"btwn_50_75",67.3678,7.9,18.8,8.3,44.5,12.4,7.2,19.3,21.1,0.0808,0.8,0.9527,0.7617
"Sampson",9710,5060,0,8.46,29.15,0,0,2.32,4.13,23.07,0,71.7,"btwn_50_75",43.6991,14,24.2,7.5,42.2,11.3,6.7,16.6,17.5,0.0361,0.8,0.948,0.7436
"Scotland",101.01,3410,0,9.03,34.52,0,0,0,6.75,84.24,0,39.2,"btwn_25_50",28.5415,8.8,10,5.7,38.1,9.7,8.8,12.7,12.6,0.1254,0.6,0.7541,0.6132
"Scotland",101.02,4861,0,9.04,36.05,0,0,5.14,9.08,61.31,0,48.4,"btwn_25_50",51.8409,10.7,12.9,12.9,42.4,11.4,8.1,16,16.6,0.2123,1,0.9745,0.8762
"Scotland",102,4123,0,9.04,35.8,0,0,37.46,6.42,87.63,0,81.1,"greater_75",69.8835,11.5,24,17.7,48,13.7,6.2,20.3,21.2,0.5449,0.8,0.9931,0.9168
"Scotland",103,4575,0,9.06,36.18,0,0,3.29,6.97,97.2,0,69,"btwn_50_75",71.425,11.8,22.4,18.2,42.3,13.1,6.4,20.6,18.5,0.58,0.8,0.98,0.9222
"Scotland",104,4495,0,9.07,35.29,0,0,1.76,5,33.76,0,59.6,"btwn_50_75",42.976,16.6,28.3,7.1,39.3,11.3,5.8,17.7,14.8,0.601,0.8,0.8808,0.9023
"Scotland",105,7028,0,9,34.23,0,0,11.76,4.17,26.73,0.89,42.2,"btwn_25_50",52.3762,11.6,23.3,13.6,40.1,11.9,6.7,18.3,15.8,0.2402,0.8,0.7905,0.7608
"Scotland",106,6584,0,8.99,34.03,0,0,56.46,4.13,30.59,0,62.3,"btwn_50_75",38.3432,10.7,16.4,8.6,41.2,11.6,6.6,16.7,15.6,0.1476,0.8,0.728,0.7
"Stanly",9301.01,4744,0.67,9.51,35.34,0,0,11.59,5.83,37.48,5.63,15,"less_25",23.9769,8.2,10.7,7.6,31.2,9.5,6.6,14.8,9.3,0.5493,0,0.6144,0.4495
"Stanly",9301.02,3856,0,9.38,38.24,3.3,0,21.62,4,25.61,45.56,16,"less_25",36.1082,12.9,16.8,4.6,36.8,10.1,7.2,15.2,12.3,0.9133,0.4,0.5315,0.7656
"Stanly",9302,4458,0,9.23,36.42,6.27,0,58.82,5.33,0,61.82,25.7,"btwn_25_50",29.2429,6.3,17,4.9,36.5,9.3,7,14,12.2,0.6594,0.2,0.653,0.6287
"Stanly",9303,4222,0,9.36,45.86,0,0,54.48,7.78,59.91,16.41,26.4,"btwn_25_50",34.5881,17.4,14.3,8.5,37.2,9.4,8.7,13.4,11.9,0.8058,0.4,0.7351,0.8007
"Stanly",9305,3357,0,9.43,42.37,0,0,13.3,6.72,18.94,0,27.3,"btwn_25_50",48.1608,13.8,18.5,8.7,37.7,10.6,7.9,17.1,13.9,0.3431,1,0.9289,0.8995
"Stanly",9307,5065,0.33,9.49,36.11,0,0,0,4.06,0,18.07,8.1,"less_25",33.8796,10.3,12.8,2.4,33.7,10.1,7.2,16,11.4,0.3067,0.2,0.5129,0.3667
"Stanly",9308.01,4664,0.33,9.57,35.4,0,0,0,7.33,0,19.49,6.6,"less_25",30.7924,8.5,17.6,3.1,34,9.6,7.5,14.5,10.8,0.2782,0.2,0.4155,0.2904
"Stanly",9308.02,4735,0.33,9.58,35.2,0,0,0,5.17,0,23.94,12.8,"less_25",19.8431,10,17.2,5.3,32.3,9.5,7,14.6,9.8,0.3679,0,0.4149,0.2272
"Stanly",9309,5915,0,9.44,35.02,0,0,0,5.46,0,23.56,10.2,"less_25",27.1169,12.3,13.8,1.7,34.9,9.7,7.3,15.2,11.4,0.2941,0.2,0.4076,0.2949
"Stanly",9310,5922,0,9.27,36.94,0,0,8.49,4.33,16.22,31.34,16.4,"less_25",25.8556,14.9,10.9,5.2,36.9,9.7,8,14.4,11.7,0.5182,0.4,0.5631,0.614
"Stanly",9311,5656,0,9.13,36.59,0,0,0,5.6,36.6,32.67,28.1,"btwn_25_50",36.6873,12.2,13.7,13.2,37.7,9.8,7.8,14.5,13,0.4536,0.6,0.6897,0.7282
"Stanly",9312.01,5821,0,9.34,44.98,0,0,99.93,9.1,66.74,0.35,41.4,"btwn_25_50",49.8953,10,14.7,5.8,40,11.2,7.1,16.7,14.7,0.6093,0.8,0.8503,0.8962
"Stanly",9312.02,3173,0,9.42,40.28,0,0,20.52,7.56,15.32,4.89,13.1,"less_25",44.8928,6.8,16.2,4.2,34.3,10.1,7.5,16.1,12,0.4892,0.4,0.6704,0.6493
"Stokes",701,6039,0,8.59,29.16,0,0,0.92,2.87,7.99,4.14,12.2,"less_25",38.6032,10.5,16.4,5.3,35.7,9.9,7.2,15.5,11.8,0.1184,0.4,0.5805,0.4129
"Stokes",702,3273,0,8.42,27.62,0,0,41.27,4.39,0,6.62,4,"less_25",26.0127,9.5,19.7,8.3,35.4,9.8,7.9,14.9,11.7,0.0169,0.4,0.702,0.4239
"Stokes",703,4359,0,8.31,27.25,0,0,1.51,3.67,0,8.91,5.7,"less_25",40.0876,12.7,10.3,11.4,38.8,9.9,7.9,15.2,13.4,0.0496,0.6,0.6259,0.5113
"Stokes",704,5706,0,8.57,29.79,0,0,11.82,4.06,13.51,0.61,8.7,"less_25",31.6058,8.6,24.1,6.4,36.2,10.2,7.3,16,12.2,0.1471,0.4,0.6941,0.4928
"Stokes",705.01,6374,0,8.73,31.7,0,0,39.57,7.04,62.62,3,4.9,"less_25",34.7379,12.2,16.5,5.6,38,10.1,8.6,15.3,13.3,0.203,0.6,0.7234,0.6349
"Stokes",705.03,6063,0,8.7,31.01,0,0,26.41,6.21,3.25,3.43,9.7,"less_25",19.45,11.2,11.8,5.1,33.1,9.5,7.5,13.9,10.4,0.1453,0.2,0.414,0.2151
"Stokes",705.04,3430,0,8.7,30.78,0,0,0,3.83,0,0.03,3,"less_25",33.4985,11,14.8,4.7,33.3,10.1,6.7,16.2,11.2,0.0727,0.2,0.4686,0.2049
"Stokes",706,5193,0,8.71,30.38,0,0,9.1,3.39,0,0.79,5.8,"less_25",30.079,11.5,12.9,3.4,35,9.7,7.6,14.7,11.6,0.0564,0.4,0.3715,0.2528
"Stokes",707,5344,0,8.89,31.08,0,0,25.69,5.92,28.82,16.95,21.9,"less_25",43.1814,13.3,19.3,6,41.8,10.7,8.1,16.2,15.6,0.5917,1,0.8405,0.9397
"Surry",9301.01,1904,0,8.23,26.45,0,0,0,3.75,0,6.11,21.1,"less_25",39.916,16.5,26.6,2.6,38.6,11.3,7.2,18.3,13.9,0.0301,0.8,0.5781,0.5791
"Surry",9301.02,4559,0,8.39,27.92,0,0,0,4.22,30.63,1.26,12.9,"less_25",41.3907,13.6,22.6,4.1,36.8,10.5,7.3,16.3,12.4,0.2615,0.8,0.6812,0.7279
"Surry",9302.01,3178,0,8.22,27.57,0,0,6.99,4.17,0,7.53,14.1,"less_25",43.6352,13,23.4,3.6,41,11.1,7.5,17.6,14.3,0.1065,1,0.684,0.7458
"Surry",9302.02,3246,0,8.35,28.59,0,0,0.88,5.72,73.01,2.85,17.6,"less_25",50.0308,10.3,26.5,3.8,40.5,10.7,8.3,16.6,14.3,0.5893,1,0.7364,0.9139
"Surry",9303.01,2110,0,8.21,27.45,0,0,1.01,5.83,15.44,23.47,34.7,"btwn_25_50",31.09,10.7,12.7,6.5,42.6,9.6,9.5,12.3,12.9,0.2502,0.6,0.6448,0.6207
"Surry",9303.02,3597,0,8.27,28.67,0,0,73.68,9.78,45.97,12.9,20.1,"less_25",40.2837,13.5,15,4.9,39.2,10.5,8.7,15.2,13.8,0.2374,0.8,0.8385,0.7774
"Surry",9304,2535,0,8.32,28.83,0,0,62.83,9.08,85.09,11.53,16.5,"less_25",60.5946,9.9,20.1,9.6,42.9,11.5,8.9,17.7,16.6,0.5313,1,0.9739,0.9571
"Surry",9305.01,2703,0,8.21,27.51,0,0,0,5.25,68.57,14.62,15,"less_25",38.8087,7,15.3,5.6,36,9.8,7.9,14.3,11,0.3475,0.4,0.5536,0.5248
"Surry",9305.02,3433,0,8.3,28.84,0,0,1.79,8.42,65.19,13.4,12,"less_25",50.5597,11.7,20.3,8.7,43.5,10.8,8.9,16.2,16.1,0.427,1,0.9414,0.9242
"Surry",9306,3134,0,8.38,28.94,0,0,0,6.89,81.8,1.63,12.9,"less_25",41.7996,8.2,13.9,2.9,37.5,9.7,8.1,14.1,11.7,0.4799,0.4,0.671,0.6459
"Surry",9307,4047,0,8.25,28.24,0,0,0,4.63,42.69,4.96,13.2,"less_25",36.9904,11.5,19.3,0,36.5,10.4,7.5,15.9,12,0.2632,0.8,0.427,0.618
"Surry",9308.01,5038,0,8.14,25.38,0,0,7.95,3.38,10.89,3.8,2.8,"less_25",40.6044,13.8,31.4,0.6,39.1,11.1,7.3,17.6,13.1,0.0223,0.8,0.6735,0.6212
"Surry",9308.02,3021,0,8.3,26.62,0,0,24.3,3.11,27.37,0,12.5,"less_25",44.0053,11.6,23.1,10.1,40,10.4,8,16,13.4,0.0281,1,0.8718,0.7861
"Surry",9309.01,4217,0,8.63,28.95,0,0,0,8.38,58.32,0.97,21.3,"less_25",35.3588,13.9,20.7,2.9,41.5,9.8,9.3,14.1,13.4,0.4666,0.6,0.8715,0.7995
"Surry",9309.02,1675,0,8.61,29.07,0,0,0,6.33,57.36,0,18.5,"less_25",19.1045,10.6,13.8,2.3,37.1,9.4,8.6,12.7,11.4,0.6416,0.4,0.438,0.6132
"Surry",9310.01,2449,0,8.44,28.02,0,0,0,2.92,34.67,2.21,18.3,"less_25",43.7321,17.5,18.1,3.4,36.1,10,6.9,15.7,11.1,0.2263,0.4,0.6812,0.5286
"Surry",9310.02,5025,0,8.43,27.84,0,0,0,7.42,47.88,1.3,23.4,"less_25",40.1044,8.3,17.4,3.7,36.3,9.8,6.9,15.1,11.7,0.2335,0.2,0.8501,0.5155
"Surry",9310.03,3323,0,8.59,28.4,0,0,0,3.75,49.64,0.37,34.8,"btwn_25_50",51.9144,20,25.2,2.4,39.9,10.8,6.8,17.7,14.5,0.4097,0.8,0.7892,0.8208
"Surry",9311.01,2909,0,8.47,28.16,0,0,0,3.58,6.24,1.07,17.3,"less_25",46.5559,19,28.1,4.4,38.5,10.6,7.3,16.5,12.7,0.1378,0.8,0.7257,0.6949
"Surry",9311.02,3989,0,8.61,28.12,0,0,0.01,3.5,0.12,1.6,14.9,"less_25",39.0574,12.7,15.5,1.8,37.7,10.1,7.6,15.4,12,0.0755,0.4,0.7332,0.4742
"Surry",9311.03,1859,0,8.66,29.13,0,0,63.71,3.5,4.33,4.85,2.1,"less_25",43.7332,8.5,18.7,9.7,36.3,10,7.6,14.7,11.5,0.0579,0.4,0.7458,0.4712
"Surry",9312,4020,0,8.52,29.26,0,0,46.46,7.83,44.09,3.35,8.2,"less_25",29.1791,6.8,15.5,4.2,38.5,10,8.2,14.3,12,0.1435,0.4,0.5575,0.4141
"Swain",9401,4870,0.33,7.82,21.69,0,0,65.09,4.94,39.43,0,76.6,"greater_75",47.1793,31.4,19,7,36.9,13.2,6.7,19.9,15.7,0.0294,0.8,0.9178,0.7297
"Swain",9602,3076,0.33,8.01,23.45,0,0,97.26,7.28,40.72,10.88,17.2,"less_25",41.0691,18,20.8,7.2,40.2,10.6,8.3,16.4,13.5,0.0793,1,0.8179,0.7851
"Swain",9603.01,2989,0.33,8.11,23.52,0,0,100,6.56,41.74,3.93,14.2,"less_25",47.9889,13.4,23.3,6.8,39.1,10.5,8.6,16,14.1,0.0894,1,0.8309,0.7934
"Swain",9603.02,3325,0.33,8.05,23.82,0,0,100,3.83,18.09,4.41,23.4,"less_25",52.4211,17.5,18,6.8,40.6,10.7,8.5,16.4,14.3,0.0673,1,0.7846,0.7682
"Swain",9802,0,0.33,7.95,NA,0,0,100,4.67,6.78,0.93,0,"less_25",0,NA,NA,NA,NA,NA,NA,NA,NA,NA,NA,NA,NA
"Transylvania",9601,4869,0.33,7.88,23.91,0,0,85.72,5.06,33.39,6.04,8.8,"less_25",37.4175,11.9,12.4,5.2,38.3,10.2,8.2,15.1,13.2,0.1856,0.6,0.6212,0.5784
"Transylvania",9602,4687,0.33,7.76,24.33,0,0,100,8.72,36.2,7.56,23.6,"less_25",51.914,16.3,12,11.8,40.6,10.1,9,14.3,14.3,0.1543,0.6,0.8209,0.6565
"Transylvania",9603,7921,0.33,7.85,25.06,0,0,68.91,7.71,83.39,3.31,9.3,"less_25",33.0617,10.5,11.9,5.9,39.2,9.4,10,13.2,12.5,0.3718,0.6,0.7282,0.7105
"Transylvania",9604.01,4422,0.33,7.98,25.25,0,0,18.6,4.75,14.86,1.74,8,"less_25",20.4086,8.7,5,2.7,39.8,8.8,10.2,11.3,12,0.1022,0.4,0.2139,0.192
"Transylvania",9604.02,4686,0.33,7.99,24.66,5.09,0,35.9,4.56,30.61,1.56,2.8,"less_25",30.3318,6.5,7.3,2.3,44.4,8.8,11.7,10.6,13.9,0.1891,0.6,0.3922,0.4588
"Transylvania",9605,4658,0.33,7.69,22.93,0,0,90.55,4.96,25.01,5.89,7.2,"less_25",40.0129,20.2,16.6,5.5,38.4,10,8.3,15.3,12.9,0.0735,0.6,0.6379,0.5303
"Transylvania",9606,2532,0.33,7.7,22.95,0,0,100,6.33,24.87,1.7,6,"less_25",49.4052,28.8,12.6,9.1,38.4,9.1,8.6,13,11.8,0.0072,0.4,0.5928,0.3549
"Tyrrell",9601,4095,0,7.13,23.23,0,0,79.78,4.1,9.97,20.41,46.9,"btwn_25_50",46.6206,13.3,26,5.2,43.2,10.7,6.9,16.4,16.2,0.0516,0.8,0.9129,0.7367
"Union",201,6771,0.33,9.41,34.94,0,0,0,3.11,0,9.95,6.7,"less_25",25.4981,9.2,9.4,7.3,31.2,9.6,6.9,14.1,10.1,0.147,0,0.3813,0.1048
"Union",202.02,7505,0.33,9.71,36.4,0,0,0,4.46,45.44,44.07,7.9,"less_25",28.5215,7.9,11.8,4,31.9,9.6,6.9,14.3,10.2,0.3267,0,0.3608,0.1776
"Union",202.03,4137,0.33,9.82,36.01,0,12.43,0,4.5,28.19,58.23,17,"less_25",17.839,1.7,7.9,8.6,30.4,8.7,6.9,11.5,9,0.5365,0,0.204,0.2045
"Union",202.04,4202,0.33,9.68,35.25,0,1.32,0,3.89,24.84,50.92,1.2,"less_25",26.8206,7.4,9.8,2.4,32.5,9.7,7.3,14.6,10.8,0.5309,0,0.2735,0.2397
"Union",203.05,6935,0.33,9.84,37.43,0,11.62,0,6.17,41.28,60.14,16.7,"less_25",13.9983,5.3,4.4,3.1,26.5,8.7,6,11.9,7.6,0.5352,0,0.1274,0.1651
"Union",203.06,7833,0.33,9.83,37.84,0,0,0,6.5,100,56.3,33.6,"btwn_25_50",34.9832,11.8,11,4.7,29.2,9.6,5.1,14.8,9.4,0.8816,0,0.5644,0.5972
"Union",203.07,6816,0.33,9.8,37.56,1.05,0,0,5.33,34.17,17.71,29,"btwn_25_50",16.784,5.6,8.4,3,27,9.2,5.5,13.4,8.6,0.9519,0,0.1241,0.3997
"Union",203.08,5843,0.33,9.72,36.79,0,0,0,3.72,0,0.73,29.7,"btwn_25_50",15.9247,7.4,9.1,4.8,27.7,9.2,5.6,13.5,8.3,0.5445,0,0.2939,0.2589
"Union",203.09,2163,0.33,9.89,36.93,0,53.71,0,8.5,43.68,63.62,14.6,"less_25",8.4801,3.8,1.9,3.3,29.5,8.7,7,11.2,8.4,0.5137,0,0.0078,0.1021
"Union",203.1,6142,0.67,9.9,37.39,0,10.27,0,7.11,47.13,62.31,17.6,"less_25",8.617,8.8,2.8,1.9,27.4,8.6,6,11.2,7.7,0.5792,0,0.0344,0.1416
"Union",203.11,8036,0.67,9.92,38.35,0,40.5,0.02,8.89,97.92,58.78,28.6,"btwn_25_50",18.8572,8.4,12.2,3.8,29.6,9.1,6.8,12.7,9,0.844,0,0.3893,0.488
"Union",203.12,4578,0.67,9.92,38.83,13.7,48.41,37.1,11.25,100,58.78,37.1,"btwn_25_50",34.1275,12.7,14.4,5.8,29.9,9.8,5.7,15,9.8,0.9753,0,0.6008,0.6569
"Union",203.13,2159,0.67,9.94,39.78,12.72,43.56,100,6.83,55.18,56.98,20.7,"less_25",21.153,17.4,15.6,3.4,31.7,9.7,6.9,14.1,10.2,0.9751,0,0.4626,0.593
"Union",203.14,4936,0.67,9.98,38.63,0,0,71.21,8.58,0,1.5,27,"btwn_25_50",17.4028,4.7,3.5,1.2,29.2,8.8,6.5,11.7,8.6,0.2363,0,0.1169,0.0466
"Union",203.15,4953,0.67,9.93,38.09,0,0,12.12,6.75,0,0.43,7.9,"less_25",11.811,2.8,5.1,3.7,27.7,8.5,6.6,10.9,7.9,0.266,0,0.0813,0.0452
"Union",203.16,4715,0.67,9.88,37.9,37.45,11.56,32.02,6.67,10.52,7.32,24.8,"less_25",18.3482,7.4,6.1,5.4,27.5,9,6.2,12.5,8.5,0.9139,0,0.248,0.4485
"Union",203.17,6654,0.33,9.85,37.71,28.12,0,0,7.5,10.91,9.72,32.8,"btwn_25_50",8.5177,3.8,6.5,1.5,25.6,8.7,5.3,11.8,7.6,0.7587,0,0.0871,0.2626
"Union",204.01,5769,0.33,9.68,37.81,0,0,0.4,7.75,99.36,36.68,29.3,"btwn_25_50",25.2543,4.7,6.8,4.1,32.5,9,7.3,12.5,10.2,0.7181,0,0.5074,0.4834
"Union",204.03,4705,0.33,9.68,37.12,0,0,18.54,4.67,16.16,1.7,33.4,"btwn_25_50",32.2747,14.5,13,4.5,31.9,9.7,6.2,14.5,10.6,0.6318,0,0.6279,0.5031
"Union",204.04,7071,0.33,9.67,37.9,0,0,50.15,10.46,94.74,22.33,74.5,"btwn_50_75",62.3209,27.1,32.6,13.5,34.4,11,5,18.1,13.9,0.7699,0.6,0.9754,0.9187
"Union",205.01,5517,0.33,9.59,35.93,0,0,33.25,8.94,4.6,14.94,56.4,"btwn_50_75",36.6063,13.8,18,6.3,36,10.5,5.9,16.1,13.3,0.3682,0.8,0.7002,0.7743
"Union",205.02,3789,0.33,9.52,35.36,0,0,2.55,7,0,27.17,49.3,"btwn_25_50",36.6374,22.3,15.8,11.6,33.5,9.5,6.7,13.3,11.3,0.2929,0,0.7371,0.3722
"Union",206.01,4926,0.33,9.54,36.41,0,0,0,5.39,74.6,24.2,65,"btwn_50_75",44.5643,26.1,29.4,8.5,35.9,11.1,5.5,18.1,14.9,0.7645,0.8,0.9326,0.9555
"Union",206.02,4996,0.33,9.47,36.46,0,0,0.23,7.25,43.83,27.12,56.8,"btwn_50_75",53.1928,24.4,30.8,9.2,40.7,10.8,7.8,16.2,16.4,0.4587,1,0.9703,0.9389
"Union",207.01,5730,0.33,9.49,35.21,0,0,0,6.5,51.07,3.58,53,"btwn_50_75",46.0748,8.4,17.1,6.1,28.2,11,4.3,17.6,9.8,0.5386,0.4,0.6924,0.6813
"Union",207.02,4214,0.33,9.34,34.2,0,0,0,4.25,35.54,21.83,37.9,"btwn_25_50",36.1076,14.3,21.6,2.7,37.2,10.6,6.6,16.2,13.5,0.3792,0.8,0.7701,0.8035
"Union",208,5558,0.33,9.28,35.09,0,0,0,4.77,24.27,27.95,41,"btwn_25_50",40.7586,17.8,15.6,5.3,37.4,10.3,7.4,14.8,13.3,0.6432,0.4,0.7942,0.7632
"Union",209.01,5431,0,9.2,33.25,0,0,0,3.5,18.37,23.69,19.4,"less_25",42.0769,14.1,20.6,4.9,33.2,10.1,7,15.4,11.6,0.1331,0,0.6391,0.222
"Union",209.02,7006,0,9.35,34.45,0,0,0,3,0,7.45,17.7,"less_25",31.1482,11.1,14.9,8.1,32.5,9.6,7,14.1,10.4,0.094,0,0.5786,0.1702
"Union",210.04,6893,0,9.68,37.08,0,0,0,3.67,0,0,18.9,"less_25",8.2886,3.8,5.2,3.8,26.6,8.7,5.9,11.6,7.6,0.1482,0,0.0559,0.016
"Union",210.05,4739,0,9.55,35.17,0,0,0,4.56,0,10.1,15.5,"less_25",25.1166,9.4,13.3,5.6,33.2,9.6,6.9,13.7,10.6,0.161,0,0.4086,0.1223
"Union",210.06,5832,0.67,9.94,38.32,0,0,0,7.58,0,39.17,15.6,"less_25",6.4472,3.1,2.5,1.3,24.6,8.2,5.8,9.9,6.5,0.1973,0,0.021,0.0182
"Union",210.07,6711,0.67,9.91,38.37,0,0,0,7.58,1.01,39,30.8,"btwn_25_50",8.7915,3.6,2.9,3,24.2,7.9,5.6,9.3,6.7,0.2249,0,0.0185,0.0227
"Union",210.08,10069,0.33,9.81,37.94,0,0,0,7.28,0,21.52,32.4,"btwn_25_50",7.2996,1.4,3.1,1.6,24.3,8,5.7,9.5,6.5,0.137,0,0.0107,0.0088
"Union",210.09,3963,0.33,9.8,37.81,0,0,0,8.67,0,0.2,37.5,"btwn_25_50",4.2392,3,2.7,2.5,24.5,8.2,5.4,10.1,6.6,0.0962,0,0.0086,0.005
"Union",210.1,8125,0.33,9.9,38.38,0,0,10.8,7.11,0.79,5.84,14.5,"less_25",7.3723,1.8,4.7,2.2,29,8.2,7.2,9.8,8.1,0.1401,0,0.0383,0.0128
"Union",210.11,6862,0.33,9.8,37.76,0,0,0,7.61,0,0,20.6,"less_25",6.0332,8.7,3,2.6,25.6,8.3,5.9,10.3,6.9,0.0972,0,0.0681,0.0112
"Union",210.12,5313,0,9.72,37.28,0,0,0,5.75,0,0.04,8.8,"less_25",9.5803,5.1,3.2,4.9,26.1,8.4,6.1,10.5,7,0.1317,0,0.0569,0.0139
"Union",210.13,5849,0.33,9.69,36.93,0,0,0,8,0,7.26,22.6,"less_25",9.5719,4.2,2.9,2.6,26.8,8.8,5.6,11.7,7.5,0.1935,0,0.118,0.0364
"Union",210.14,2664,0,9.61,36.69,0,0,0,6.17,0.07,5.48,18.4,"less_25",32.9394,7,11.8,4.7,32.4,9.8,6.8,14.1,10.5,0.2162,0,0.5726,0.231
"Union",210.15,4943,0,9.5,35.16,0,0,6.47,3.67,8.47,1.86,15.7,"less_25",19.4267,12.7,6,2.7,34.3,9,8.2,12,10.6,0.2255,0.2,0.2388,0.166
"Vance",9601,4051,0,8.9,32.19,0,0,14.73,5.33,29.28,5.93,53.2,"btwn_50_75",47.0995,8.2,13.2,8,42.6,10.9,7.3,15,16.1,0.177,0.6,0.8787,0.6919
"Vance",9602,4015,0,8.87,31.48,0,0,3.78,2.5,0,14.11,55.6,"btwn_50_75",39.7439,5.3,18.4,10.7,43.4,11.5,7,15.9,17.2,0.0441,0.8,0.7516,0.666
"Vance",9603,5127,0,9.11,33.27,0,0,0.23,7,28.3,8.6,36.7,"btwn_25_50",40.628,7.1,17.4,9.4,38.6,10.9,7.1,15.4,14.6,0.341,0.6,0.8165,0.7338
"Vance",9604,4240,0,9.14,33.6,0,0,0,6.11,45.72,0,52,"btwn_50_75",31.7191,11.6,10.7,4.2,44,10.1,9.5,12.9,14.7,0.3082,0.6,0.7192,0.6799
"Vance",9605,4379,0,9.1,33.77,0,0,0,11.03,96.86,12.36,78.4,"greater_75",48.1436,11.9,23.4,3.3,51.6,12.8,7.7,18,21.3,0.4108,1,0.9539,0.9234
"Vance",9606,1545,0,9.06,33.84,0,0,0,9.17,100,3.35,86.7,"greater_75",63.9844,14.7,36.3,10.6,42.1,12.8,5.8,19.4,17.2,0.4918,0.8,0.9715,0.8971
"Vance",9607,4206,0,9.09,33.59,0,0,0,7.43,100,0.02,92.6,"greater_75",73.8469,8.1,29.2,20.5,51.3,14.2,5.9,20.7,22.8,0.5816,0.8,0.9747,0.9213
"Vance",9608,2338,0,9.13,33.32,0,0,0,5.83,70.09,0,81.8,"greater_75",74.0198,20.2,27.2,19.6,45.2,12.5,6.1,19.4,19.3,0.714,0.8,0.9996,0.9588
"Vance",9609,8840,0,9.06,32.72,0,0,0,4.38,15.91,1.14,56.6,"btwn_50_75",48.8254,16.1,18.2,5.7,39.3,11.4,5.8,17.4,14.7,0.3561,0.8,0.8618,0.8265
"Vance",9610,5738,0,9.27,32.88,0,0,0,4.78,33.88,0,48.8,"btwn_25_50",44.0447,7.2,20.7,6.1,39.1,11.4,6,17.3,14,0.3998,0.8,0.8796,0.8453
"Wake",501,4251,0,10.15,38.8,17.81,0,100,18.67,100,44.52,36.1,"btwn_25_50",17.0393,6.3,7,1.5,30.6,8.6,4.8,12.2,8.7,0.6621,0,0.2066,0.2761
"Wake",503,3350,0,10.17,38.41,0,0,100,18.08,100,47.61,14.4,"less_25",23.3134,4.5,4.5,3.3,28.3,8.5,5.9,11.6,8.3,0.4724,0,0.1941,0.1672
"Wake",504,2045,0,10.17,38,0,0,100,17.92,100,47.74,26.4,"btwn_25_50",20.9247,2.8,2.9,2,24.6,9.5,5.1,12.7,6.8,0.5126,0,0.0482,0.1187
"Wake",505,3690,0,10.15,38.14,0,0,100,15,99.58,47.74,30.1,"btwn_25_50",29.6802,9.6,7.6,1.9,29.5,9.4,5.7,12.9,8.7,0.5776,0,0.3984,0.3406
"Wake",506,3645,0,10.14,38.15,0,0,100,15,54.33,46.15,62.7,"btwn_50_75",49.5156,9.2,8.3,8.6,32.9,11.8,3.9,17.6,11.3,0.4084,0.4,0.7031,0.6283
"Wake",507,3142,0,10.12,38.06,15.9,0,100,14.72,58.33,42.45,77.9,"greater_75",48.5814,13.5,14.5,11.8,45.3,11.3,6.1,14.4,17.1,0.5535,0.6,0.8653,0.8269
"Wake",508,4090,0,10.11,38.02,95.7,0,100,13.44,97.26,42.22,78.3,"greater_75",72.6252,20.4,27.7,13.7,37.9,13.8,4.1,22.9,15,0.7418,0.8,0.9542,0.9552
"Wake",509,3193,0,10.13,38.77,99.18,0,100,16.61,100,42.22,76.9,"greater_75",64.4573,17.4,25.1,10.5,35.6,13.1,3.5,20.4,13,0.7235,0.8,0.9421,0.9476
"Wake",510,2576,0,10.16,38.36,1.66,0,100,17.08,100,42.32,24.4,"less_25",28.6051,4.6,5,3.2,22,8.6,3.9,13.1,6.1,0.7315,0,0.3325,0.3926
"Wake",511.01,5363,0,10.19,37.96,12.43,0,100,14.61,90.95,42.22,30,"btwn_25_50",62.3213,4.9,16.7,5.7,15.6,11.1,1.5,22.3,4.3,0.6774,0.4,0.5258,0.6694
"Wake",511.02,4977,0,10.17,37.7,21.26,0,100,14.11,45.83,42.22,27.2,"btwn_25_50",79.1045,1.5,33.1,2.8,15.4,11.4,1.3,24.3,4.8,0.6928,0.4,0.614,0.7131
"Wake",512,4805,0,10.18,38.33,0,0,100,18.06,100,46.66,13.3,"less_25",25.9644,5.9,2.9,0.8,19.9,8.4,4.4,12.3,5.1,0.5007,0,0.2253,0.1972
"Wake",514,4937,0,10.2,37.84,0,0,100,14.53,100,46.56,14,"less_25",31.5596,3.7,3.4,8.7,21.7,8.8,4.6,13.3,5.6,0.4815,0,0.2329,0.1911
"Wake",515.01,3498,0,10.21,38.48,0,0,100,10.58,100,46.38,5.2,"less_25",5.3745,0.9,1.4,0.8,30.9,7.4,9.2,7.9,7.6,0.2885,0.2,0.0095,0.0936
"Wake",515.02,2101,0,10.21,37.93,0,0,100,12,100,46.92,6.6,"less_25",9.4717,4,2.7,0.7,27.4,7.4,7.2,8.9,6.9,0.4842,0,0.0227,0.0966
"Wake",516,4909,0,10.19,38.09,0,0,100,12.4,100,47.74,3.5,"less_25",6.9313,3,0.6,1.2,28.4,7.7,8.1,8.8,7.3,0.5147,0.2,0.0491,0.2177
"Wake",517,3360,0,10.2,38.52,8.9,0,100,9.56,100,47.55,5,"less_25",6.5774,1.1,1.1,1.4,27.9,7.6,8.2,8.3,7.1,0.699,0.2,0.0014,0.2942
"Wake",518,4563,0,10.18,37.96,48.22,0,100,14.72,100,47.74,7.2,"less_25",14.102,2.8,1.8,1.3,24.1,7.8,6.6,9.8,5.7,0.7675,0,0.0679,0.2574
"Wake",519,5216,0,10.11,37.83,0,0,100,12.22,62.11,47.5,66.8,"btwn_50_75",34.7726,19.1,19.7,10.7,40.5,11.5,6.2,16.1,14.9,0.4958,0.8,0.8857,0.8747
"Wake",520.01,4323,0,10.09,37.54,0,0,100,10.17,59.8,46.9,90.1,"greater_75",70.3459,21.7,21.4,4.4,37.3,11.8,4.6,19.1,14.6,0.6068,0.8,0.9623,0.9245
"Wake",520.02,5931,0,10.08,37.83,0,0,100,10.46,84.71,42.27,91.5,"greater_75",62.1192,11.6,21.5,5.2,50.2,12.6,6.6,17.2,21.9,0.5625,0.8,0.9069,0.8987
"Wake",521.01,9240,0,10.08,36.88,16.67,0,100,11.92,67.01,42.22,88.3,"greater_75",48.8793,18.1,17.5,10,43.2,10.9,5.9,14.7,15.8,0.7716,0.6,0.8963,0.8983
"Wake",521.02,6960,0,10.07,37.34,0,0,100,7.75,97.63,42.22,96.1,"greater_75",48.1121,19.7,17.9,11.6,37.6,11.6,4.6,16.1,13.3,0.2023,0.8,0.8874,0.7825
"Wake",523.01,6438,0,10.16,37.3,10.04,0,100,11.06,98.78,41.22,42.6,"btwn_25_50",54.0159,7.1,1.1,2.8,15.5,9.6,2.1,16.4,3.9,0.3312,0.2,0.4102,0.3189
"Wake",523.02,9657,0,10.15,37.33,47.76,0,100,15,82.37,41.93,39.7,"btwn_25_50",58.2167,6.1,6.8,0.1,19.9,10.1,2.9,17.9,6.1,0.5098,0.2,0.46,0.4525
"Wake",524.01,5892,0,10.23,37.74,0,0,94.18,15.33,97.36,45.26,24.5,"less_25",27.4522,7.6,1.7,2.5,16.2,9.9,2.7,14.6,3.9,0.5423,0,0.2135,0.2132
"Wake",524.04,4736,0,10.18,37.4,18.44,0,100,11.17,99.14,42.22,35.3,"btwn_25_50",46.3894,8.6,7.4,5,24.5,8.5,4.7,13,7.5,0.549,0,0.3878,0.3161
"Wake",524.06,7507,0,10.2,38.06,0,0,99.86,11.72,98.93,42.26,53.5,"btwn_50_75",44.0389,17.3,15.9,3.3,24.4,9.6,3.8,15.3,6.9,0.5264,0,0.5649,0.4086
"Wake",524.07,4291,0,10.2,37.79,0,0,100,14.92,100,42.22,46.8,"btwn_25_50",36.5183,12.3,9.1,3.3,25.1,9.2,4.3,14.2,6.9,0.6612,0,0.3321,0.3503
"Wake",524.08,3586,0,10.19,37.81,68.97,0,100,12.92,100,42.22,60.5,"btwn_50_75",72.4205,14,20.7,4.9,25,10.7,2.6,20.2,8.1,0.6703,0.4,0.8388,0.7892
"Wake",524.09,4286,0,10.18,37.43,100,0,100,14.28,51.38,42.22,55.4,"btwn_50_75",75.3786,17.6,7.7,7.2,14.4,9.2,1.3,17.2,3.8,0.5406,0.2,0.7563,0.6217
"Wake",525.03,7085,0,10.23,36.84,0,0,100,10.5,40.94,45.46,25.7,"btwn_25_50",17.9027,8.9,5.6,3.5,26.5,8.2,6.9,10.6,7.1,0.2621,0,0.3975,0.1637
"Wake",525.04,6774,0,10.22,37.91,0,0,98.49,13.06,99.43,45.46,24.7,"less_25",24.9924,7.3,5.5,2.5,31.4,8.5,7.8,11.3,9.3,0.5587,0.2,0.4919,0.498
"Wake",525.05,5296,0,10.21,37.95,0,0,100,14.08,89.93,45.46,32.2,"btwn_25_50",32.1186,12.1,11,7.6,25.2,8.7,5.2,12.4,7,0.1213,0,0.4582,0.1263
"Wake",525.06,2677,0,10.21,37.86,0,0,100,14.33,100,45.46,17.9,"less_25",16.1748,6.4,0.2,2.5,35.1,7.6,10.4,8.5,9.2,0.1291,0.4,0.2918,0.2489
"Wake",525.07,3223,0,10.22,36.75,0,0,99.99,10.58,100,44.94,27.2,"btwn_25_50",27.9863,9.9,5.7,6.8,29.6,8.8,6.5,11.9,8.9,0.2031,0,0.4501,0.1603
"Wake",526.01,3410,0,10.21,38.23,0,0,100,10.17,89.44,46.26,10,"less_25",9.6623,1.8,1.9,2.4,29.7,7.6,8.5,8.9,7.6,0.2462,0.2,0.0544,0.0943
"Wake",526.02,4699,0,10.2,38.17,5.24,0,100,13.78,74.41,47.74,16.9,"less_25",17.9761,4.8,4.3,2.9,36.1,8.1,10,9.5,10.4,0.5179,0.4,0.2778,0.4667
"Wake",526.03,2865,0,10.21,38.21,36.94,0,100,12.67,100,47.74,10.5,"less_25",10.6806,2,0,1.2,27.8,7.6,7.9,8.3,6.7,0.6085,0.2,0.0066,0.2455
"Wake",527.01,6389,0.33,10.18,38.18,50.83,0,100,15.17,71,47.74,51.9,"btwn_50_75",37.0828,24.4,19.7,2,29.5,9.2,5.6,13.4,9.5,0.7506,0,0.5954,0.5481
"Wake",527.04,6420,0.33,10.14,37.45,0,0,100,12.39,72.13,47.74,79.4,"greater_75",64.0156,32.9,32.8,4.3,30.8,10.3,3.7,16.7,10.5,0.5598,0.2,0.9026,0.6943
"Wake",527.05,4960,0.33,10.14,37.8,23.05,0,100,15.25,99.7,47.74,59.3,"btwn_50_75",38.4879,10.6,17.4,3.8,33,8.9,6.6,12.1,10.2,0.7428,0,0.6432,0.5679
"Wake",527.06,4751,0,10.11,37.71,0.02,0,100,12.56,99.89,47.74,76.8,"greater_75",40.2943,22.7,21.3,5.5,33.5,10.7,5.3,16,12.1,0.6858,0.4,0.7908,0.7777
"Wake",527.07,7239,0,10.1,37.65,0,0,89.65,13.11,78.93,45.78,66.7,"btwn_50_75",31.199,17.5,14.9,3.7,36.2,10.2,6.4,14.6,12.6,0.349,0.4,0.7338,0.6147
"Wake",528.01,6512,0,9.97,35.86,15.48,0,99.81,10.83,19.57,12.33,35.6,"btwn_25_50",18.7126,4.9,5,2.3,35,9.2,7.9,11.9,10.5,0.3851,0.4,0.2395,0.3692
"Wake",528.02,6538,0,10.03,36.11,39.09,0,32.98,10.46,79.24,12.42,51.5,"btwn_50_75",38.8039,10.3,9.4,6.3,34.2,9.7,6.6,14,11.1,0.6447,0,0.7109,0.5529
"Wake",528.03,12074,0,10.01,36.16,0,0,87.3,10.56,93.96,36.35,84,"greater_75",44.7906,10.1,15.6,6.8,35.6,10.7,5.1,15.1,12.2,0.5915,0.4,0.7962,0.7449
"Wake",528.06,18085,0,9.97,35.32,0,0,47.91,8.04,30.49,33.91,87.7,"greater_75",39.7844,10.9,13.2,5.5,32.7,10.7,4.1,14.7,10.6,0.3957,0.2,0.6722,0.5074
"Wake",528.07,6558,0,9.88,34.66,0,0,33.71,8.08,18.59,24.55,73.5,"btwn_50_75",33.7099,11.5,8,8.2,31.8,9.4,5.7,12.7,9.2,0.3764,0,0.6477,0.3689
"Wake",528.08,11485,0,9.88,35.36,0,0,41.95,11.33,52.02,2.65,41.8,"btwn_25_50",24.0839,7.7,7.9,6.2,32.4,9.3,6.4,12.7,9.8,0.3532,0,0.5549,0.2988
"Wake",528.09,3068,0,9.82,34.23,0,0,3.8,5.25,57.76,1.31,45.5,"btwn_25_50",34.5176,15.4,12.1,6.3,34.1,9.7,6.2,14.3,10.9,0.4053,0,0.6333,0.3775
"Wake",529.01,2796,0,9.74,33.11,0,0,0,3.83,0,3.61,12.8,"less_25",21.7991,11.2,12.9,3.6,30,9.4,6.2,13.8,8.9,0.0734,0,0.3827,0.0785
"Wake",529.02,5999,0,9.8,33.96,0,0,1.13,4.33,4.3,3.94,33.9,"btwn_25_50",18.3442,14.3,12.8,3.2,29.9,9.1,6.4,12.7,8.8,0.1999,0,0.4549,0.1611
"Wake",529.03,2930,0,9.89,34.33,0.23,0,51.08,5.5,0,6.89,31.7,"btwn_25_50",7.0665,8.5,6.7,2.7,31.4,8.4,6.8,10.7,8.3,0.2845,0,0.2472,0.1061
"Wake",529.04,7801,0,9.83,33.5,0,0,6.58,4.67,0,10.05,29.6,"btwn_25_50",18.519,5.2,7.6,1.2,30.1,9.2,6.1,13.1,8.7,0.0582,0,0.1569,0.0178
"Wake",530.03,5763,0,10.15,37.03,0,0,86.58,10.83,60.6,28.57,31.1,"btwn_25_50",11.8515,2.5,2.6,2.9,22.2,8.1,4.9,10.7,6,0.1005,0,0.1086,0.0168
"Wake",530.04,2937,0,10.14,36.96,0,0,99.89,12.17,64.62,30.1,18.8,"less_25",10.589,4.2,0.9,6.7,31.2,7.7,8.4,8.4,8.8,0.0805,0.2,0.0941,0.053
"Wake",530.05,4773,0,10.09,36.32,0,0,77.29,7.5,0.14,29.77,10.8,"less_25",4.534,3.1,1.3,2.6,28.5,7.8,7.4,8.9,7.6,0.0732,0,0.0012,0.003
"Wake",530.06,3123,0,10.04,35.31,0,0,43.41,5.33,0,30,13,"less_25",3.5691,5.4,2,2.6,28.5,8.2,7.2,10,7.6,0.0783,0,0.0019,0.0034
"Wake",530.07,3018,0,10.1,36.44,0,0,22.46,7,0.49,30.03,11.4,"less_25",3.7442,2.7,3,3.6,30.5,7.9,7.8,9.5,8.4,0.1095,0.2,0.0532,0.0497
"Wake",530.08,8492,0,10.1,36.65,0,0,61.29,7.71,35.01,20.44,37.1,"btwn_25_50",19.0179,4.4,4.5,1.4,25.3,8.4,5.5,11.3,6.9,0.2076,0,0.1858,0.058
"Wake",530.09,7775,0,10.02,35.75,13.26,0,32.74,5.79,74.14,12.38,42.3,"btwn_25_50",30.9453,15.7,13.7,4.4,31.6,8.9,6,12.9,9.5,0.6775,0,0.6088,0.5168
"Wake",531.05,4346,0,9.86,34.61,0,0,38.7,8.5,46.2,13.23,26.7,"btwn_25_50",20.3807,12.1,8.9,6.9,31.5,9.2,6.9,12.9,9.7,0.2879,0,0.5429,0.2545
"Wake",531.06,3323,0,9.83,34.9,0,0,58.44,8.83,38.51,10.37,33,"btwn_25_50",29.3428,3.9,9.3,6.9,36.4,9.5,8,12.7,11.3,0.2329,0.4,0.7944,0.5883
"Wake",531.07,10561,0,9.79,35.04,0,0,67.34,9,63.95,9.74,33.2,"btwn_25_50",29.0906,8.1,6.6,4.2,31.2,9.3,6.6,13.1,9.5,0.255,0,0.5281,0.2275
"Wake",531.08,8550,0,9.75,34.08,0,0,18.16,6.83,6.6,2.07,22.2,"less_25",16.907,4.9,5,4.4,28.7,8.9,6,12.7,8.5,0.1792,0,0.1934,0.0524
"Wake",531.09,9478,0,9.82,34.06,0,0,44.44,6.83,35.76,4.98,20.4,"less_25",15.1825,6.6,5,4.9,28.6,8.6,6.4,11.6,8.1,0.2203,0,0.2342,0.0781
"Wake",531.1,6071,0,9.87,33.96,0,0,20.61,6.06,42.02,11.8,33.6,"btwn_25_50",22.9122,16.1,10,2.4,28.6,9,5.8,12.7,8.4,0.1936,0,0.3825,0.1249
"Wake",531.11,5977,0,9.94,34.59,0,0,2.43,5,52.73,13.28,36.4,"btwn_25_50",20.5287,10.3,4.5,6,28.3,8.9,5.9,12.4,8.3,0.2569,0,0.3088,0.1209
"Wake",532.01,12450,0,9.96,34.5,0,0,58.01,7.75,0,13.33,15.6,"less_25",7.1159,4.1,3.5,2.7,25.3,8.2,5.7,10.7,6.7,0.034,0,0.0377,0.0027
"Wake",532.02,4315,0,9.95,34.73,0,0,17.12,7.58,0,13.24,14.1,"less_25",7.587,3,1,5.9,28.4,8.1,6.9,9.7,7.6,0.0448,0,0.0163,0.0022
"Wake",532.03,9166,0,9.98,34.96,0,0,60.08,8.33,0,12.25,28.1,"btwn_25_50",11.4881,6.1,6.2,5.5,23.2,8.3,4.8,11.2,6.1,0.0675,0,0.1612,0.02
"Wake",532.04,5093,0,9.94,34.5,0,0,100,9.58,0,6.45,36.6,"btwn_25_50",25.0736,6.3,7.6,4.3,26.4,9.1,5.1,13.1,7.7,0.0164,0,0.4579,0.0849
"Wake",532.05,4450,0,9.9,34.48,0,0,32.23,6.67,0,13.24,20.7,"less_25",14.1573,4.6,4.2,1.5,27.8,8.6,5.9,11.2,7.7,0.1493,0,0.0724,0.0188
"Wake",532.06,5130,0,9.87,34.43,0,0,20.09,8.83,1.51,10.54,36.7,"btwn_25_50",12.0323,6.9,5.3,5.9,26.9,8.7,5.3,12,7.4,0.1403,0,0.2105,0.046
"Wake",532.07,10934,0.33,9.86,34.22,0,0,21.15,5.17,14.4,0.06,21.8,"less_25",11.586,2.3,2.1,2.3,25.2,8.3,5.5,11,6.7,0.2344,0,0.0532,0.0311
"Wake",534.05,4724,0,10.11,36.59,0,0,99.99,9.72,72.71,29.84,15.2,"less_25",7.9399,1.7,1.5,2.7,29,7.8,7.6,8.9,7.7,0.3625,0.2,0.0842,0.157
"Wake",534.08,4163,0,10.14,37.7,0,0,100,10.17,11.95,12.26,33.5,"btwn_25_50",10.6894,2.5,1.6,5.1,22.4,7.5,5,9.3,6.3,0.1456,0,0.0337,0.0129
"Wake",534.09,6701,0,10.12,37.55,0,0,93.85,7.78,53.85,13.87,32.9,"btwn_25_50",5.0142,2.9,2.8,5.8,22.6,7.6,5,9.7,6.2,0.1961,0,0.0674,0.0265
"Wake",534.1,6250,0,10.1,37.02,0,0,24.61,8,32,19.63,50.5,"btwn_50_75",7.2619,1.9,1.2,1.4,20.7,6.9,4.5,8.5,5.8,0.096,0,0.0193,0.0058
"Wake",534.11,11913,0,10.11,37.38,0,0,71.85,9.25,67.14,12.3,48.8,"btwn_25_50",5.8279,1.4,2.9,2.7,21.9,7.5,5.1,9,5.7,0.1588,0,0.0736,0.0207
"Wake",534.12,7685,0,10.05,36.94,0,0,20.98,7.5,79.46,13.69,33.5,"btwn_25_50",9.8698,2.4,2.8,1.8,23.4,7.8,5.2,10.1,6.1,0.3522,0,0.0924,0.0745
"Wake",534.13,8189,0,9.93,36.26,0,0,6.64,5.5,42.55,14.43,22.9,"less_25",6.2767,3.8,4,2.9,27.2,8,6.2,10,7.4,0.2609,0,0.0728,0.0415
"Wake",534.14,9996,0,10.04,36.95,0,0,87.39,8.17,77.73,19.36,21.7,"less_25",19.4975,4.7,4.5,3.4,24.1,8.3,5.4,11,6.5,0.3812,0,0.2472,0.1485
"Wake",534.15,4002,0,10.08,37.65,0,0,50.84,14,100,19.42,33.7,"btwn_25_50",13.943,4.7,1.4,8.6,24.3,7.8,5.6,9.9,7,0.2492,0,0.0911,0.0432
"Wake",534.16,7311,0,10.11,37.12,0,0,84.34,12.78,90.46,21.32,22.4,"less_25",9.7935,6.1,2.3,1.4,24.7,8.1,5.7,10.7,6.8,0.4589,0,0.0706,0.1053
"Wake",534.17,4316,0,10.03,35.98,0,0,51.65,8.83,96.12,0.98,31.8,"btwn_25_50",21.5896,3.7,3,3.2,28.9,8.4,6.3,11.1,7.6,0.519,0,0.3143,0.2561
"Wake",534.18,7389,0,10.11,36.68,0,0,99.99,13.33,94.31,24.42,31.6,"btwn_25_50",10.5698,8.4,8.8,2.9,26.5,8.6,6.1,11.5,7.4,0.527,0,0.2874,0.2451
"Wake",534.19,3142,0,10.11,36.84,0,0,97.36,8.92,100,30.06,12.7,"less_25",5.2514,1.6,1.7,2.1,25.1,8,6.1,9.7,6.6,0.4983,0,0.0037,0.0948
"Wake",534.2,7863,0,10.02,35.33,0,0,13.93,7.83,41.3,3.71,43.2,"btwn_25_50",19.6406,6.7,9.6,2.3,25.5,8.7,4.7,11.7,7.2,0.4354,0,0.338,0.2226
"Wake",534.21,5737,0,10.03,35.62,0,0,16.96,8.33,0,13.55,28.1,"btwn_25_50",8.7676,2.1,4.4,4.5,26.2,8.1,5.8,10.2,7.2,0.1573,0,0.1244,0.0299
"Wake",534.22,2497,0,10.17,37.06,0,0,100,6.33,0,32.06,16.3,"less_25",6.3676,2.5,0.7,2.4,24.3,7.8,5.8,9.6,6.5,0.278,0,0.0034,0.0299
"Wake",534.23,2039,0,10.17,37.27,0,0,100,8.08,0,31.82,19.5,"less_25",12.4385,6.6,2.3,4.6,23.7,7.9,5.6,10.3,6.3,0.3121,0,0.0634,0.0533
"Wake",534.24,4613,0,10.15,37.05,0,0,100,7.5,23.58,31.1,35.6,"btwn_25_50",8.6899,3,0.7,4.5,26.9,7.6,6.5,9.2,7.5,0.3518,0,0.0772,0.0688
"Wake",534.25,3103,0,10.17,37.47,0,0,100,14.25,0,32.06,35.5,"btwn_25_50",7.4444,1.5,1.4,2,24,7.2,5,8.9,6.9,0.0809,0,0.0593,0.008
"Wake",535.05,3577,0,10.18,37.3,0,0,100,12.22,99.54,30.12,18,"less_25",9.9245,1.8,2.8,4.8,29.1,8,7.6,10.1,8.2,0.1585,0.2,0.0763,0.0709
"Wake",535.06,5504,0,10.18,37.38,0,0,100,12.88,58.82,31.02,15.4,"less_25",14.6568,6.1,1.6,1,33.7,7.7,9.5,8.5,8.9,0.2284,0.2,0.2308,0.1636
"Wake",535.07,4143,0,10.19,37.37,0,0,100,14.89,0,30.22,36.4,"btwn_25_50",30.4701,11.4,10.3,7.1,37.6,8.7,9.7,11.3,11.6,0.1886,0.4,0.6921,0.514
"Wake",535.09,5375,0,10.16,37,0,0,90.89,8.33,94.86,30.1,14.3,"less_25",5.2573,4.5,2.8,2.4,31.3,7.8,8.1,9,8.5,0.3781,0.2,0.0476,0.1475
"Wake",535.12,6672,0,10.23,36.8,0,0,100,11.56,53.79,33.76,27.8,"btwn_25_50",8.8929,5.2,2,1.6,23.3,8,5,10.4,6.3,0.4078,0,0.0544,0.0808
"Wake",535.13,4564,0,10.21,37.77,0,0,100,14.58,0,32.06,51.4,"btwn_50_75",29.4053,16.9,9.1,3.9,26.5,8.8,4.9,12.5,7.8,0.1541,0,0.4659,0.1447
"Wake",535.16,3448,0,10.19,37.54,0,0,100,14.75,98.81,41.26,45.4,"btwn_25_50",20.9959,17.1,5.8,1.6,28.4,9.1,5.3,13.9,8.9,0.2177,0,0.2714,0.0901
"Wake",535.17,5097,0,10.21,37.44,0,0,100,15.21,61.51,42.11,55.8,"btwn_50_75",47.7824,21.3,25.5,2,29.4,9.7,4.3,17.1,10.2,0.4106,0.2,0.7053,0.5327
"Wake",535.18,3700,0,10.17,37.16,0,0,100,8.28,4.14,30.11,13.1,"less_25",17.1088,6.5,4.6,2.2,28,8.3,7,10.8,8,0.381,0,0.0868,0.0829
"Wake",535.19,4895,0,10.18,37.35,0,0,94.45,13.72,2.79,30.1,52,"btwn_50_75",33.4014,25.3,8.5,5.1,29.5,9.3,5.7,13.8,9.2,0.1295,0,0.4631,0.1319
"Wake",535.2,6206,0,10.23,37.38,0,0,96.94,14.28,1.07,32.65,39.5,"btwn_25_50",18.6755,9.8,3.5,2.8,24.5,8.4,4.3,12.1,6.8,0.2413,0,0.2667,0.097
"Wake",535.21,3694,0,10.23,37.51,0,0,85.49,8.67,82.78,45.38,20.3,"less_25",16.25,2.7,3.9,4,29.4,7.6,7,9.2,8.4,0.3933,0,0.1042,0.0932
"Wake",535.22,6983,0,10.21,37.48,0,0,88.63,10.17,0,32.06,54.4,"btwn_50_75",8.1197,2.8,4.4,4.7,21,7.3,4.1,9.4,5.5,0.2851,0,0.1318,0.0653
"Wake",535.23,5646,0,10.19,37.48,0,0,89.63,11.33,0,32.06,38.8,"btwn_25_50",13.2528,3,3.2,3.5,24.9,7.9,5.6,10,7,0.2317,0,0.0943,0.0397
"Wake",535.24,3728,0,10.19,37.54,0,0,100,13.92,0,31.98,35.1,"btwn_25_50",13.2827,7.3,3.7,1.2,25.7,8.3,5.9,11.3,7.2,0.1623,0,0.07,0.0206
"Wake",535.25,2947,0,10.18,37.09,0,0,100,11.33,0,31.94,27.7,"btwn_25_50",10.6888,5.7,2.1,0.9,24,8,5.3,10.2,6.3,0.1694,0,0.0253,0.0147
"Wake",536.01,13565,0,10.14,37.13,0,0,14.81,7,66.81,16.52,61.8,"btwn_50_75",12.9156,3.8,1.7,5,18,7.4,3.5,9.7,4.5,0.3413,0,0.24,0.1272
"Wake",536.02,6510,0,10.16,37.57,0,0,76.73,6.33,70.45,17.72,61.9,"btwn_50_75",16.682,4.9,5.2,2.3,20.4,7,3.7,9.6,6.2,0.6345,0,0.1246,0.215
"Wake",536.03,4194,0,10.16,37.98,0,0,100,8.67,1.29,23.49,40,"btwn_25_50",5.8178,1.4,1.3,1.7,26.5,7.3,7.2,8.5,7.2,0.1565,0,0.0539,0.017
"Wake",536.04,4341,0,10.16,38.01,0,0,99.98,8.58,0,31.97,42.8,"btwn_25_50",3.3402,2.1,1.5,3.4,25.3,7.1,6.1,8.1,7.1,0.1311,0,0.024,0.0099
"Wake",536.05,2524,0,10.17,37.8,0,0,100,7.67,0,32.06,28.3,"btwn_25_50",10.4992,6.2,0,4.3,28.2,8.1,7.1,9.7,9,0.1199,0,0.0708,0.0142
"Wake",536.06,2568,0,10.19,37.64,0,0,100,6.25,0,32.06,50.1,"btwn_50_75",12.8894,3,3.6,1.1,24.4,8.1,5.4,10.6,6.5,0.2454,0,0.1368,0.0554
"Wake",536.07,9873,0,10.2,37.38,0,0,95.25,9.83,0,31.98,69.3,"btwn_50_75",10.5237,10.1,5.6,3.4,21.4,7.3,4.3,9.8,6.2,0.4769,0,0.2471,0.196
"Wake",536.08,6477,0,10.18,38.49,0,0,66.51,7.33,89,17.41,66.2,"btwn_50_75",12.8499,3.6,4,3.3,19,6.9,3.7,8.8,5.2,0.7083,0,0.0828,0.2322
"Wake",536.09,1006,0,10.22,38.01,0,0,73.89,13.5,71.68,32.04,60,"btwn_50_75",23.8569,14.4,13,2.2,24.9,8.9,4.9,12.9,7.2,0.7765,0,0.4996,0.5116
"Wake",536.1,12071,0,10.18,37.52,0,0,11.5,9.25,98.24,32.04,43.1,"btwn_25_50",14.6557,8.4,1.8,1.9,22.1,8,4.7,10.1,5.6,0.7541,0,0.2077,0.3318
"Wake",537.07,7089,0,10.17,37.48,0,0,96.79,10.44,0,45.46,30.4,"btwn_25_50",19.0679,10.3,1.9,4.1,29.5,8.4,6.6,10.7,7.8,0.0625,0,0.1242,0.0137
"Wake",537.09,6892,0,10.22,36.61,0,0,100,11.56,94.78,5.43,35.3,"btwn_25_50",15.4962,6.5,3.8,2.5,19.9,8.3,3.8,11.4,4.8,0.3061,0,0.1763,0.0878
"Wake",537.11,4975,0,10.18,36.16,0,0,100,7,42.38,43.07,20.9,"less_25",3.2764,3.9,0.3,1.9,26.2,8,6.3,9.5,6.8,0.1606,0,0.0085,0.0117
"Wake",537.12,2625,0,10.15,35.73,0,0,97.66,9.17,24.54,44.73,7.8,"less_25",4.4044,1.9,2.5,5.5,28.5,8.1,6.9,9.7,7.5,0.0916,0,0.0644,0.01
"Wake",537.13,3519,0,10.19,36.29,0,0,100,7.75,5.59,45.46,39.3,"btwn_25_50",20.7161,7.3,2.6,2.3,22,9,3.9,12.8,5.6,0.0751,0,0.1691,0.0229
"Wake",537.14,4347,0,10.19,37.31,0,0,96.46,12.06,19.83,45.46,17,"less_25",8.8107,6.3,3.5,1.1,28.3,8.2,6.6,10.1,7.5,0.0824,0,0.2124,0.0325
"Wake",537.15,3483,0,10.19,37.45,0,0,100,8.25,0.84,45.46,18.6,"less_25",9.7043,7,2,1.5,28.1,8.1,7.1,9.7,7.6,0.1078,0,0.1099,0.0181
"Wake",537.16,4216,0,10.19,37.45,0,0,100,12.56,0,45.49,36.7,"btwn_25_50",18.4772,11,4.9,1.7,28.1,9,6.2,11.9,7.9,0.0862,0,0.3347,0.0665
"Wake",537.17,3994,0,10.16,37.05,0,0,43.42,9.33,100,17.77,38.2,"btwn_25_50",16.9004,7,5.8,5.4,19.8,8.2,3.8,11.4,4.8,0.6932,0,0.1213,0.2452
"Wake",537.18,3628,0,10.15,37.02,0,0,14.92,8.33,100,1.07,22.6,"less_25",9.5146,2.2,1,1.8,23.9,8,5.3,10.1,6.3,0.6556,0,0.0135,0.1685
"Wake",537.19,4278,0,10.12,36.57,0,0,0,7.25,43.94,0.55,13.9,"less_25",4.418,4,1.3,2.1,22.3,7.9,5.1,10.1,5.5,0.1337,0,0.0055,0.0079
"Wake",537.2,3973,0,10.08,36.24,0,0,0.48,5.33,6.92,17.75,9.4,"less_25",6.0911,2.8,0.7,2.9,27.6,7.9,6.9,9.4,7.1,0.1299,0,0.0084,0.0078
"Wake",537.21,3757,0,10.13,36.95,0,0,57.02,7.75,87.31,17.82,10.5,"less_25",2.6351,3.1,1.1,3.5,29.4,7.7,7.7,8.6,7.8,0.1511,0.2,0.0043,0.0474
"Wake",537.22,4837,0,10.15,37,0,0,77.85,12.33,15.61,42.87,8.9,"less_25",10.2132,0.8,3.8,0.5,33.8,8,9.7,9.5,9,0.0721,0.2,0.2661,0.1085
"Wake",537.23,3401,0,10.15,36.73,0,0,69.01,13.5,19.11,45.46,25.8,"btwn_25_50",15.2753,10.5,7.1,4.4,34.9,8.4,9.5,10.2,10.2,0.0716,0.4,0.3567,0.253
"Wake",537.24,6541,0,10.19,36.77,0,0,99.76,10,99.34,0.01,36.6,"btwn_25_50",9.4713,5.3,1.1,3.2,19.8,7.7,4.1,10.4,5.3,0.6221,0,0.0577,0.1737
"Wake",537.25,4994,0,10.2,36.43,0,0,100,9,71.21,6.29,18.6,"less_25",12.4149,4,0.6,3.1,22.7,8.3,4.8,10.9,5.7,0.1064,0,0.0183,0.0066
"Wake",537.26,2936,0,10.22,36.69,0,0,98.87,14.5,100,33.2,42,"btwn_25_50",27.1458,4.9,1.2,0.5,23.5,8.9,4.5,12.7,6.8,0.0901,0,0.134,0.0191
"Wake",538.03,3646,0,10.04,35.76,0,0,0,6.33,1.55,17.78,14.5,"less_25",3.5744,1,0.9,2.1,28,8,6.9,9.6,7.6,0.123,0,0.0147,0.0078
"Wake",538.04,3402,0,9.95,35.38,0,0,68.04,7,0,23.79,14.7,"less_25",9.4356,3.6,2.6,4.5,28.5,8.2,6.7,9.9,7.7,0.0459,0,0.1066,0.0095
"Wake",538.05,1853,0,9.98,34.22,0,0,83.54,5.42,0,13.35,8.9,"less_25",4.803,1,1.6,4.7,29.9,8,7.7,9.1,8,0.0443,0.2,0.0046,0.024
"Wake",538.06,2982,0,10.03,34.55,0,0,22.49,6.58,0.86,13.32,3.7,"less_25",2.5151,0.4,2.8,1.2,30.3,8.2,7.9,9.7,8.4,0.0832,0.2,0.0178,0.0339
"Wake",538.07,3987,0,10.1,35.55,0,0,67.71,7.33,87.18,18.62,16.5,"less_25",3.5021,4.3,1.5,3.7,29.3,7.7,7.7,8.6,7.7,0.1413,0.2,0.0447,0.0561
"Wake",538.08,5114,0,10.06,35.17,0,0,82.16,7.25,52.08,12.72,13.2,"less_25",7.2282,4.8,1.6,2.7,29.6,7.8,7.6,8.7,7.9,0.0951,0.2,0.0076,0.0343
"Wake",539,9283,0,9.83,34.07,0,0,54.55,5,0.05,16.59,15.8,"less_25",13.657,10.5,6.8,5.2,28.9,8.6,6.7,11.3,8,0.0642,0,0.1686,0.0207
"Wake",540.01,4734,0,10.17,37.69,0,0,100,11.67,0,47.73,27.2,"btwn_25_50",33.0367,15.3,6.3,5.7,30.9,9,6.8,12.4,9,0.1517,0,0.5347,0.177
"Wake",540.04,5043,0,10.16,37.61,0,0,100,13.29,0.62,47.74,44.6,"btwn_25_50",30.8654,6.7,5.1,4,33.5,9,7.4,12.1,9.9,0.3046,0,0.5275,0.2551
"Wake",540.06,3314,0,10.16,37.21,0,0,88.95,11.92,0,45.5,44.4,"btwn_25_50",39.9386,15.4,12,5.3,31.1,9.1,6.4,13.1,9.7,0.0781,0,0.6669,0.207
"Wake",540.07,4332,0,10.14,37.32,0,0,99.34,13.5,44.74,43.85,36.3,"btwn_25_50",21.442,10.2,3.9,4.5,28.7,8.7,6.3,11,8,0.0756,0,0.2064,0.03
"Wake",540.08,7475,0,10.1,37.5,0,0,100,12.21,98.79,18.27,81.2,"greater_75",55.5422,31.4,10,10.8,29.7,10.5,3.5,16.4,9.5,0.2784,0.4,0.838,0.6306
"Wake",540.11,2834,0,10.11,36.76,0,0,89.53,12,95.63,32.95,16.6,"less_25",5.5399,3.9,3.7,2.6,29.3,8,7.7,9.5,7.9,0.2091,0.2,0.0549,0.0814
"Wake",540.12,3860,0,10.13,37.16,0,0,97.61,9.17,42.24,34.43,15.3,"less_25",10.0777,5.9,2,3.4,32.1,7.9,8.6,8.9,8.7,0.3396,0.2,0.2043,0.2064
"Wake",540.13,13315,0,10,35.6,27.21,0,76.47,8.29,38.98,33.06,22.1,"less_25",8.0555,5.4,1.7,2.1,25.9,8.2,6.3,10.4,6.8,0.6979,0,0.0516,0.2095
"Wake",540.14,13810,0,10.01,37.22,26.38,0,87.17,9.61,83.9,33.13,77.8,"greater_75",24.4769,13.2,14.1,7.2,29.4,9.8,4.6,13.7,9.2,0.7325,0,0.6866,0.5842
"Wake",540.15,4320,0,10.08,37.25,0,0,99.9,10.33,100,32.56,61.9,"btwn_50_75",43.2176,11.4,5.7,4.2,32.3,9.5,5.7,13.4,10.8,0.3417,0,0.6095,0.3253
"Wake",540.16,6200,0,10.06,36.52,23.02,0,100,11.5,97.69,33.07,23.3,"less_25",12.7524,2.7,2.6,3.9,26,8.6,5.7,11.5,7.3,0.7351,0,0.0571,0.2328
"Wake",540.17,2807,0,10.09,37.06,0,0,100,9.67,100,33.13,38.8,"btwn_25_50",17.1461,7.7,6.9,4.5,27.1,8.7,5.3,11.7,7.3,0.4258,0,0.4547,0.2829
"Wake",540.18,3198,0,10.12,37.88,0,0,99.2,15.17,91.62,39.57,75,"btwn_50_75",37.2733,13.3,3.4,6.9,27.3,10.2,3.8,14.4,7.7,0.3927,0,0.4942,0.2867
"Wake",541.04,12003,0,10.03,35.75,0,0,35.29,8.83,75.5,25.96,72.2,"btwn_50_75",26.1484,16.5,15.9,4.1,28.6,9.5,4.4,13.8,9.2,0.1277,0,0.5796,0.1874
"Wake",541.05,13895,0,10.05,35.66,0,0,86.9,9.07,3.67,15.96,51.9,"btwn_50_75",21.0515,9.9,6.7,4.1,28.9,9,5.5,11.9,8.4,0.1499,0,0.324,0.0848
"Wake",541.06,8017,0,10.02,36.28,0,0,91.39,10.83,90.53,39.56,77.7,"greater_75",34.6875,19.2,16,3.8,32.2,10.4,4.3,14.9,10.8,0.6386,0.2,0.7366,0.6565
"Wake",541.08,7913,0,9.82,34.14,0,0,32.82,6.5,55.95,9.9,67.6,"btwn_50_75",42.296,17.6,16.9,9.1,31.3,10.2,4.8,15.1,9.8,0.3039,0,0.779,0.4037
"Wake",541.09,3575,0,9.81,33.77,0,0,1.46,3.75,0.75,16.05,44.9,"btwn_25_50",21.1748,10.3,10.9,8,32.3,9.1,6.3,11.9,9,0.1061,0,0.5494,0.1615
"Wake",541.1,10609,0,9.94,35,0,0,14.78,6,30.55,11.86,46.8,"btwn_25_50",19.5117,8.6,7.6,2.3,27,9,5,12.4,7.5,0.1116,0,0.2065,0.0379
"Wake",541.11,2481,0,9.86,34.12,0,0,0,6,0,1.03,51.6,"btwn_50_75",26.6234,17.6,15.7,2.7,31.9,9.7,6,14.3,10.7,0.0711,0,0.5049,0.1249
"Wake",541.12,4410,0,9.88,34.45,0,0,60.57,12.67,0,9,62.8,"btwn_50_75",30.4989,12.5,19.8,9.3,31.9,9.8,5.2,14,9.7,0.1039,0,0.7952,0.2934
"Wake",541.13,3894,0,9.97,35.47,0,0,27.47,6.75,74.42,13.83,58.2,"btwn_50_75",30.2645,14.2,9.1,3.9,31.5,9.6,5.7,14.1,10.3,0.2998,0,0.4778,0.2246
"Wake",541.14,6271,0,9.95,35.53,0,0,48.24,6.75,97.62,16.21,57.3,"btwn_50_75",23.6804,9.6,7.8,4.1,30.3,8.9,5.8,12.6,9,0.4214,0,0.4228,0.2619
"Wake",541.15,8963,0,9.89,35.4,0,0,57.47,9.75,83.58,17.33,55.8,"btwn_50_75",26.2646,12,7.3,2.8,28.8,9.3,5.4,12.5,8.3,0.2933,0,0.5276,0.2489
"Wake",542.03,3561,0,9.78,34.45,34.31,0,24.98,8.17,63.81,0,13.7,"less_25",7.0235,1.4,2.8,1.2,29.5,8.1,7.1,9.6,7.7,0.3272,0,0.0286,0.0474
"Wake",542.04,5199,0,9.74,34.18,6.11,0,100,8.67,100,0.25,27.5,"btwn_25_50",17.6107,3.9,3.4,3.9,27.3,8.8,5.8,12.2,7.3,0.6135,0,0.1707,0.2282
"Wake",542.05,5764,0,9.74,34.43,0,0,100,12.75,65.93,5.57,38.1,"btwn_25_50",34.7034,6,5.7,4.2,32.6,9.7,6.5,13.3,9.9,0.3229,0,0.5362,0.2706
"Wake",542.06,6323,0,9.81,34.94,32.85,0,81.77,11.83,100,0.51,23,"less_25",22.668,5.5,3.6,2.7,25.4,8.5,5.8,11.9,6.9,0.5156,0,0.3621,0.2814
"Wake",542.07,9565,0,9.88,34.72,5.66,0,2.86,10,66.18,12.02,29.1,"btwn_25_50",8.2802,4,3.8,3.9,26.1,8.3,6,10.5,7.2,0.4383,0,0.1031,0.1099
"Wake",542.08,9074,0,9.89,35,3.15,0,9.92,13.5,87.96,14.89,22.1,"less_25",14.6903,7.5,6.9,7.2,28.3,8.7,6.3,11.9,8.1,0.6987,0,0.4148,0.4208
"Wake",542.09,12559,0,9.91,34.71,0,0,23.53,6.67,10.14,27.97,43.1,"btwn_25_50",11.9596,6.1,3.9,4,26.1,8.3,5.4,10.6,7,0.2323,0,0.1679,0.06
"Wake",542.1,11313,0,9.76,34.02,0,0,28.59,6.78,0,7.69,34.6,"btwn_25_50",20.4827,5.8,6.8,7.6,29.7,8.7,6.3,11.5,8.5,0.1106,0,0.3765,0.0893
"Wake",542.11,13997,0,9.73,34,0,0,9.71,6.67,0.24,4.12,21.3,"less_25",6.3728,3.6,4.3,4.9,26.9,8.4,6.2,10.9,7.4,0.1332,0,0.0918,0.0193
"Wake",543.01,6381,0,9.59,32.2,0,0,7.16,5.5,15.19,5.1,42.9,"btwn_25_50",22.2836,13.9,8.9,6.7,36.2,9.6,7,13.3,11.8,0.3075,0.2,0.5458,0.3864
"Wake",543.02,7998,0,9.52,33.39,0,0,19.24,7.1,55.88,4.8,56.1,"btwn_50_75",51.3807,14.9,20.8,7.4,39.4,10.9,6.7,16.1,14.3,0.4846,0.8,0.9246,0.8825
"Wake",544.02,6306,0,9.68,33,0,0,0,5.89,12.34,11.05,35.8,"btwn_25_50",30.6375,4.6,9.1,1.3,32.8,9.4,6.5,13,9.9,0.2654,0,0.3814,0.157
"Wake",544.03,3521,0,9.73,33.69,0,0,41.2,5,37.14,15.79,37.4,"btwn_25_50",30.0483,13.6,13.4,9.1,34.1,9.6,5.9,14.1,10.4,0.2715,0,0.7281,0.3545
"Wake",544.04,6861,0,9.67,33.7,0,0,14.41,6.78,47.43,13.11,45.1,"btwn_25_50",40.265,8,11.2,1.4,31.9,9.6,6.2,13.8,10,0.3323,0,0.6282,0.3311
"Wake",545,10774,0,10.11,37.67,16.16,0,86.66,11.96,99.54,37.73,53.6,"btwn_50_75",43.3768,17.5,15,3.4,29.3,9.8,4.2,15.6,9.2,0.7034,0.2,0.6331,0.6397
"Wake",9801,0,0,10.22,34.14,0,0,83.35,7.67,65.38,26.93,0,"less_25",0,NA,NA,NA,NA,NA,NA,NA,NA,NA,NA,NA,NA
"Wake",9802,0,0,10.25,36.12,0,0,100,4.83,37.17,21.74,0,"less_25",0,NA,NA,NA,NA,NA,NA,NA,NA,NA,NA,NA,NA
"Warren",9501.01,2145,0,8.63,30.53,0,0,0,4.25,9.96,4.86,13.2,"less_25",36.6434,7.2,6.5,4.8,47.2,9.3,10.2,11.8,16.1,0.0944,0.6,0.4718,0.4507
"Warren",9501.02,1265,0,8.62,30.41,0,0,0,5.67,19.32,6.8,37.6,"btwn_25_50",29.5652,11.1,9.1,7.1,44.3,9.8,9.5,12.4,15.8,0.0533,0.6,0.5569,0.4751
"Warren",9501.03,2720,0,8.7,30.49,0,0,0,2.5,9.73,0.02,80.4,"greater_75",49.573,13.2,23.8,10.8,46.7,12.8,7.2,18.1,20.1,0.0639,0.8,0.9486,0.7541
"Warren",9502,5814,0,8.77,31.32,0,0,0,3.67,49.82,16.96,59.3,"btwn_50_75",38.7791,8.9,17.3,6.4,42.6,10.3,6.7,14.4,15,0.2993,0.4,0.8767,0.6568
"Warren",9503,4239,0,8.79,31.22,0,0,0,7.06,13.68,0,74.7,"btwn_50_75",57.6648,20.8,24.9,8.8,52.6,12.3,8.1,17.3,22.4,0.1485,1,0.988,0.8616
"Warren",9504,3715,0,8.85,30.67,0,0,0,2.58,0,1.16,72.9,"btwn_50_75",53.3586,12.3,21.7,14.1,46.9,11.8,6.9,16.6,18.5,0.1579,0.8,0.9535,0.7901
"Washington",9501,4529,0,7.43,23.97,0,0,9.75,3.14,27.46,27.9,58.9,"btwn_50_75",50.93,11.3,13,10.1,47.5,11.6,7.8,16.4,18.9,0.1067,1,0.865,0.8116
"Washington",9502,5641,0,7.66,26.08,0,0,31.79,6.53,22.03,0,63.2,"btwn_50_75",49.0749,10.4,19.2,6.9,47.2,12,7.8,16.4,18.4,0.4266,1,0.9512,0.9267
"Washington",9503,1752,0,7.46,24.44,0,0,44.71,3.58,3.38,12.12,22.8,"less_25",32.5342,18.4,15.2,2.8,41.8,10.4,8.1,14.7,14.2,0.1148,0.8,0.5403,0.6016
"Watauga",9201,4958,0,7.61,20.64,0,0,51.86,4,8.38,2.26,6.7,"less_25",38.854,15.2,11.3,3.8,34.1,9.5,7.2,14.3,10.5,0.0069,0,0.4013,0.0625
"Watauga",9202,4227,0,7.65,20.95,0,0,42.86,4.67,29.85,8.18,8.1,"less_25",43.6953,17.3,12.5,3.9,35.6,10,7.7,15.5,12.4,0.0152,0.8,0.6412,0.6022
"Watauga",9203,2312,0,7.64,21.73,0,0,100,6.75,65.66,0,7.2,"less_25",32.1799,6.9,6.2,6.1,31.1,9.2,6.8,14,9.2,0.0035,0,0.2617,0.0267
"Watauga",9204,8313,0,7.64,22.61,0,0,54.89,8.25,55.99,4.53,8.2,"less_25",58.1007,6.2,7.8,5.7,24.8,10.8,4.2,19.3,7.8,0.0279,0.4,0.5338,0.3318
"Watauga",9205,7376,0,7.67,22.81,0,0,100,12.67,96.99,15.36,11.2,"less_25",64.8113,1.5,13.2,26.5,14.4,11.9,1.6,23.9,3.3,0.0548,0.4,0.473,0.3107
"Watauga",9206.01,6313,0,7.69,22.84,0,0,100,9.94,85.27,15.36,11.1,"less_25",65.0058,10.4,13.7,10.3,21.5,11.3,3.8,20.5,6.9,0.0438,0.4,0.7537,0.4677
"Watauga",9206.02,2361,0,7.69,22.39,0,0,100,8.33,8.66,5.96,6.9,"less_25",38.1679,6.6,5.7,2.2,32.1,9.5,6.7,14.2,10.1,0.0074,0,0.395,0.0607
"Watauga",9207.01,2134,0,7.69,21.84,0,0,9.66,7.67,58.62,0,5.8,"less_25",35.567,11.5,9.4,4.8,31.1,9.3,6.8,13.7,9.4,0.0083,0,0.4908,0.0938
"Watauga",9207.02,3165,0,7.8,22.61,0,0,17.28,4.08,12.43,0.86,6.1,"less_25",20.1855,8.6,7.9,2.4,32.4,8.9,7.4,12.2,9.3,0.0097,0,0.2209,0.0203
"Watauga",9207.03,6164,0,7.71,22.62,0,0,98.18,6.39,62.64,11.84,11.8,"less_25",28.3006,9.2,8.5,5.4,31.1,9,7.4,13.1,9.3,0.032,0,0.5862,0.1439
"Watauga",9208,2452,0,7.75,22.39,0,0,99.69,8.42,82.77,7.48,4.7,"less_25",22.0108,7,4.8,1.3,36.9,8.6,9.3,11.1,10.7,0.0062,0.4,0.251,0.1625
"Watauga",9209,4474,0,7.66,21.15,0,0,100,5.67,17.19,2.68,3.6,"less_25",34.7154,13.8,9.4,3.6,32.7,9.2,7.1,13.6,9.9,0.0028,0,0.489,0.0911
"Watauga",9210,676,0,7.67,20.64,0,0,100,6.5,0,8.5,5.9,"less_25",22.3373,3.9,6.8,7.5,36.1,8.8,8.7,11.4,10.8,0.0012,0.4,0.2312,0.1505
"Wayne",1.01,7459,0,9.38,29.37,0,0,0,4.13,22.1,0,29.3,"btwn_25_50",38.0223,14.9,14.1,2.1,34.6,9.7,6.5,15.4,11.2,0.1713,0,0.641,0.2438
"Wayne",1.02,6617,0,9.39,30.4,0,0,0,4.75,49.48,0.92,22.7,"less_25",16.8863,6.1,7,5.6,30.5,8.9,6.2,12.8,9.1,0.6323,0,0.3781,0.3608
"Wayne",2,3049,0,9.24,28.87,0,0,0,5,2.65,10.46,30.5,"btwn_25_50",40.1653,17,15.5,3.3,41,10.1,7.4,14.8,14.6,0.2072,0.4,0.786,0.5717
"Wayne",3.02,5780,0,9.19,30.41,0,0,0,5.44,58.03,10.49,45.4,"btwn_25_50",38.2353,11.9,13.4,4.5,38.3,10.2,6.6,15,14,0.244,0.4,0.7589,0.5765
"Wayne",3.03,6812,0,9.25,30.37,0,0,0,3.58,45.1,9.56,25.9,"btwn_25_50",32.6269,10.8,11,1,34.2,10.1,6.2,15.6,11.4,0.2338,0.2,0.579,0.3621
"Wayne",3.04,5290,0,9.31,30.11,0,0,0,5.67,16.96,3.78,33,"btwn_25_50",42.5536,14.6,16.8,5.5,36.5,10.2,6.9,16,12.6,0.5709,0.6,0.7819,0.8046
"Wayne",4.01,6233,0,9.08,29.89,0,0,10.83,4.44,35.85,4.33,33,"btwn_25_50",34.2885,7.1,11.8,2,38.4,9.6,7.2,14,12.3,0.3202,0.4,0.5336,0.4999
"Wayne",4.02,4655,0.33,9.22,32.94,0.1,0,0.01,5.28,23.07,1.85,46.7,"btwn_25_50",42.8756,12.8,12.7,10.9,39.9,10.6,6.3,17.5,14.5,0.6831,0.8,0.7332,0.8842
"Wayne",5,3058,0.33,9.32,39.05,50.39,0,0,5.58,8.01,14.73,41.8,"btwn_25_50",50,1,2.7,3.5,13.8,9,1.4,17.3,2.5,0.918,0.2,0.4746,0.6643
"Wayne",6.01,4615,0.33,9.31,31.8,0,0,0,3.67,28.35,0.17,73.8,"btwn_50_75",63.5003,20,27.2,8.7,43,11.8,5.7,18.9,17.7,0.6266,0.8,0.9955,0.9372
"Wayne",6.02,8694,0.33,9.09,29.56,0,0,10.09,3.3,0.97,2.88,59.8,"btwn_50_75",56.093,18.2,33.8,7.2,35.9,10.9,5.2,19.3,14.6,0.5174,0.8,0.9145,0.8886
"Wayne",7,2804,0.33,9.15,29.27,0,0,0,6.28,18.05,20.47,71.1,"btwn_50_75",43.1526,14.7,25.5,10,49.2,12.4,7.1,18.6,21.6,0.7071,0.8,0.9607,0.9481
"Wayne",8,2669,0.33,9.21,29.59,0,0,0,8.17,52.28,8.27,43.2,"btwn_25_50",36.0718,14.1,19.4,1.8,37.8,10.5,7.3,16.1,13.8,0.5781,0.8,0.7548,0.8608
"Wayne",9.01,5335,0.33,9.38,31.41,0,0,5.92,3.94,33.43,4.54,49.3,"btwn_25_50",33.9644,16.8,20.4,4.5,37.8,10.5,6.6,16.5,13.3,0.3251,0.8,0.8004,0.7951
"Wayne",9.02,5042,0.33,9.28,31.63,0,0,0,5.56,54.1,5.12,54.6,"btwn_50_75",56.9795,17,20,2.6,40.2,10.9,6.9,17.4,16.5,0.7057,0.8,0.9397,0.9428
"Wayne",10,4386,0.33,9.31,29.22,0,0,0,2.56,28.38,8.27,13.7,"less_25",35.4081,17.9,16,3.5,36.9,9.5,7.4,14.8,11.7,0.174,0.2,0.629,0.3567
"Wayne",11.01,7442,0.33,9.42,30.58,0,0,2.65,4.96,25.84,3.91,27.7,"btwn_25_50",33.5366,11.9,12.5,3.7,34.4,9.8,5.8,16.5,11.8,0.2555,0.2,0.6809,0.4336
"Wayne",11.02,3486,0.33,9.42,31.42,0,0,3.66,6,87.59,0,21.5,"less_25",30.2531,8.8,5.1,3.4,35,9.1,7.3,12.8,11.2,0.342,0.2,0.4935,0.3755
"Wayne",12,3704,0,9.38,34.31,0,0,0,8.42,97.29,16.58,55.5,"btwn_50_75",40.9972,10.3,11.1,5.4,46,10,9.2,13.5,16.3,0.4443,0.6,0.8816,0.7953
"Wayne",13.01,6270,0,9.33,33.19,0,0,0,8.11,98.86,27.63,60,"btwn_50_75",22.2852,5.5,11.3,12.3,35.8,9.5,6.7,13.1,11.3,0.3601,0.2,0.6837,0.4942
"Wayne",13.02,3807,0,9.34,35.95,0,0,0,9.5,86.14,40.1,44.4,"btwn_25_50",46.8758,10.6,5.7,5.4,37.5,9.3,7.9,13.4,12.8,0.6799,0.6,0.7168,0.8201
"Wayne",14,6167,0.33,9.36,33.52,16.99,0,0,6.1,0,43.88,78.2,"greater_75",58.1156,9.6,16.7,19.2,48.9,12.3,7.1,17.6,20.7,0.8903,0.8,0.947,0.9825
"Wayne",15,2314,0.33,9.36,32.57,4.57,0,18.82,8.08,63.38,10.71,93.7,"greater_75",68.4529,15.2,13.3,20.3,52.7,12.5,6.9,17.5,22.5,0.9624,0.8,0.9707,0.9951
"Wayne",18,2233,0.33,9.39,33.28,0,0,2.53,9.5,97.17,0,84.5,"greater_75",67.4877,13.8,20.9,11.1,47.6,13.4,5.9,20.8,21.7,0.6019,0.8,0.959,0.9224
"Wayne",19,4716,0,9.36,37.17,0,0,0,10.22,86.53,28.11,77.3,"greater_75",70.0415,12.7,18.4,18,49.5,12.4,7.7,19,21.3,0.5708,1,0.9767,0.9664
"Wayne",20,966,0.33,9.39,32.86,0,0,88.19,8.75,99.94,0,75.7,"greater_75",74.6377,7.6,18.9,9.2,51.7,12.3,6.9,17.6,22.7,0.4906,0.8,0.9755,0.8979
"Wilkes",9601,7234,0,8.52,27.41,0,0,0,3.67,3.79,3.1,11.7,"less_25",29.6931,8,15.3,7.9,37.9,10.1,8.1,15.2,12.2,0.3231,0.4,0.5673,0.5188
"Wilkes",9602,3585,0,8.23,24.42,0,0,17.16,3.5,17.98,0,7.2,"less_25",43.2636,10.9,15.1,0.4,39.2,10.5,7.7,16.6,13.4,0.0647,1,0.555,0.6765
"Wilkes",9603,6462,0,8.43,27.87,0,0,0,3.46,0,0.72,10.3,"less_25",58.5281,20.6,25.4,16,38.8,11.2,7.4,18.6,14.4,0.3123,0.8,0.74,0.7683
"Wilkes",9604,7470,0,8.03,25.95,0,0,33.67,3.06,0,1.06,8,"less_25",40.5756,7.9,19.6,4.9,38.4,10.6,7.9,16.6,13.1,0.0103,1,0.5482,0.6489
"Wilkes",9605,3177,0,8.43,29.15,0,0,0,6.72,0,2.16,32.8,"btwn_25_50",53.3207,17.4,27.7,5.6,40.9,10.9,7.8,17,15.1,0.2595,1,0.9095,0.8712
"Wilkes",9606,2438,0,8.53,30.48,0,0,0,9,0,0.77,32.1,"btwn_25_50",53.0689,11.1,25.6,4,43.3,11.1,7.9,17.3,15.5,0.4705,1,0.9562,0.9383
"Wilkes",9607,3663,0,8.44,30.31,0,0,0,5.83,27.9,0,17.4,"less_25",49.8579,17.4,30.3,3.1,43.9,11.4,9,18.1,16.4,0.3698,1,0.8467,0.8843
"Wilkes",9608.01,4018,0,8.22,25.16,0,0,1.4,2.89,0,0,6.5,"less_25",45.2962,11,20.4,6.2,37.5,11,7.3,17.9,13.1,0.0122,0.8,0.6221,0.5916
"Wilkes",9608.02,4853,0,8.34,27.71,0,0,0,5.25,58.6,13.71,7.3,"less_25",42.624,7.3,17.5,6,39.4,10.4,8.2,16.1,13.6,0.2656,1,0.6098,0.7772
"Wilkes",9609,4714,0,7.96,24.48,0,0,16.6,3.04,11.97,4.09,2.4,"less_25",45.5028,12.7,19.3,5.6,39.9,10.5,8.5,15.8,14.1,0.0206,1,0.5372,0.6484
"Wilkes",9610.01,4294,0,8.51,28.46,0,0,0,5.83,1.58,6.84,10.4,"less_25",40.2151,14.7,16.6,1.1,38.1,10,7.8,14.6,12.1,0.1559,0.4,0.676,0.4871
"Wilkes",9610.02,5420,0,8.74,31.14,0,0,0,5.56,15.09,0,15.6,"less_25",24.9667,6.4,7.5,2.8,36.8,9.3,8.6,12.8,12,0.2386,0.4,0.4863,0.4272
"Wilkes",9611,3622,0,8.61,31.43,0,0,0,7.67,45.12,0,28.3,"btwn_25_50",36.4632,7,24.6,0.6,40.5,10.4,8.2,15.4,14.3,0.49,0.8,0.8476,0.8619
"Wilkes",9612,7519,0,8.82,29.21,0,0,0,3.8,19.06,3.77,11.4,"less_25",32.8045,10.6,22.7,3.7,37.9,10,8.1,15,12.3,0.1752,0.6,0.5772,0.5513
"Wilson",1,3831,0,9.27,32.19,48.72,0,0,10.38,51.1,20.9,78.7,"greater_75",58.2844,19.3,22.1,7.5,39.5,12.4,4.8,19.9,16.2,0.8899,0.8,0.954,0.9837
"Wilson",2,1213,0,9.28,32.19,100,0,0,9.83,87.41,49.52,92.3,"greater_75",94.3026,24.8,46.2,26.1,45.7,14.5,4.3,25.6,22.2,0.9138,0.8,0.9988,0.993
"Wilson",3,2231,0,9.29,32.94,100,0,0,11,100,40.57,86.5,"greater_75",68.9079,24.6,33.5,17.7,49.9,14,5.9,22.2,23.1,0.933,0.8,0.9938,0.9946
"Wilson",4,8326,0,9.32,34.77,11.73,0,0,9.38,80.77,28.01,61,"btwn_50_75",42.1552,11.7,20.4,8.3,42.3,10.9,8,14.8,15,0.7799,0.8,0.853,0.94
"Wilson",5.01,3704,0,9.29,32.79,0,0,0,7.08,92.65,51.69,18.3,"less_25",12.1878,4.1,11,3.9,36.4,8.8,9.7,10.8,11.1,0.7238,0.4,0.1929,0.5332
"Wilson",5.02,4971,0,9.3,31.68,0,0,0,8.56,39.3,49.9,46.3,"btwn_25_50",32.3878,6.9,10.1,7.8,35.4,9.7,7.4,13.1,11,0.5388,0.2,0.4516,0.4637
"Wilson",6,7821,0,9.26,31.79,0,0,0,8.23,2.06,0.1,56.9,"btwn_50_75",42.054,14,12.6,7.6,38.2,10.5,7,14.5,13.4,0.3976,0.6,0.7961,0.7472
"Wilson",7,4853,0,9.22,31.87,0.59,0,0,7.92,78.41,1.11,94.4,"greater_75",68.918,10.4,40.5,9,47.2,13.6,6.3,20.1,23.1,0.7559,0.8,0.9997,0.9683
"Wilson",8.01,1740,0,9.27,32.96,72.53,0,0,9.89,100,53.05,98.4,"greater_75",76.2069,25,52.1,19.4,52.8,14.5,6.2,22.6,28.4,0.9134,0.8,0.9972,0.9927
"Wilson",8.02,3809,0,9.24,31.91,0.61,0,0,5.17,90.29,28.43,81.5,"greater_75",72.2281,24.4,23.4,10.3,46.4,13.1,6.2,20.1,21.5,0.8394,0.8,0.9909,0.9815
"Wilson",9,4311,0,9.28,30.28,0,0,0,3.83,37.76,16.03,25.8,"btwn_25_50",36.4399,10.4,21.1,9.9,36.7,10.2,7.1,15.8,12.6,0.4978,0.6,0.6885,0.7443
"Wilson",10,1586,0,9.17,28.72,0,0,0,5.67,1.81,24.47,49,"btwn_25_50",39.1551,10.8,20.1,9.3,43.1,10.8,7.2,15.6,15.4,0.2627,0.8,0.8566,0.7931
"Wilson",11,1505,0,9.01,29.25,0,0,0,3,38.7,7.85,48.9,"btwn_25_50",43.9867,18.6,22.7,10.9,43.9,11,7.4,15.8,17.2,0.2456,0.8,0.8009,0.7662
"Wilson",12,3473,0,9.1,30.02,0,0,0,3.72,21.57,0,48.6,"btwn_25_50",45.4074,8.9,26.1,6.9,40.4,10.9,6.8,16.3,15.5,0.3088,0.8,0.7847,0.7838
"Wilson",13,5530,0,9.14,29.65,0,0,0,4.92,26.22,4.84,42.5,"btwn_25_50",37.83,5.5,17.1,7.9,40.7,10.8,7.3,15.3,14.6,0.4805,0.6,0.7544,0.7621
"Wilson",14,9398,0,9.27,31.39,0,0,0,7.08,41.72,3.29,39.2,"btwn_25_50",23.3348,5.9,9.3,4.5,31.5,9.4,6.3,12.6,9.4,0.4066,0,0.3815,0.2308
"Wilson",15,5686,0,9.35,30.74,0,0,0,4.61,46.7,6.34,38.7,"btwn_25_50",30.0161,10.6,12.9,6.7,33.7,10.2,6.6,15.8,12.4,0.2882,0.4,0.7132,0.5758
"Wilson",16,3491,0,9.37,30.84,0,0,0,3.44,56.75,1.99,40.9,"btwn_25_50",46.7488,16.8,21.3,4.7,37.1,10.6,6.7,16.2,13.4,0.2358,0.8,0.8168,0.7685
"Wilson",17,3956,0,9.34,30.52,0,0,0,3.56,55.06,1.39,31.4,"btwn_25_50",41.5733,16,23.1,5.6,37.6,10.9,6.9,17.4,14.3,0.277,0.8,0.8369,0.7912
"Yadkin",501.01,6217,0.33,8.89,30.63,0,0,13.37,4.11,1.59,4.39,11.3,"less_25",33.77,7.3,15.2,5.7,36.1,10,7.3,15.8,12.1,0.2228,0.4,0.5799,0.4705
"Yadkin",501.02,3831,0,8.81,30.15,0,0,0.01,3.5,0,7.22,12.1,"less_25",34.273,8,17.2,4.2,34.9,9.9,7.5,15.4,11.8,0.0814,0.4,0.5304,0.3616
"Yadkin",502,4320,0,8.8,28.82,0,0,0,5.56,32.78,3.77,10.3,"less_25",42.5,10.8,20.3,3.5,36.8,10.2,7.9,15.7,13.2,0.3879,0.8,0.7262,0.7913
"Yadkin",503,6104,0,8.8,30.8,0,0,0,5.92,37.22,2.28,20.1,"less_25",46.178,11.6,16.9,1.5,40.2,10.6,8.1,16.8,14.6,0.2708,1,0.7227,0.819
"Yadkin",504,6186,0.33,9,30.16,0,0,0,3.97,59.24,0,19.3,"less_25",40.1067,18,22.1,1.2,35.6,10.1,7.2,16.2,12.7,0.2276,0.6,0.7671,0.6654
"Yadkin",505.01,6587,0.33,9,30.63,0,0,12.33,6.97,57.67,3.16,19.2,"less_25",36.7225,9.5,13.1,6.7,37.1,9.7,7.9,14.9,12.6,0.5961,0.6,0.7721,0.8103
"Yadkin",505.02,4357,0.33,9.09,31.2,0,0,0.17,4.39,33.01,3.03,14.1,"less_25",31.2026,9,20.9,8.2,37.3,10,7.8,15.3,12.3,0.1812,0.6,0.6515,0.5909
"Yancey",9601.01,3717,0.33,7.94,21.6,0,0,100,5.75,7.66,0,8.3,"less_25",47.7805,10.3,21.1,6.8,39,10.3,8.5,15.6,14,0.0265,0.8,0.7082,0.6389
"Yancey",9601.02,1995,0.33,7.88,22.25,0,0,100,3.33,21.98,0.2,12.8,"less_25",55.3383,16.1,17.7,3.5,40.1,10.5,8.1,17,14.7,0.0693,1,0.7699,0.7637
"Yancey",9602,4605,0.67,7.89,21.66,0,0,100,6.13,21.74,1.34,8.3,"less_25",40.6346,14,16.7,3.5,41,9.9,8.9,15,13.8,0.083,0.6,0.7525,0.5921
"Yancey",9603,3017,0.33,7.88,21.16,0,0,100,7,9.21,0,7.7,"less_25",47.6501,14.4,14.4,8.7,40.5,9.6,9.1,14.3,13.7,0.0219,0.6,0.8856,0.6266
"Yancey",9604,4426,0.67,7.9,21.44,0,0,100,5.11,42.9,3.19,3.5,"less_25",38.2906,11.9,8.9,3.7,37,9.4,8.5,13.5,11.8,0.0722,0.4,0.3813,0.2673
